,Actual,L_Predicted,DTR_Predicted,RFR_Predict,HGBR_Predict
0,500001.0,363585.599885282,420300.0,447028.57,434272.92384830763
1,248600.0,264854.0848932718,266200.0,257039.0,258079.46852061347
2,97300.0,61124.69286314407,96700.0,84387.0,84785.08686861806
3,118800.0,104145.56992692323,116300.0,102983.0,98614.1986194148
4,158000.0,174336.3827008952,157700.0,206939.0,221207.34636489692
5,100000.0,127194.43114934601,163500.0,113305.0,105284.8191097034
6,57400.0,136618.54271947662,59500.0,76160.0,73448.4020778987
7,293300.0,226596.08134318187,243200.0,253574.0,229015.96553085913
8,155800.0,228983.19880822307,193200.0,155945.0,164477.06149822826
9,192700.0,252577.86096123385,170800.0,191940.0,187719.4328905827
10,210300.0,215701.31514691297,146100.0,204136.0,213072.41058007572
11,172300.0,218639.05911634068,162500.0,186398.0,197955.0519196374
12,285800.0,327419.99042316846,364500.0,347145.02,300532.90075839456
13,61700.0,82101.06670486189,64300.0,69341.0,70954.29294385064
14,179300.0,246026.18961706763,203300.0,231475.0,240748.0421308479
15,97500.0,160334.7503923311,84600.0,99510.0,135801.5433968814
16,144400.0,151937.88929759664,137900.0,151250.0,166769.42026690944
17,158900.0,142506.57317674157,125000.0,141570.0,111300.91291444482
18,275900.0,270311.96527952154,284900.0,297166.0,290867.9401765489
19,104600.0,84422.44349732902,105100.0,91856.0,88900.27874259421
20,180900.0,125913.5942642213,162800.0,178324.0,179668.69000390676
21,117600.0,141478.85680598536,117200.0,113805.0,128802.7255201401
22,222300.0,208452.20191673422,131800.0,182728.0,183673.0114627025
23,239300.0,220629.09527562567,194800.0,205574.0,236704.53519640764
24,269800.0,256123.13217051848,271400.0,268057.0,255912.47020724317
25,138800.0,138469.8977091614,159700.0,136461.0,122189.10756764896
26,144200.0,285627.53820096585,232400.0,234051.0,246014.38955881068
27,70200.0,78717.18658793863,66100.0,81394.0,72933.8278364892
28,229900.0,207048.68972109156,176100.0,190869.0,205254.04714277558
29,247200.0,288917.2368234233,264700.0,297440.03,283481.5882175998
30,150900.0,162672.36807073004,140400.0,146851.0,157036.6608480327
31,296600.0,274830.9397190802,273500.0,249456.0,239634.69251993488
32,131900.0,94367.85789633523,68500.0,133179.0,131717.67034083244
33,267400.0,257935.11159466542,265900.0,275619.0,272784.78308014874
34,161700.0,260978.041656872,300000.0,199228.01,199857.0497417335
35,187500.0,123342.32529870138,143800.0,137912.0,155096.2233040635
36,83600.0,113047.63078317727,67600.0,72259.0,67755.3781810417
37,182400.0,219138.94252473564,187500.0,209606.0,186569.69391577464
38,185000.0,264350.9533092297,173900.0,194866.0,186785.63963372703
39,127900.0,89821.63557032672,139300.0,119311.0,142786.352850449
40,92500.0,148850.66579943872,90200.0,95544.0,98183.64214616572
41,176800.0,167158.60552786253,190300.0,182320.0,175438.7389972172
42,119900.0,140221.21489601716,98400.0,148630.0,121784.6653438326
43,116100.0,225725.65180181997,125000.0,156600.0,179844.1440793915
44,291700.0,286233.8288350374,227800.0,252185.02,228213.563071971
45,277300.0,298018.34387517336,272200.0,292739.01,311127.2052684763
46,132800.0,150547.192476717,117000.0,127004.01,114677.69122240822
47,231900.0,266695.94155771035,211400.0,284856.0,257991.1795360479
48,88300.0,143293.7158250484,96000.0,97460.0,110166.85159326569
49,80000.0,90221.70401814205,47500.0,64187.0,70117.45233968986
50,109100.0,185753.64470204554,118200.0,123162.0,130701.37629236965
51,163300.0,188148.24194934082,176000.0,163573.0,163811.7552223091
52,109900.0,151495.6399570211,137500.0,119437.0,120554.39355437034
53,300000.0,213701.67622753308,238000.0,278750.01,269366.707549953
54,184600.0,169744.80487017118,178400.0,179120.0,166735.10346833913
55,216000.0,253053.11817352608,213800.0,225499.0,217608.58337304214
56,227600.0,311195.70443953254,252200.0,280446.03,295381.5259999211
57,225000.0,233149.5175215266,270500.0,261045.02,321333.334767484
58,161500.0,212921.9102046169,137500.0,161846.0,158380.68696912072
59,194100.0,196230.7368821322,217400.0,174290.0,189077.2896987976
60,208800.0,222610.4618918822,194700.0,201834.0,191538.15466698442
61,230400.0,265649.40716369083,256300.0,244586.0,242451.5295953025
62,364200.0,244336.37892386853,179100.0,284743.0,246344.28325900593
63,184900.0,166439.8628140922,261600.0,194528.0,169440.58581646308
64,500001.0,470596.63974272157,500001.0,480378.73,473044.6639277403
65,286000.0,271908.99954797246,305600.0,266461.01,266836.76202666777
66,165300.0,211238.9813628024,55000.0,206912.0,197143.14936684407
67,500001.0,439339.9710561258,498600.0,460319.31,427268.1188840217
68,68200.0,97179.99493745979,89400.0,108946.0,104429.03515603194
69,321300.0,245859.70679567638,324300.0,344900.09,331992.61506188044
70,67500.0,94703.9918435907,79800.0,62250.0,65978.67517519886
71,90000.0,123641.71294768088,67600.0,77035.0,80102.86889344992
72,93800.0,72595.57727784381,87600.0,96826.0,128341.80091381236
73,185400.0,201195.19747518533,202100.0,178184.0,188759.10211593998
74,138700.0,135032.76711946697,136600.0,139846.0,137910.33496277797
75,221300.0,292272.36070598423,185000.0,225785.0,273886.74100728775
76,108900.0,117968.68393434814,118300.0,112590.0,108384.26607507594
77,500001.0,404682.8976315359,500001.0,497977.93,500928.37524813693
78,238000.0,179190.62716049253,165100.0,184902.0,162548.1109489425
79,140200.0,149364.4578309002,177900.0,167022.0,131616.68144226517
80,109400.0,174155.18640649662,162500.0,180111.0,155582.1806182489
81,253800.0,318955.28333118744,332200.0,336339.04,313807.9448578338
82,234600.0,193129.71508783058,132200.0,160238.0,174935.0186223042
83,194400.0,223595.4386396809,183200.0,205257.0,184451.5311833238
84,158800.0,217980.69228982442,149300.0,130614.0,152038.02966898898
85,331000.0,295037.8575693756,329200.0,323312.01,325160.78227457363
86,332500.0,281365.40560447593,259300.0,252986.0,248220.40874080246
87,396000.0,246798.26343912768,500001.0,405903.2,427144.39051422843
88,72100.0,123132.77452971027,165600.0,86220.0,96324.86428701747
89,185100.0,180544.47800661327,180600.0,184285.0,184908.06873159992
90,94200.0,73950.6834114462,111400.0,95410.0,88815.21698866916
91,175800.0,219877.23830913758,210900.0,214978.0,189553.58998633272
92,241500.0,232795.68669717075,275700.0,269652.0,268076.54725683265
93,352100.0,324116.9573424183,487800.0,423568.06,409373.0935441827
94,230700.0,263077.8669732401,234200.0,251682.01,223918.77780504257
95,500001.0,472702.4942290652,417000.0,480650.6,460548.5532571128
96,94700.0,98434.52761156298,85800.0,98233.0,106199.0079484294
97,230700.0,271266.8668181844,242200.0,260191.0,246100.4526620144
98,142900.0,185511.4094896356,277000.0,196318.0,151565.6998793764
99,179500.0,236908.4351869201,166500.0,184322.0,182696.81975118615
100,284900.0,308491.92011803424,314000.0,307698.03,313561.2088460491
101,142900.0,224666.32243152993,450000.0,210542.0,222059.3305386247
102,172900.0,123759.11891777106,115300.0,146150.0,120241.63354402912
103,119500.0,153850.28191922986,125000.0,119718.0,132276.042218961
104,115900.0,119347.26449342906,118300.0,143934.0,168707.87524770063
105,247100.0,288645.80266144336,359600.0,318247.01,269026.44310979015
106,176700.0,183842.591835006,220000.0,190024.0,218205.58842077045
107,218800.0,140094.86028177128,131300.0,149829.02,139553.47060913773
108,73600.0,190567.6100792066,92800.0,109773.0,121280.09005682301
109,159900.0,152217.41399738233,183900.0,183481.0,174730.67083917398
110,77700.0,62098.951861470734,83000.0,81419.0,80566.50614951306
111,176600.0,221965.20738016462,206700.0,195515.0,178626.68526556814
112,174300.0,277015.09413740126,500001.0,260467.09,230391.36531497337
113,355000.0,297312.0791115842,345700.0,334136.06,357594.01133456925
114,500001.0,177354.68040437682,450000.0,286650.09,299617.7364035851
115,232300.0,189246.3551132204,188700.0,188996.0,201541.90758199358
116,191100.0,280255.3457967131,191000.0,216594.01,202518.04536865515
117,270800.0,284494.31951992406,263900.0,272004.0,276953.3767848544
118,177500.0,127057.47130817578,162500.0,145241.0,132901.8651165227
119,41800.0,76280.74561203847,78100.0,87567.0,74989.42302262879
120,156300.0,261565.56646271123,186500.0,197465.0,211395.38965262574
121,386100.0,437222.65061984444,477700.0,478418.42,444757.1170174483
122,174900.0,235212.27972329844,166300.0,171161.0,154358.61986588614
123,142000.0,150452.23015503382,147100.0,158236.0,166706.30936509286
124,159000.0,202891.32495942607,164100.0,150404.0,168433.62103589284
125,116300.0,101724.93930348518,168300.0,121604.0,112735.6989891961
126,87100.0,164707.4622468862,96900.0,118468.0,103304.81338444397
127,318700.0,279100.00620614365,227700.0,245748.01,274373.4857537312
128,288000.0,289767.5447099163,233200.0,276432.0,295602.33119440236
129,500001.0,365215.1831643294,480800.0,395385.06,416990.34159315244
130,500001.0,225005.092648603,317100.0,235555.01,275510.136959716
131,137500.0,171833.04099656618,147100.0,163834.0,164300.70753536237
132,214200.0,255229.33958349883,319000.0,245703.06,223627.2536483121
133,322700.0,325757.8103481344,328500.0,352345.03,320783.129634331
134,154200.0,129965.45638022009,138800.0,147177.0,151117.84810537082
135,54600.0,64405.44189541772,64600.0,54194.0,62316.79604102311
136,189800.0,264346.3056190484,211900.0,230512.0,225634.3952316416
137,173100.0,187375.92262124806,127200.0,179553.0,178411.63506103755
138,83800.0,48652.43404287973,67000.0,92084.0,79051.41549377854
139,366700.0,293510.48601045855,337200.0,300714.0,328869.42962067656
140,99200.0,183215.92200518257,109100.0,139845.0,129643.1535318401
141,207400.0,192894.26407178945,157100.0,201895.0,206952.38580534907
142,195300.0,225242.00268127347,205900.0,192626.0,173145.66817300272
143,259200.0,206336.25128556657,224500.0,219276.03,210302.2417435872
144,274300.0,274364.3164927355,305600.0,283521.01,249202.63466993978
145,450000.0,179605.2383318363,500001.0,341290.2,305790.6711189541
146,119300.0,138641.41090074994,109000.0,121128.0,93903.91364172519
147,87500.0,167516.44454445917,142600.0,193455.01,186080.3658852029
148,97800.0,15053.896676193224,212500.0,134982.0,86545.39628913597
149,140700.0,90945.43573070431,122900.0,126331.0,102996.69552029247
150,210000.0,146558.83991564024,71200.0,163724.0,199134.4504012991
151,206800.0,208950.95922304876,241400.0,221553.01,206503.79411996956
152,316700.0,208671.5026285955,350000.0,215748.01,222371.70896011873
153,290600.0,203785.51258041163,178600.0,231055.01,243603.85248208625
154,141800.0,180362.1879817095,145500.0,157574.0,163198.79710065707
155,104300.0,118823.86987439496,119400.0,126412.0,114810.71575722509
156,500001.0,369913.4929784329,500001.0,466866.62,510316.0377724989
157,183300.0,207301.12550629376,244400.0,214013.0,213171.39304743079
158,354100.0,282352.868821131,273700.0,322969.04,350579.39896817465
159,160600.0,155596.3590727427,153000.0,166644.0,155554.83867748384
160,182900.0,214516.96588350678,187500.0,194822.0,181449.27099167174
161,170000.0,166295.8568324096,167700.0,191523.0,172801.79365584924
162,152200.0,173755.69286594956,136100.0,169747.0,168997.7775420815
163,165100.0,232509.04851926595,132900.0,162142.0,162144.25059046358
164,105800.0,149513.76464514714,124700.0,120899.0,129955.56990830577
165,182800.0,240972.93205592188,150800.0,158964.0,194460.76511468948
166,151700.0,122369.1481596216,123200.0,189749.0,179259.84267928154
167,120900.0,149114.07678121742,94400.0,105503.0,140955.66020110063
168,138000.0,155547.35335827735,107600.0,141304.0,119081.27426277248
169,110500.0,159858.20798282724,96200.0,151390.0,134553.3770292367
170,112500.0,177442.40332469696,500000.0,273817.07,256374.48049640126
171,156500.0,139465.07893784926,122500.0,120448.0,122012.13742082189
172,143800.0,106382.3089464436,175000.0,148355.0,133306.73611870848
173,314300.0,281010.22853906965,320200.0,317642.0,332110.97999979986
174,75000.0,15179.469515146164,68300.0,77485.0,57257.61011669156
175,500001.0,481545.51575542137,500001.0,499062.99,497316.59331469226
176,425000.0,271927.80542744213,366700.0,411891.18,395951.93599075044
177,282400.0,314550.77021389845,452300.0,346989.1,318015.69347423734
178,177300.0,194197.5440008705,231300.0,166092.0,156612.10131176043
179,110200.0,103168.46220327457,68500.0,87157.0,72504.01487567423
180,178900.0,281547.86725606816,218700.0,257468.0,241529.9145650859
181,208600.0,271823.8593381955,271300.0,268451.0,246353.23941569094
182,201900.0,212755.75996486272,212500.0,198824.0,181836.12066375974
183,340100.0,293823.6328814747,254800.0,254802.0,281801.87723084184
184,150300.0,225419.25406904414,149700.0,231742.0,182773.77828860513
185,125000.0,106152.38023473797,114200.0,129938.01,133095.97534442102
186,246600.0,289032.6709091164,454400.0,286281.02,326783.3426486778
187,338800.0,275714.20317163155,349500.0,361205.04,328965.33983299544
188,289400.0,249291.94789640082,286800.0,228464.0,226291.19628716362
189,272400.0,289611.39868995646,233500.0,291065.02,272197.46060097386
190,91200.0,58932.66355475888,68900.0,73227.0,76729.73003336514
191,258400.0,211905.07137259562,172100.0,206983.0,239151.61580598628
192,162500.0,169913.5200608846,150000.0,147508.0,134671.61946960987
193,199100.0,211046.0044520311,203200.0,184923.0,171954.63062330335
194,436700.0,326823.79423302354,500001.0,450072.21,440149.4263657047
195,333700.0,337126.1364028124,275100.0,340019.04,320061.12719769904
196,85700.0,160447.19117597552,91400.0,86929.0,93483.71175486494
197,70900.0,105703.18054914722,82300.0,78343.0,81987.38151707512
198,130500.0,97092.62585738773,144000.0,143705.0,120717.68281582108
199,225400.0,267958.10937313986,191100.0,236741.0,225992.14529764355
200,194000.0,289564.0088890731,268200.0,279322.02,280818.50564289966
201,214800.0,236714.88441397776,87500.0,187809.0,195823.96699815578
202,267500.0,296603.93463904026,255700.0,281174.01,275195.78812431777
203,179500.0,231343.4234601277,214600.0,197816.0,210935.40063397796
204,182100.0,254863.93977032346,274400.0,223088.0,228599.58546674895
205,430900.0,228521.15456325788,500001.0,303016.14,317023.78918049444
206,264700.0,183996.96361070123,272200.0,223541.0,156083.96581799298
207,336500.0,377905.6868653672,286600.0,416195.28,386906.92712700437
208,247900.0,213769.07741543278,270300.0,241035.0,211781.15366285716
209,244200.0,149281.1674222854,144600.0,132300.0,135483.44441945566
210,250000.0,224042.88137207247,266700.0,291873.04,316512.14814655046
211,110400.0,101364.62001119324,81400.0,84341.0,77580.19575514503
212,51700.0,50575.29267973866,67500.0,61833.0,81937.05283659001
213,326600.0,356938.4629792422,410200.0,373311.01,355023.0039594219
214,392700.0,369005.22189623106,467600.0,449481.36,431473.4392758687
215,196100.0,169828.61498053002,124700.0,146515.0,154706.55072927737
216,217300.0,258104.5922038201,276200.0,253747.02,219484.71467705598
217,218600.0,188733.55866901574,167900.0,185899.0,182636.59989093104
218,103100.0,128232.52468973795,159400.0,110387.0,99020.36242853191
219,100000.0,120391.12535157501,93400.0,105927.0,113196.24061810231
220,214600.0,203317.2013267965,150800.0,218758.0,208648.77213436327
221,104800.0,182633.37855202518,108600.0,115488.0,136691.1023871513
222,312500.0,321798.71510680474,296100.0,333397.03,336740.5281539962
223,500001.0,215243.71435469887,276300.0,357316.09,364536.3207187544
224,239700.0,202221.17956183493,231300.0,217408.0,198478.92168800673
225,73600.0,118738.44307302817,116700.0,109610.0,88362.17825650175
226,354300.0,314919.36276294605,369700.0,404592.15,310817.76985886745
227,187500.0,324125.13499384077,222700.0,325515.16,316941.6016006005
228,97700.0,125058.05459307285,131000.0,129716.0,115390.35438765808
229,135600.0,126808.25169681522,110400.0,119312.0,128357.48993207431
230,102800.0,107965.07913999389,143800.0,113181.0,111930.26148632632
231,382200.0,285528.7487657247,400000.0,377295.12,402242.87347051565
232,139200.0,157153.05089830008,124000.0,141123.0,147435.8087741701
233,235200.0,195397.17571424594,167100.0,166121.0,203483.51637850414
234,227100.0,218076.0035742282,174500.0,222351.0,189715.55491074256
235,75000.0,80564.11009571678,113900.0,90277.0,77245.82437917862
236,243800.0,185958.40855465765,145600.0,224120.0,163195.88570644084
237,500001.0,457118.7205031386,500001.0,450726.53,435314.7147494218
238,195600.0,258886.31677924952,173700.0,203902.0,185504.57879318565
239,282100.0,223119.80453868496,220800.0,208162.0,192845.31929251607
240,98500.0,151573.4205860887,128500.0,140146.0,150604.87788567162
241,75300.0,87380.87429512545,136700.0,95094.0,72101.22272099683
242,152500.0,130611.4104564542,162500.0,217337.0,188691.30521393567
243,94700.0,99544.3983387613,73000.0,90377.0,106986.06470895626
244,230900.0,264376.69204546156,213100.0,239342.0,240547.47945681858
245,58400.0,105890.29155992743,80600.0,87353.0,90618.96521610701
246,50000.0,39437.6140203526,90000.0,79627.0,81167.65190290265
247,232000.0,221843.2625750414,213200.0,240420.01,220799.39076975224
248,198100.0,212506.7808450911,194600.0,152656.0,155905.06954256154
249,380400.0,275272.13567657163,372300.0,408399.14,440630.393369846
250,270600.0,269831.4465849357,241700.0,320073.01,304382.6038274873
251,162600.0,219213.38076614865,164800.0,166627.0,176022.0929403962
252,302700.0,342080.2783206451,302500.0,343845.06,357591.595217427
253,109500.0,89902.88135715044,77500.0,80984.0,83558.81807304271
254,192100.0,190162.73557606956,205500.0,188364.0,192902.55202599554
255,158100.0,237254.71152321348,164500.0,170341.0,182120.51487812665
256,107100.0,105242.48739092526,105100.0,125299.0,124263.91916043378
257,147700.0,168845.47713703575,161800.0,133999.0,125701.70715568571
258,346000.0,231224.0559065582,251000.0,289660.02,299172.6769098556
259,100000.0,136386.7870147013,173400.0,213535.13,155746.98761322038
260,426100.0,386732.4795527612,286600.0,423064.45,478991.0369310491
261,199700.0,207476.92758735118,232800.0,191177.0,182680.87406089198
262,133300.0,193736.67685193077,173800.0,184505.0,164470.25716491416
263,192200.0,256743.51174701005,213500.0,227745.01,241939.71071851233
264,166800.0,35049.28317199115,182600.0,162774.0,144459.34686038268
265,156300.0,142491.10885229567,151800.0,153034.0,115412.97256179935
266,209900.0,227335.19566006708,165400.0,171348.0,191085.81556113323
267,187300.0,223546.3051238727,185600.0,207421.01,208499.7014715155
268,111300.0,157970.12797535022,99600.0,106250.0,133743.81296696488
269,125400.0,153581.09854512347,168100.0,166650.0,146059.8762427762
270,126700.0,179193.26954224549,129600.0,137000.0,143946.2016789701
271,223100.0,260335.0230175249,242200.0,252933.0,247997.16222765346
272,191700.0,195323.3288111303,176500.0,173027.0,181719.64492028113
273,228100.0,224606.44855450722,261300.0,242500.02,217093.98637500353
274,112500.0,99977.78808313634,80300.0,117141.0,118996.73910864604
275,335300.0,310992.3505900445,338700.0,361580.01,341004.3407927804
276,165700.0,199894.0034748122,140600.0,180959.0,214385.87505598896
277,103600.0,95676.78081097285,95000.0,96118.0,92361.96447727617
278,162100.0,246736.49802497862,213200.0,163569.0,192627.00502506798
279,229200.0,223180.70783789846,192300.0,196916.0,179728.62869249395
280,298400.0,242467.2267840008,267100.0,252872.0,271155.8855449162
281,500001.0,245769.8367016439,450000.0,298005.07,299152.6322128448
282,58000.0,50982.82390521691,70400.0,67430.0,60938.572769725986
283,205500.0,254736.32665112225,226800.0,204480.0,237672.09177217897
284,78800.0,133015.92956979302,53500.0,68826.0,105276.32822815188
285,223700.0,256931.72214258392,222500.0,195641.0,219919.42666441455
286,472700.0,325802.7202864729,470000.0,387089.04,403489.7208059286
287,109500.0,96165.98461834346,126000.0,124575.0,105876.1318509185
288,265200.0,252706.1465119742,187800.0,227408.0,222156.06452312085
289,221900.0,149623.90293165907,148200.0,167979.01,169076.83851332936
290,368900.0,289784.4880892792,322600.0,360687.06,385001.92044911033
291,271700.0,315491.785810855,500001.0,316263.1,307899.87996282725
292,290700.0,263167.8652706824,308800.0,289030.02,289244.1175464473
293,170400.0,206559.4379966341,139700.0,184015.0,172899.51788548383
294,345900.0,356522.77668643056,500001.0,401105.1,413898.2566385011
295,500001.0,291234.82005463995,500000.0,470912.22,446155.0368326276
296,89700.0,90295.97607748042,122100.0,86149.0,81628.07496276553
297,59200.0,81736.75328358678,50000.0,62270.0,72011.75930711314
298,67500.0,136417.39794107666,200000.0,177963.0,186147.85179329198
299,369200.0,338530.32789472316,474300.0,408804.07,417318.9439007783
300,268400.0,273950.7072473176,302600.0,262206.0,255088.04718798734
301,112800.0,117273.34596165566,186100.0,120362.0,110049.07690126085
302,225000.0,180190.48223558374,262500.0,255604.08,345936.97138064326
303,25000.0,-12317.994753662875,59200.0,63812.0,95385.21795369266
304,272800.0,283247.4069283232,277000.0,274424.0,272157.3710919042
305,354200.0,230282.9217629154,245500.0,210823.0,221031.27953659924
306,173900.0,208470.99907894665,181900.0,186573.0,202725.58175154807
307,89400.0,120043.93500024907,102000.0,97712.0,102296.0284334652
308,231300.0,186375.96682389762,159400.0,182718.01,222470.14068963283
309,199300.0,277691.97124265606,241400.0,301582.04,313743.58871792216
310,146000.0,178875.62363702952,138800.0,137328.0,139874.3545296453
311,166700.0,170707.12470608216,262500.0,262113.03,285980.0374844318
312,392100.0,151112.78690291394,173900.0,164294.0,158224.03725903368
313,283000.0,386095.0313787418,432600.0,439225.31,435791.4511664524
314,309100.0,275483.3742886223,255400.0,258272.0,236246.0769218944
315,250000.0,226422.29180293577,255400.0,328559.18,269422.1647810385
316,72300.0,116995.70729786955,78700.0,89916.0,86372.32273466793
317,212500.0,149099.20197672228,179200.0,233370.0,234724.36691802283
318,481500.0,349708.631595574,500001.0,434033.26,422372.48330561345
319,500001.0,602086.9723712591,432400.0,394636.33,385893.26552699914
320,163500.0,116345.78673678092,123200.0,168424.0,178797.4433771676
321,116200.0,56056.962666696636,104000.0,124835.0,102664.577520904
322,247100.0,193800.66923576838,198000.0,216856.05,221236.25704610915
323,212500.0,150825.5632019607,106300.0,147076.0,149523.59394390535
324,137500.0,134281.27240022057,132000.0,133647.0,136696.9381316529
325,57600.0,93854.18373245253,54700.0,61355.0,52648.47962494235
326,117700.0,132156.87473312044,93400.0,107297.02,111806.8549359324
327,93000.0,152232.73751709182,86500.0,110683.0,107273.53047545388
328,477100.0,420173.73910033493,477700.0,477510.28,446884.86337792425
329,50500.0,110822.38894702509,59000.0,81505.0,94393.48831736142
330,296400.0,286844.99418235116,293100.0,285266.0,233636.00754592518
331,356100.0,334259.19876136293,335100.0,375336.13,365140.74724605936
332,500001.0,476110.6547018203,500001.0,496429.94,511934.8462173344
333,179000.0,178538.95068494437,162800.0,147906.0,140844.13408882084
334,65800.0,128772.80011596496,65600.0,119161.01,124018.12201744888
335,470800.0,293100.32545475796,462900.0,428009.28,395244.964527908
336,500001.0,501632.1235129015,500001.0,435197.66,466223.4752321648
337,101900.0,183035.83621132217,120600.0,117866.0,125630.77379815788
338,262700.0,217660.7499950503,273000.0,205817.0,198107.06003376743
339,147100.0,205075.11750439936,147900.0,127197.0,129481.14291352623
340,152700.0,208138.5902757298,105500.0,134470.0,152189.87073723774
341,178100.0,219126.2444804893,187500.0,216019.0,199751.4130990692
342,230700.0,226980.10700599256,236800.0,264861.0,252308.38795508535
343,500001.0,263339.0691726401,375000.0,341031.0,325277.88722998137
344,139300.0,211872.29859677044,134400.0,137613.0,126238.94935447685
345,189600.0,244832.59694703622,159800.0,182113.0,188911.70704885537
346,266700.0,253887.5221127296,214500.0,255056.01,261311.31241756192
347,103400.0,166890.6669309422,95500.0,103213.0,126503.66234250399
348,313400.0,173435.0941376503,286300.0,289947.02,277893.19341231044
349,212500.0,103961.55508135668,137500.0,194633.01,191896.72918933284
350,425000.0,191009.03279682965,300000.0,298280.06,335590.750568464
351,332600.0,325371.2530363606,346300.0,355913.02,330876.3728142314
352,255900.0,282881.626450998,228200.0,253483.0,247005.20252696722
353,94400.0,101440.94197772382,106700.0,94164.0,99075.07473832648
354,49000.0,46930.04951800231,56300.0,56611.0,66345.97199973
355,400000.0,255507.6061991105,442900.0,308297.07,376231.01903052034
356,48100.0,17791.049575818965,75300.0,64123.0,31470.95185541814
357,433800.0,290856.99418450077,387100.0,342250.03,353600.822237277
358,107600.0,165296.6600926721,165800.0,131294.0,142994.23064239358
359,92600.0,157461.6755550928,84000.0,106650.0,109984.5434461347
360,90100.0,136483.56716098296,110700.0,98545.0,124044.16408998873
361,216700.0,228911.43639311983,191900.0,207687.0,239505.74076635146
362,281700.0,260700.67123940968,246400.0,259869.0,237089.8919214886
363,142400.0,183727.06948419556,151500.0,162647.0,170266.08866451305
364,181800.0,236365.14811838442,215300.0,230826.0,212551.4458602196
365,218200.0,262836.04593047855,213800.0,227677.0,243185.23122208446
366,242700.0,261565.81162647938,298300.0,270486.0,229960.70007990883
367,142900.0,154461.0698755762,154300.0,155634.0,160942.65919205907
368,350000.0,171690.2815351384,231700.0,211751.01,166404.50564577707
369,256000.0,219336.55482101507,365600.0,239383.01,260776.00471226967
370,90900.0,146060.62314422982,90900.0,104298.0,106708.59827445471
371,160400.0,203045.09489470927,225800.0,201789.0,192735.33109255123
372,86300.0,210555.63231791792,100800.0,171518.0,121662.67630725363
373,500001.0,473520.6209954679,500001.0,492855.87,472400.52763057116
374,94300.0,128199.64216129253,103100.0,109485.0,109978.56771954986
375,75900.0,104196.37315753593,87600.0,87858.0,86709.59499686894
376,332500.0,169307.97189011233,263500.0,300306.0,306396.5688492131
377,92700.0,182316.1313440195,105800.0,91002.0,90577.65248218106
378,26900.0,141086.73616641772,76600.0,67290.0,57076.14586782222
379,187500.0,192143.64878946127,450000.0,230527.0,257373.43518012788
380,175200.0,199272.6557539421,166000.0,166376.0,171969.7705130866
381,130600.0,114340.59158934624,145900.0,159884.0,155734.4123192036
382,223500.0,283813.19292190665,225800.0,254696.09,268574.1126994179
383,89700.0,128133.08564598719,94000.0,114625.0,109503.48718858391
384,356200.0,350096.2783174612,349100.0,378716.01,395061.1842426527
385,143700.0,168232.86292497945,212500.0,179130.0,181295.26340690657
386,181800.0,160220.87701459602,139200.0,136809.0,128618.69403857311
387,325200.0,331944.7534929634,339000.0,377370.04,370192.70079875545
388,94500.0,176012.90346609557,68800.0,85036.0,89056.6500464943
389,162100.0,174107.16436825928,152200.0,158759.0,148538.33120080977
390,122500.0,126531.65827507837,113900.0,129941.0,127811.63823335379
391,132200.0,161802.8286674735,99000.0,135754.0,141917.2516996764
392,162500.0,167669.03001684265,151200.0,178173.0,183043.87582680743
393,325600.0,257382.59902063498,376000.0,339241.0,324689.6521200555
394,83300.0,133814.83694426512,111500.0,204637.07,160318.21017469768
395,88800.0,141282.54208857717,92700.0,94265.0,103262.03630037588
396,227100.0,218691.11466289678,162500.0,235490.0,212146.0098472337
397,500001.0,372746.1489915929,485000.0,419296.22,399597.14947981416
398,125000.0,132166.0883842975,98900.0,114687.0,133896.19993485478
399,90600.0,114255.7012347993,500001.0,285378.3,121984.1066643824
400,135000.0,74697.67427180684,108000.0,105569.0,94205.66095243147
401,215500.0,189536.2722223548,233500.0,208601.0,207319.82670380914
402,14999.0,14128.926409968,87500.0,79609.0,49775.429684899675
403,73300.0,52025.81923719606,69000.0,65655.0,67680.5638241071
404,125000.0,18378.31521367331,54200.0,80164.0,68519.99020342933
405,250000.0,364689.3485086915,342300.0,397842.3,415808.96186646255
406,67500.0,68438.419176511,78400.0,85715.0,84450.00152982002
407,162500.0,153406.86644009844,225000.0,193970.02,171505.39201482452
408,300000.0,222012.05818975926,258300.0,274584.01,304060.5045948052
409,169800.0,266669.34351073095,356500.0,235241.0,232074.22624006955
410,344700.0,243925.57694743693,345800.0,259255.0,295360.91365840315
411,299500.0,320208.6295126864,421000.0,326739.04,333922.87146541075
412,94300.0,121673.56646151337,73000.0,95964.0,88993.31298820545
413,176300.0,287371.4136818539,290500.0,220743.0,194963.26553259912
414,278300.0,215534.9459464126,212900.0,199730.0,205593.49813524127
415,223600.0,284644.42969495733,255400.0,301448.0,269903.8657779138
416,362700.0,358777.5096330005,366100.0,418612.19,415048.3836339636
417,172800.0,202126.3794043854,194600.0,133141.0,127241.59662469252
418,91900.0,121455.29994486795,56100.0,87004.0,91774.52065127782
419,500001.0,400904.7797386915,500001.0,484914.72,465322.022106422
420,278900.0,235618.648837843,354700.0,242041.0,253538.91862351718
421,111800.0,106247.77551828543,98300.0,104341.0,108997.77187438901
422,182300.0,241079.20720728152,193100.0,185339.0,207018.37741895803
423,215000.0,237277.55814482694,166300.0,199819.0,196388.01708930734
424,88900.0,158003.2285933782,90300.0,103077.0,144541.93597834976
425,201700.0,217436.54352119932,164700.0,203491.01,206909.6551038108
426,159700.0,195024.77110931592,158000.0,168142.0,170376.72846832662
427,246800.0,283593.7406443119,254200.0,260019.0,263999.04772439686
428,257100.0,195141.52764354108,242700.0,203489.0,186475.6159003849
429,206100.0,171127.6276154323,170500.0,143501.0,140068.27249336854
430,475000.0,132750.19820973833,120800.0,129035.0,134303.1324832339
431,341200.0,317103.56990721996,366900.0,357950.02,370417.1068167109
432,190800.0,185772.22557850333,181300.0,184417.01,170882.66951685812
433,90500.0,87378.69994011779,107000.0,91663.0,91265.85195833644
434,500001.0,376350.5662235754,500001.0,478989.79,521495.2916212833
435,110400.0,100009.86881393407,51900.0,58852.0,53514.663710067005
436,162500.0,127506.43875604292,166700.0,198170.04,116191.68141988917
437,143800.0,140741.4860504949,207100.0,167640.0,174063.63923626713
438,234900.0,206696.24110074108,268200.0,226618.0,220885.92988684593
439,430900.0,304550.62574174424,271600.0,219704.0,225324.46468945037
440,215200.0,247212.0583294382,246600.0,205992.0,195229.7569974826
441,234100.0,196598.39795293973,172500.0,209175.0,194578.46334754108
442,81400.0,108593.3621588796,103100.0,93851.0,86554.93963341985
443,311600.0,293998.89939506317,442100.0,328574.08,335437.90059144114
444,198500.0,228470.02703358541,176300.0,205926.02,204938.1407811773
445,500001.0,300287.22905727674,500001.0,484863.84,493603.84464743757
446,176600.0,261108.40324550972,267000.0,218783.0,171330.45654718333
447,253500.0,250175.77784967222,253800.0,238130.0,219537.43250797564
448,205100.0,246050.77589686963,234900.0,218907.0,203009.65521675395
449,209200.0,257688.15889554174,248600.0,223297.0,222679.99887253507
450,107700.0,140085.59862164807,163300.0,132842.0,133147.8618592548
451,500001.0,226342.44361913257,120600.0,252598.03,344963.75965573837
452,162500.0,164950.05128980358,181300.0,155120.0,165919.0851375964
453,350000.0,261906.50428420195,240200.0,229302.0,295205.21088334254
454,106900.0,88219.85550158843,86600.0,118917.0,114529.07660075814
455,427700.0,357769.04034524714,435000.0,389850.31,425451.7421658005
456,91800.0,91738.4570871127,78300.0,95813.0,118586.07286017151
457,101500.0,67249.64518834132,143300.0,77631.0,84841.63139966685
458,393800.0,276107.51092269557,308600.0,373749.16,400171.3058148527
459,319000.0,257803.6573355996,264600.0,260523.0,245047.81372095976
460,101300.0,150222.23801216608,86200.0,96363.0,99275.47380918886
461,275000.0,188447.78425719464,500000.0,194501.01,187689.1214313936
462,233900.0,269980.4427307316,290700.0,271927.0,253167.47313430454
463,175200.0,152755.15394531647,166300.0,220978.0,210680.7012764566
464,355600.0,343030.2769482918,328500.0,329661.01,340810.5726460406
465,130200.0,214248.3334942568,162500.0,158562.0,141591.44765872872
466,196100.0,193939.30108708158,218800.0,196004.01,217819.81980873
467,190900.0,190770.8480337767,201900.0,187297.0,175145.67020592742
468,168400.0,234942.33609801412,87500.0,176544.0,198188.8406870343
469,118200.0,51140.05609207373,128900.0,123921.0,118991.63286170088
470,151900.0,219956.0679977445,170800.0,165976.0,170853.5909303458
471,176000.0,221459.92517948573,156900.0,181762.0,186943.1410215759
472,348000.0,325510.7516168126,500001.0,355220.17,365443.58825330285
473,319600.0,281529.4217368696,403700.0,325649.03,311539.61255852797
474,244900.0,324965.6277558082,335500.0,317822.06,272093.5104018737
475,268400.0,309817.86280596995,245700.0,278238.01,268721.3392601938
476,73900.0,109928.13676539103,81300.0,90920.0,73005.56297324844
477,285400.0,251875.01719234037,287900.0,318946.0,349451.4630910908
478,133200.0,228305.03957786306,175200.0,169817.0,160094.17464917066
479,153100.0,159693.27312088496,143200.0,127180.0,113826.77453373812
480,59800.0,48089.239411139366,56700.0,70493.0,68327.49925366399
481,91600.0,171108.9851275583,101800.0,112998.0,123321.50273142522
482,165000.0,210585.73251778493,165500.0,151306.0,193116.28164747776
483,277300.0,308698.8451915406,288500.0,296991.03,331108.22905093303
484,150900.0,172558.22671019094,160300.0,160705.0,158416.39022600482
485,153900.0,186033.78028855994,155100.0,165947.0,166521.8557995994
486,200600.0,202748.62619241158,172400.0,216064.02,213402.8812989502
487,120100.0,155194.68097212753,163800.0,178057.0,162758.47587015145
488,213100.0,242605.64871665652,267100.0,230864.0,237648.6544018433
489,169700.0,198947.79460582192,123800.0,158384.0,160622.56275881847
490,218200.0,252054.26930974642,188800.0,255420.01,228830.06473962378
491,116000.0,112121.3255101021,108100.0,106862.0,109805.5692940322
492,53500.0,59977.67752569911,46900.0,52920.0,55038.283149616786
493,141700.0,152524.8258667471,96200.0,89223.0,124249.36683618509
494,108300.0,134333.6684468452,115800.0,116210.0,109932.2460564944
495,444400.0,223125.67114853402,375000.0,329431.01,367018.3932102389
496,43100.0,55752.425222185964,51800.0,53204.0,53926.076933141696
497,91800.0,178266.95778866505,89300.0,94052.0,115989.85851584157
498,52800.0,69454.28646475231,49500.0,54536.0,62445.5569325281
499,75000.0,174624.92379896008,125000.0,191598.12,175663.51993323833
500,135300.0,199281.1915224626,131300.0,179876.0,165927.74929239787
501,253400.0,260859.51079436587,234400.0,267957.0,256707.88961712926
502,125400.0,147161.84866076958,108400.0,137848.0,144910.52714666288
503,127100.0,101486.81363262082,110700.0,104089.0,95457.19035021235
504,88600.0,109408.3762309206,81900.0,91682.0,90815.33789868042
505,315500.0,206947.5851190336,373500.0,322016.02,296665.52187075216
506,436700.0,253812.86685210495,267500.0,270264.0,272095.2427559017
507,213800.0,162521.02035866017,270600.0,176595.0,178338.5836871062
508,155000.0,166752.98569996472,147200.0,143136.0,146157.6660678555
509,129400.0,105603.60371811235,98100.0,103084.0,122011.13475631627
510,214700.0,221741.8776918736,238700.0,234858.0,257735.12630209213
511,162900.0,184329.0316980576,123200.0,158635.0,133469.2845304874
512,161000.0,140679.83288508776,162100.0,140733.0,137858.25442200652
513,410300.0,438519.0329122282,500001.0,483997.77,441882.57576128317
514,300300.0,281714.0383339012,299100.0,276745.03,289602.10129414144
515,112500.0,150446.9152115856,225000.0,221746.0,210429.75836758575
516,132200.0,178062.87176927118,108900.0,94634.0,136600.88289590046
517,51000.0,66418.70514970704,64600.0,59714.0,60059.110565787305
518,116200.0,124446.99798857018,98400.0,105848.0,99812.73393944628
519,83900.0,85175.24406253402,111500.0,107845.0,101568.00931475869
520,273000.0,303548.4324411821,279300.0,301261.03,340329.5392975634
521,262000.0,200666.03905304996,160500.0,186542.0,206339.76546140207
522,490800.0,388461.327848754,500001.0,468518.77,487538.19063188334
523,500001.0,339733.75176770386,500001.0,341927.03,367953.0681385401
524,287500.0,249961.41691635348,254700.0,363015.06,431950.5008004662
525,183000.0,205132.4759492166,240200.0,211204.0,183929.38311019258
526,284600.0,322947.8687724574,318200.0,335709.03,325505.43295442744
527,136900.0,177123.17980710207,110300.0,131677.0,121560.22005104688
528,98000.0,159538.46007814363,88800.0,98962.0,123659.35008019695
529,187500.0,191774.98663206893,118800.0,229594.0,203855.7375760622
530,182500.0,235813.6824727473,188900.0,187617.0,182266.98703869476
531,94400.0,154003.0831873286,112500.0,101067.0,96562.39012991975
532,133300.0,130226.2616017359,71300.0,84978.0,87702.52376163228
533,221700.0,260946.77050373136,198200.0,204930.0,194978.60896920075
534,374000.0,347004.84169859916,365300.0,395694.04,381904.9380166182
535,57500.0,68586.00792563212,57500.0,88698.0,78888.74715237645
536,140600.0,161006.5853449408,137500.0,141865.0,129769.09554066614
537,220700.0,220000.92252794173,189100.0,205030.0,200504.53827746416
538,419200.0,420080.50844895036,500001.0,466231.55,478674.675073873
539,164300.0,212433.04410307342,170800.0,189149.0,208283.5134188207
540,158000.0,174037.4360707238,104200.0,140928.0,140108.96121994354
541,169400.0,235806.80885599225,159800.0,184081.0,182124.09423317236
542,139900.0,196569.94932590533,127600.0,139791.0,128997.54489527426
543,500001.0,268448.850896344,366700.0,438929.33,481856.1601724538
544,165300.0,239703.04998459885,232500.0,198705.0,201769.09224733344
545,114200.0,163458.1479253767,133400.0,127890.0,118137.16098957659
546,153600.0,210016.95733655058,166300.0,173696.0,193000.75195349404
547,174100.0,180663.18881659693,161800.0,190462.0,184056.88179904572
548,71700.0,108024.16862562255,77400.0,110439.0,117353.07007231147
549,215900.0,297919.0184797145,245800.0,247677.0,266287.89265111444
550,191900.0,227081.05748890355,175800.0,213625.0,208074.89687597463
551,191900.0,199331.691897841,212500.0,189285.0,188896.65763245037
552,167600.0,184045.3866161942,108200.0,136157.0,118286.35524178068
553,228500.0,230301.54020219017,234600.0,241552.0,235072.11539762627
554,97500.0,137949.37353837254,248100.0,131031.0,120921.27584544556
555,289900.0,312794.55166528,273800.0,337886.07,317989.2529561954
556,50300.0,37901.15007975936,65200.0,77603.0,79852.33866152813
557,218900.0,241310.38706932333,174400.0,187116.0,188176.39625873795
558,335700.0,269656.46415932104,222700.0,405666.38,391809.4084300575
559,275400.0,191667.62612195712,271500.0,284070.0,304035.9213661784
560,237500.0,236350.26311018743,283300.0,346389.04,355062.5369173728
561,253700.0,280155.6837196256,228700.0,264793.03,280827.9465471425
562,131700.0,144205.98102725012,133000.0,138212.0,142220.11376094725
563,347700.0,207093.61145919072,263700.0,219411.0,196438.46738880308
564,165600.0,232482.3277886576,350000.0,187083.0,243181.807939664
565,97700.0,64130.95018154834,155700.0,132178.0,128451.60880194003
566,105800.0,207471.45546279132,112500.0,116959.0,151186.82220585176
567,340600.0,322707.6638643638,350000.0,322524.01,334766.62098625756
568,131600.0,196492.72395191752,123600.0,141165.01,139702.9726986967
569,80900.0,139955.4575059469,81600.0,102927.0,113279.29366372968
570,68100.0,104042.94837487853,67300.0,73202.0,71152.14705079458
571,110000.0,113016.69683323763,173400.0,147206.0,121266.89497229374
572,500000.0,291705.8850364625,500001.0,420616.46,367744.92946636403
573,331000.0,299146.64120069274,336000.0,370850.07,347365.6944636324
574,162500.0,141176.02038571137,165900.0,186330.05,177090.55280306056
575,500001.0,338700.01845698414,474100.0,414740.22,445668.5246472954
576,69600.0,131092.48436408467,111500.0,106753.0,105609.1148136249
577,372700.0,220335.4583166688,352400.0,364928.08,378932.2292106603
578,392800.0,307280.5931109918,394900.0,335431.01,348503.0859333749
579,163800.0,207711.11741573585,253700.0,207419.0,191310.867632613
580,97100.0,162334.08296392843,102300.0,139407.0,156125.42770428292
581,204600.0,232915.97633272051,262500.0,235080.0,211229.35519952187
582,367400.0,382892.75136445917,500001.0,435339.2,436569.6342662174
583,410000.0,315274.64855832973,412500.0,312094.02,305726.6555312062
584,202400.0,199624.80640572068,266000.0,210825.0,170686.49395668381
585,500001.0,333327.8059364472,400000.0,405274.11,450766.77947736875
586,189100.0,254008.87911509819,237500.0,212490.0,203017.96700754567
587,500001.0,306043.3132339302,448100.0,427257.35,380598.3172510593
588,47500.0,45894.37489129216,50000.0,64289.0,68489.07559039956
589,131300.0,38973.52183858075,206900.0,210871.0,176256.2513381234
590,495500.0,318065.4005074504,394600.0,374369.05,422553.6550691823
591,346200.0,313418.4222351064,269600.0,347075.14,369655.41986865224
592,222600.0,170492.57736716798,234600.0,218279.0,213122.75697683808
593,212500.0,199360.64959232975,204200.0,224670.03,193727.28495212042
594,244800.0,257156.21476636393,241800.0,284440.05,275148.44489527505
595,187500.0,116382.75691587207,150700.0,174526.0,163527.15342406323
596,146400.0,190148.90274950804,258100.0,207227.0,201427.7117975631
597,140800.0,159272.0681719032,149300.0,141737.0,143653.82393160195
598,363500.0,316543.5071217295,330700.0,384613.13,395451.64072530693
599,57900.0,43531.42018470669,110400.0,82730.0,79706.2399983829
600,312100.0,311040.49870818737,453600.0,303274.0,297115.06876289967
601,286500.0,272279.94233632664,185200.0,267584.02,296895.77927994606
602,132500.0,152686.0859260936,128100.0,141963.0,155108.47644819386
603,159800.0,265436.170948578,101800.0,206729.0,219131.62371237713
604,286400.0,256558.60492216054,247800.0,268802.0,244290.4106925059
605,253900.0,265328.3521303488,181800.0,235425.01,234519.20632692546
606,354200.0,271201.8126691221,334400.0,309647.0,279670.6161429986
607,218200.0,207811.08552975202,196000.0,198602.0,187184.57589716217
608,366300.0,411940.1164635017,500001.0,473576.77,470056.479560716
609,209300.0,245170.1907471319,202600.0,231311.0,222486.67822860205
610,203200.0,237234.56940669977,165600.0,233722.0,216408.58395456348
611,160800.0,193771.65091809825,175000.0,177291.0,158072.79606351504
612,127400.0,155005.32104558128,146400.0,126094.0,124752.80422948087
613,185900.0,134818.80919982708,185100.0,198653.0,203713.73517353187
614,120700.0,128472.73138860118,104800.0,114578.0,111908.04767056704
615,344200.0,307425.6531481686,273800.0,372625.13,330264.8991756311
616,65900.0,77052.6520645289,74800.0,116063.0,103663.24991245974
617,132700.0,177650.5763255816,173900.0,149333.0,155141.8338633076
618,112500.0,208486.82987108358,192500.0,268418.0,261822.468420129
619,267000.0,236684.6129805115,200600.0,246639.01,250386.4771272846
620,500001.0,498216.916802587,500001.0,500001.0,495419.97223541455
621,500001.0,284880.239344394,485300.0,348020.08,350465.98018806597
622,330000.0,287594.50869344495,252800.0,292686.1,260904.26409481518
623,169800.0,227144.77021834173,165800.0,173166.0,167706.25312680905
624,280800.0,467965.7561622448,214500.0,213210.0,209343.86225545674
625,268800.0,277108.34703394666,419100.0,283666.01,341192.842334689
626,319400.0,302955.1647331343,391000.0,358300.09,334598.7965196437
627,53800.0,19622.595901518944,53800.0,104974.02,65732.81076732819
628,169300.0,226523.95855222593,350000.0,200649.0,194065.01726266637
629,187500.0,146472.04682546417,227200.0,247024.0,241898.02886316474
630,222700.0,194511.21218187458,255400.0,236230.02,233588.20268911592
631,199400.0,255682.9880450892,211000.0,251591.0,251096.39971548133
632,300000.0,235452.99318395334,273800.0,277172.0,271192.06089673744
633,500001.0,529991.7679356827,500001.0,500001.0,474240.4105299444
634,222400.0,188868.23675697923,236300.0,206090.0,220599.5552194041
635,361900.0,341264.69889784046,342900.0,358614.03,358363.4841803269
636,342300.0,288274.6377025973,281300.0,283956.0,284371.07260613365
637,500001.0,527275.517178484,500001.0,498926.99,521828.78767899243
638,164800.0,189508.90787913848,152200.0,154037.0,145405.90093457812
639,142500.0,141254.94862086017,325000.0,204801.0,155967.22457728244
640,500001.0,446062.4626581446,500001.0,495048.92,511039.151026705
641,162800.0,183338.5852639332,160300.0,164413.0,158222.3637445485
642,301800.0,318895.61830899335,328500.0,344168.04,321843.9506620626
643,206300.0,178250.86446409283,162000.0,206449.0,203611.33515015634
644,63900.0,84784.03937724471,57900.0,72931.0,72825.91058276164
645,191100.0,198763.63997997897,216300.0,199433.0,201780.0316562087
646,409900.0,370229.9923551253,472700.0,422060.09,438805.1802336297
647,226500.0,220732.07748133913,364900.0,246879.0,218650.82063201471
648,138200.0,142575.0469989642,117900.0,113157.0,129553.43015860474
649,161400.0,234827.8143922721,135400.0,184905.0,177390.146170116
650,198800.0,177372.88544430066,178400.0,179757.0,169399.9506376284
651,92900.0,125100.23099010797,90600.0,100363.0,94477.10332777486
652,97700.0,176523.21438886772,102400.0,102355.0,106970.60668759326
653,69400.0,25449.606776607456,80900.0,64502.0,57360.23303594217
654,212200.0,212640.92017201165,181100.0,166535.0,136700.89859793792
655,244500.0,250903.32408997128,199000.0,226389.06,214911.47092121118
656,100300.0,95991.51134682234,143200.0,103274.0,81280.05443353955
657,192000.0,212017.32119720633,218400.0,210133.0,212219.25697814612
658,107500.0,147670.43708127143,99100.0,122647.0,134544.38713007982
659,78400.0,133087.4852200326,73000.0,74572.0,85021.37256557358
660,142900.0,168540.76849052098,163900.0,165415.0,165698.36601486077
661,500001.0,310729.70220318396,483300.0,454677.42,423231.09848756634
662,52600.0,93756.74772102105,54300.0,59043.0,53318.65392175246
663,142300.0,115056.26111662378,99500.0,111639.0,123293.94849563004
664,130100.0,139131.5287543009,123300.0,149064.0,134210.00105550306
665,178100.0,209693.94755957153,134400.0,156120.0,165420.28318336507
666,64600.0,81166.00719387324,54400.0,74081.0,74877.50220581322
667,71300.0,118672.4106151149,100000.0,210468.14,159835.0376956613
668,262500.0,307072.67723316327,456300.0,329248.05,342177.8747142257
669,281900.0,250264.24799365472,264200.0,262105.0,238902.34888552135
670,103300.0,92142.59270641836,119500.0,119592.0,119499.97864450203
671,243800.0,157574.27897258263,55000.0,250564.03,230711.85547103127
672,151300.0,171775.74448526336,146600.0,159436.0,159412.51537807233
673,237900.0,269971.22350793745,238600.0,254489.01,252090.97459881776
674,362500.0,301538.20647535846,275000.0,295159.02,305226.0582754162
675,97200.0,163136.5881296773,137500.0,122455.0,137593.8666318954
676,76600.0,99795.16052342787,90600.0,78658.0,72328.01725182026
677,500001.0,351635.54164906626,264500.0,340745.07,408145.77222520247
678,500001.0,489802.5735647987,500001.0,499118.99,508422.8462028
679,91700.0,174023.8116812936,67500.0,148885.05,201384.1718342113
680,243600.0,250083.3832546384,244700.0,240150.0,212423.90579107453
681,276800.0,157467.7025836311,67500.0,194717.0,212953.79643299227
682,122000.0,109531.48642152594,98100.0,106845.0,101178.55071802635
683,212500.0,301422.5401351432,500001.0,331354.2,256311.12091162926
684,65400.0,12721.515322794876,58600.0,67719.0,60022.245630693185
685,191400.0,270430.31570239796,202800.0,209052.0,213281.72169983384
686,500001.0,435055.8938579969,500001.0,486914.85,464690.8357177744
687,258600.0,205809.92203219183,250000.0,265571.05,237004.37141611872
688,500001.0,276157.87500612775,500001.0,478368.77,485537.2162771207
689,224700.0,238906.43048324814,409700.0,238208.0,273504.14804872224
690,184200.0,229053.32154815877,172700.0,186083.0,189386.280245592
691,180400.0,178720.375642029,161100.0,165882.0,163240.48358443507
692,113600.0,169015.12145422428,97200.0,101250.0,106836.25848450216
693,410400.0,364439.2427232524,286600.0,366194.03,423233.83709406265
694,443800.0,372294.37541926885,411500.0,367160.03,374936.99867815693
695,241300.0,289882.36656313133,500001.0,323541.07,310471.7395138295
696,121400.0,223735.8861921046,225800.0,199096.0,187059.06292005265
697,500001.0,471667.64662936673,500001.0,499694.99,513998.0244888266
698,81700.0,165773.122318646,82800.0,102854.0,126659.25161717365
699,118800.0,72476.01717867082,68700.0,76075.0,67709.14228237695
700,234000.0,235360.1005954591,144800.0,216718.0,219018.2161462117
701,130800.0,119915.92149370848,103500.0,108345.0,132150.66095292906
702,242700.0,248750.34366236423,319000.0,255175.0,275031.1718376741
703,76800.0,85670.48529319203,78800.0,74715.0,74183.4174090148
704,129300.0,190383.5390111497,140700.0,155963.0,148526.8057149821
705,121500.0,105657.23488033678,112700.0,120033.0,109339.70769403619
706,294700.0,311880.81046137435,240200.0,293768.05,273479.1207992636
707,48300.0,49292.87936081641,51300.0,51830.0,57915.22697479824
708,66400.0,57165.094425267336,72500.0,71557.0,62771.8044324722
709,333000.0,307321.1190817083,347600.0,307642.04,305710.3969315874
710,65900.0,75611.04887464203,61200.0,63897.0,73599.95544677367
711,220000.0,276511.58993088873,225900.0,233861.0,231678.57033413212
712,162500.0,204945.57975922804,212500.0,184424.0,182766.63804610496
713,115700.0,132325.75640387135,137500.0,135369.0,144429.76223736143
714,218800.0,228263.91391940397,188400.0,209809.0,210663.73231276704
715,108300.0,117217.40978512686,113200.0,101853.0,100551.93529789183
716,319900.0,283675.990432705,337500.0,342554.14,298497.9424519579
717,500001.0,322328.0795112236,452300.0,376783.24,399432.0635112437
718,194800.0,132250.3619435298,188200.0,188733.0,195015.8384228335
719,322600.0,314665.1455443863,385200.0,344525.02,341489.52966063505
720,490400.0,313390.06390304875,281100.0,366678.09,391419.8693158583
721,137500.0,170089.05825726048,165100.0,171802.03,168956.75460244037
722,79300.0,149674.3877410328,149000.0,115075.0,104646.88099408516
723,119200.0,133304.65873904654,100400.0,97946.0,89153.10740316549
724,362700.0,312141.8868299535,302600.0,307109.01,323232.2183990131
725,163500.0,109232.61004570875,144300.0,158409.0,171046.17961712688
726,61900.0,63783.138639796525,68400.0,57062.0,69714.06968587782
727,144800.0,175334.7908148201,113700.0,142980.0,133793.01828287682
728,54400.0,39791.51810602765,55000.0,72877.0,82002.52598276218
729,95500.0,108579.70410731276,66100.0,99991.0,109938.81052388334
730,205000.0,175497.77932481645,247000.0,228794.06,207305.61739168517
731,353000.0,221279.62784676015,83200.0,265492.03,293957.56885782594
732,293200.0,328143.58440394304,424400.0,376241.05,382325.90789209213
733,134200.0,147685.833784914,157200.0,137510.0,131745.11831731274
734,148400.0,172678.97404860618,128600.0,175708.0,175078.33150009354
735,140000.0,79950.41029566954,87600.0,81682.0,135058.27019246144
736,437300.0,302710.87635241274,500001.0,428107.33,500217.85829196865
737,145500.0,137504.08189165115,114300.0,140926.0,112286.60649093015
738,202900.0,244586.93955660195,209800.0,195810.0,195839.06073238564
739,142100.0,154757.57903465175,144400.0,155497.0,143904.95878092898
740,168500.0,212165.79035988532,205500.0,187885.0,193077.42288252476
741,253500.0,280684.69906879275,299200.0,250702.0,269936.4385645423
742,319400.0,210596.11200820334,307000.0,330504.03,345929.6277240613
743,500001.0,252955.66581854812,335900.0,352281.07,418619.15205628064
744,145700.0,162663.09122142638,137500.0,167427.01,145384.40025206187
745,278300.0,301971.76211948483,338700.0,324212.04,338343.99146198947
746,189500.0,230066.89468356216,172000.0,183777.0,185153.36321800516
747,331300.0,282213.0393023363,288500.0,311754.02,311664.5730376505
748,133900.0,159123.53436217326,146400.0,140910.03,125592.68177069374
749,351700.0,430952.2294582901,500001.0,390192.21,463373.2627897362
750,109600.0,127311.26253344616,123100.0,123984.0,112106.46494075363
751,146900.0,136677.85483305188,150700.0,166937.0,204954.08008742818
752,500001.0,476440.77963676385,500001.0,499305.99,558624.2391144573
753,326700.0,277883.67860653007,345800.0,341152.1,314787.0880863665
754,166000.0,211929.32762421388,175900.0,178263.0,184706.90681324853
755,500001.0,480977.2107282124,483100.0,496216.93,510539.79163128394
756,59000.0,87227.85715763003,59300.0,65928.0,62546.93889437547
757,66600.0,89573.33412612363,95900.0,93079.0,80886.05858473727
758,185700.0,217868.31305440882,185200.0,160242.0,236893.2715285741
759,194600.0,256086.20409448165,225700.0,225389.0,210917.78019205932
760,134200.0,135015.7702505446,133300.0,141862.0,131267.79076592982
761,143400.0,179155.70874344316,216100.0,160699.0,185075.6334791391
762,175000.0,194037.56596023272,98300.0,157522.0,153254.96704403532
763,134700.0,186222.87171571955,142700.0,132838.0,122554.10095418277
764,290500.0,263032.0652378961,371700.0,266125.0,249101.13503054748
765,266800.0,268543.05286127905,279500.0,265489.0,287257.9365448904
766,235300.0,167703.3075236383,192100.0,167079.0,167705.88897751155
767,500001.0,276104.43162778724,500001.0,474890.55,448874.9325193623
768,243400.0,280668.37602329033,264100.0,239926.0,224016.49106450818
769,163000.0,166270.28429495284,142500.0,167247.0,167483.69310195628
770,174100.0,258853.62872538104,193800.0,198059.0,185620.95019806453
771,226800.0,248175.92305678152,156800.0,213173.02,208273.98085268136
772,353500.0,299699.74602017674,287200.0,291643.01,312287.3802037225
773,500001.0,411606.29913417075,394900.0,487107.75,461199.4837973423
774,106000.0,152084.36042097575,136800.0,115629.0,129136.0824747197
775,289100.0,305493.8177331991,201800.0,306356.06,321958.69638484786
776,282700.0,303435.8988444415,251400.0,272980.0,270699.5305838821
777,345700.0,256935.5316183721,358600.0,351290.04,355751.7163501233
778,180500.0,296502.64506946644,227600.0,257159.0,236765.01620775668
779,60800.0,58550.16032989643,68100.0,59018.0,57577.64869490002
780,219700.0,296608.31086562376,218100.0,239778.0,270784.1572983138
781,182900.0,152166.22018765874,180400.0,181390.0,159696.141024439
782,95800.0,160171.4034010785,76200.0,131823.0,137738.78919238315
783,275000.0,202194.66741457957,318800.0,258565.0,253931.02952747938
784,42500.0,10030.912545887899,41000.0,62466.0,55803.86398975854
785,212500.0,121709.91080269769,98900.0,104291.0,109477.27885841313
786,81300.0,83295.07672451332,78300.0,85664.0,83663.88018278302
787,210900.0,258139.638606851,213400.0,232177.0,215805.17331421818
788,93200.0,72516.86584928958,99500.0,87111.0,88226.50694187082
789,204200.0,245799.44013599947,191700.0,197503.0,207076.30859969946
790,145000.0,167446.69143092792,146300.0,142618.0,121847.51728558526
791,69700.0,44699.46297143068,130200.0,76492.0,75169.76816349418
792,127000.0,108220.2552555738,113600.0,136068.0,123523.57803798559
793,296900.0,275371.4327236805,286900.0,285060.02,290177.35360354965
794,72900.0,98199.4976149227,113600.0,87539.0,89227.64252570712
795,158800.0,232570.7223179799,145700.0,170271.0,194950.04814481837
796,237300.0,204698.50069768674,174000.0,170382.0,167247.0746689828
797,137900.0,199401.74994446145,134400.0,168110.0,166836.14152457975
798,362100.0,309547.54518945294,395500.0,359594.02,364805.48061449954
799,171300.0,134749.715320323,189400.0,159567.0,127318.36714972417
800,124000.0,169166.61932185412,233300.0,163978.0,145145.91303527367
801,279900.0,203982.63070940372,271500.0,255443.0,302070.60078699136
802,216800.0,231933.51141119632,222200.0,194751.0,186953.86893569666
803,215400.0,268827.3623612522,228500.0,244637.01,228446.50509480128
804,301900.0,294945.8897057688,306400.0,294957.08,283328.1431338081
805,162500.0,177428.891380255,106700.0,127390.0,129973.7157615078
806,500001.0,335660.3838254055,500001.0,441591.5,439356.45577176847
807,40000.0,233287.462210397,325000.0,312505.01,313676.6277288973
808,108300.0,216083.58824670565,166300.0,169683.0,154720.30227418727
809,105200.0,62964.79129195551,97400.0,110879.0,93778.17260546038
810,396400.0,362193.50716088474,380100.0,404872.17,422097.74044516735
811,294600.0,202163.06213028962,250000.0,219334.0,175190.7783311831
812,135600.0,181366.4416994584,98900.0,130338.0,131734.0696265686
813,177900.0,227548.31798287775,146400.0,169348.0,200286.2951511556
814,204700.0,237510.70649362344,162500.0,179104.0,194343.7379014568
815,500001.0,265116.4039186961,500001.0,339898.18,311421.9610983677
816,147700.0,195151.56235604628,142400.0,144659.0,143293.15109463636
817,282300.0,151734.1300780474,185400.0,221789.0,264122.4172196297
818,320400.0,241679.66546881496,258400.0,293478.0,258997.53644616366
819,165100.0,218052.155340511,172700.0,177390.0,159480.58849115
820,275000.0,265857.183898865,436100.0,283191.0,318816.79516558984
821,144100.0,229870.55953922257,158000.0,174572.0,172321.05791056808
822,111800.0,145307.7847950104,121900.0,137906.0,155168.0668123631
823,218000.0,240699.71436417784,187100.0,203275.0,198337.1209828257
824,209300.0,217973.84855913153,201100.0,219518.0,190375.81808809322
825,251500.0,192988.05087631103,228600.0,239249.0,255329.88637555522
826,97000.0,135326.16399892326,66400.0,90986.0,104714.73966531045
827,153100.0,123007.314966181,150200.0,129331.0,127070.81003466548
828,214900.0,278572.8021246165,291100.0,306949.06,278284.9386332482
829,102000.0,87338.61768096483,108800.0,97817.0,98852.78473442834
830,500001.0,399927.9178259359,430200.0,484588.63,486237.20005185396
831,237000.0,189152.77728183818,210300.0,260961.0,238884.19403583033
832,137200.0,178015.1893212098,124900.0,143560.0,159731.9338711577
833,113400.0,60191.52037446154,63900.0,104700.0,92872.29515851433
834,93600.0,163246.31077007097,125800.0,125619.0,122372.4312876393
835,115400.0,207076.14620534133,129100.0,138455.0,136934.25022091044
836,171900.0,240322.1854623382,227100.0,235109.01,248239.3924640588
837,259900.0,260439.41395869525,305000.0,245372.0,213568.28919781122
838,156800.0,185634.70347090266,154200.0,140021.0,126919.91460437977
839,152500.0,179879.33302576185,153000.0,147831.0,144040.53209163598
840,500001.0,443591.51684797986,500001.0,491242.91,493747.0775869729
841,176300.0,210868.1394148948,313100.0,184149.0,194040.89189877143
842,292000.0,315623.1369734914,287700.0,341115.0,298416.43276771647
843,156100.0,135051.9110153726,112800.0,140072.0,141696.70156096606
844,238700.0,300032.38972648274,293000.0,265329.0,273746.8507027485
845,161200.0,244923.2465786421,186200.0,184675.0,185350.54919423707
846,131600.0,227834.14268239168,134700.0,178798.0,149684.93908211295
847,96800.0,156473.3075386223,120700.0,116892.0,114588.56473908975
848,123000.0,179540.6325768338,111400.0,140167.0,127967.97001333692
849,387500.0,104414.80317803714,154500.0,312985.06,266929.5639932251
850,304100.0,244281.66603029345,232500.0,249994.0,261133.11936168573
851,121500.0,183729.20670743956,125700.0,144567.0,134198.61106471752
852,258800.0,260574.08742369484,267500.0,276018.01,321039.9276815006
853,110300.0,178854.43143369607,109000.0,121651.0,113125.12058081628
854,218800.0,236252.4242326416,250700.0,237746.0,218547.22215313176
855,341500.0,254713.48997095833,427600.0,340898.01,402968.8499441984
856,143100.0,181237.480616984,175300.0,151294.0,158975.2858385664
857,170800.0,206301.84247679493,182500.0,195386.0,184833.1236802558
858,178900.0,224265.21174592504,219200.0,183683.0,158610.60623055123
859,500001.0,443306.39454426954,500001.0,494531.93,513131.9898456018
860,476300.0,306894.82960925414,500001.0,393652.32,359619.08049576666
861,329500.0,273730.03083666414,170300.0,245276.0,334183.443581074
862,258300.0,156754.32094310198,187500.0,209089.0,179739.81982855187
863,114800.0,157425.38384393504,96500.0,106135.0,105420.96498233607
864,332900.0,312751.96353914845,393700.0,325339.02,319493.2902201898
865,158200.0,220094.11173568218,121900.0,152171.0,151909.697434861
866,150000.0,157306.10176381486,300000.0,171245.02,108109.11129881053
867,259300.0,347641.06993519474,328200.0,357155.1,324408.96895265364
868,118000.0,72954.5714095532,145300.0,108442.0,98478.4129585313
869,191700.0,97228.81507405674,81300.0,120363.0,133995.7747027422
870,336400.0,330378.4730399961,386400.0,366617.02,358051.2619507209
871,165200.0,191471.20274713688,170400.0,184018.0,166237.2346346537
872,312400.0,263459.92613231565,199500.0,257514.0,257956.8403356189
873,113500.0,93036.86341089284,113800.0,94887.02,92782.92946427765
874,106300.0,150994.27185044653,184400.0,163047.01,216363.2977944297
875,111800.0,144611.55782656366,102400.0,109385.0,119227.3628939656
876,121800.0,167590.2531613526,139300.0,141706.0,144647.39328586622
877,101000.0,87806.10701305798,128900.0,124077.0,109740.33842740554
878,262500.0,298427.57550231623,177900.0,291077.1,226819.7513682116
879,385700.0,245824.58502633055,500001.0,292736.11,267002.36024847446
880,156800.0,107425.77480615268,198500.0,145981.0,136010.58050376398
881,323800.0,231563.91305233823,188400.0,187830.0,216601.95979421661
882,183900.0,109168.47936245264,215400.0,207304.05,199574.68895014335
883,140600.0,187869.6889232915,128600.0,129528.0,139110.8245886001
884,65200.0,42862.87780514665,56700.0,77985.0,74627.63876172263
885,162500.0,216578.95273682507,174400.0,179261.0,168853.03726365106
886,172000.0,183769.36697172257,111000.0,161277.0,138832.96532578015
887,144000.0,195413.44155168382,146900.0,142342.0,131299.51697469738
888,193200.0,232275.7028963098,226900.0,200144.0,194320.86594186226
889,350000.0,323743.3412664873,275000.0,328230.02,306774.34487854777
890,165100.0,232646.9275840801,179800.0,171058.0,174636.4877445873
891,173100.0,240169.99745757531,172000.0,193645.01,201021.4269176743
892,99100.0,306838.5162401475,114500.0,123873.0,118758.21967132277
893,165400.0,214449.6860851131,154000.0,171640.0,172758.4186251756
894,154300.0,180142.899763936,163900.0,174651.0,140943.1444890314
895,238300.0,246703.60307380062,196800.0,212007.0,200907.4753756855
896,200000.0,173443.0473439038,197900.0,212923.05,149528.33861273684
897,286000.0,237681.63452666282,337000.0,285900.02,283307.4711241493
898,364700.0,269286.93182517664,394400.0,434643.22,443738.0934267087
899,297300.0,290838.2370272577,272900.0,274121.03,248945.19534616827
900,87500.0,31471.10557025933,48800.0,61341.95,77152.21625830221
901,273800.0,203283.89417525532,248900.0,275194.0,279135.56948766904
902,193800.0,171971.64613311828,269700.0,204888.0,216414.7029048702
903,179700.0,248122.43958744482,173100.0,199679.0,186626.6915526193
904,264100.0,272695.9051813188,290400.0,269105.01,249529.95686053028
905,500001.0,461235.89990729623,500001.0,499447.98,500012.44260398165
906,105300.0,97089.6094709684,65300.0,88211.0,92926.6787244564
907,500001.0,348505.80513408297,424000.0,445192.18,438297.9119163838
908,60800.0,62817.93712383375,51900.0,57966.0,52049.28041448765
909,129900.0,168036.4013601272,184500.0,138595.0,126978.86538046773
910,231800.0,245050.6284159364,180400.0,223862.0,195843.0211607763
911,91700.0,114130.9610123898,102800.0,81291.0,85574.75627238049
912,155000.0,186254.21211484887,176100.0,159569.0,153897.8501957003
913,60000.0,142021.42398398212,118800.0,131865.0,160026.3969370821
914,115300.0,148735.71945486811,98400.0,127005.0,112966.2622060342
915,225000.0,243127.8100148858,244100.0,255048.0,271707.2401989373
916,169000.0,164788.49064749572,158800.0,154469.0,142111.0178493013
917,184400.0,165060.3998092242,163700.0,185043.0,183622.88789277597
918,165700.0,280154.69766479207,156900.0,204458.0,212990.66778305662
919,319100.0,264914.8702821182,308500.0,296962.0,304160.88988884893
920,83700.0,126563.03312724616,75900.0,73622.0,84865.21290914019
921,114100.0,109506.42989739685,122800.0,121427.0,114682.13858780777
922,350000.0,280860.78867203486,204800.0,266728.06,256948.27511832528
923,167600.0,224220.06256593158,161500.0,170823.0,168647.65399578927
924,203500.0,227414.91887643427,153800.0,200782.0,193715.99813457218
925,226000.0,251563.97008137015,235600.0,226988.0,208154.6427008812
926,190000.0,207172.775991461,193800.0,195714.0,191775.0468897514
927,107300.0,117129.88086691676,138900.0,113156.0,117738.48022664723
928,135800.0,210287.37578697852,135300.0,125100.0,117960.03377173071
929,138300.0,104389.67942052298,87600.0,104847.0,117349.56245288385
930,91600.0,92469.14761990204,60900.0,79578.0,82318.53085117818
931,129200.0,92093.86708884854,60000.0,68253.0,77582.6596425051
932,186500.0,299523.35982816207,243800.0,227915.01,248159.17493908125
933,355600.0,292790.36036957975,239100.0,285178.0,277613.31430078414
934,296200.0,301506.31606358173,261500.0,273851.01,274393.8423201514
935,66100.0,65952.71369541966,59100.0,55831.0,54672.65253581847
936,370000.0,289001.99449460226,500001.0,391853.14,406534.60257766355
937,124800.0,101446.99063300586,141500.0,149737.0,126228.7560301399
938,126200.0,187260.1690058079,138000.0,169251.0,131797.72744580053
939,116700.0,140792.00056820884,106300.0,161871.0,131415.9733911389
940,116800.0,129068.8300774502,115100.0,119875.0,116478.24328009029
941,194400.0,240567.61168176035,150100.0,193262.0,171936.5359099492
942,90200.0,166615.10894099425,67500.0,128220.0,112389.12095187153
943,71900.0,27476.78326602225,53100.0,61771.0,53905.75546602195
944,495400.0,456025.1207491588,493000.0,477814.47,451582.84861790144
945,131300.0,178387.5988257773,244100.0,182867.0,153590.75265283653
946,162500.0,278358.2714244586,457100.0,355977.15,325900.90512644564
947,183100.0,215644.24804700993,150000.0,199902.0,182441.55436402815
948,182100.0,134000.99552833056,187500.0,169728.0,117395.17016201951
949,156700.0,165864.6439800664,130600.0,153377.0,166395.87527478603
950,193300.0,264807.3991111674,264900.0,295139.1,278562.3926611488
951,144600.0,196663.06984025583,141600.0,190829.0,173124.6653267274
952,212800.0,141383.9363259471,140800.0,161155.0,161234.37065666728
953,49800.0,42497.01538881555,69000.0,52428.0,52731.893979949724
954,193200.0,202271.38971537893,126500.0,203852.0,224894.03011126048
955,67500.0,193509.30876458515,238500.0,232621.02,236841.64537642186
956,258200.0,302513.9605189223,287900.0,292299.01,289599.7819450791
957,97800.0,157974.83461533356,92900.0,91160.0,89190.41978303101
958,65400.0,84867.93840333074,88600.0,73773.0,71363.21083079968
959,156700.0,162161.477249354,166900.0,164759.0,153454.75227414747
960,74700.0,166174.90633328506,80500.0,77591.0,83149.59528973611
961,234900.0,270160.5075265009,155500.0,224134.0,237311.8935732353
962,77700.0,140701.9499806189,156300.0,110378.0,110879.0760143076
963,239200.0,173418.2604805258,187500.0,211496.01,204414.18431386995
964,189900.0,199120.02787621948,249100.0,158689.0,187231.19348477083
965,139800.0,153052.96970012021,154700.0,154820.0,121256.36976746557
966,137500.0,152839.74938254745,166700.0,233906.0,212872.04940066094
967,154200.0,124094.1866402819,214600.0,181193.0,202190.46836846863
968,290500.0,232656.79514752387,249400.0,226224.0,240733.79259989096
969,329400.0,342177.68531198055,435000.0,360251.11,372638.85538685834
970,79800.0,117461.21855088805,62000.0,74072.0,90627.46726563
971,232500.0,216773.55271887596,140600.0,316764.03,312576.55134207045
972,228600.0,256512.84668513588,276000.0,245209.0,234530.43631721797
973,186000.0,225242.74770251202,170400.0,209824.0,209413.82511381272
974,288400.0,237503.37109364112,274000.0,231905.0,248635.68838134888
975,500001.0,306297.19551052095,500001.0,433191.48,471893.5219957946
976,129200.0,140966.44714381284,141300.0,148708.0,130485.95056874433
977,264100.0,223584.51889820973,324400.0,250028.01,229882.19239524263
978,79300.0,37142.72291010924,73000.0,72313.0,64033.46410068861
979,113400.0,120555.26866424823,127900.0,132327.0,124382.38007720819
980,207400.0,296993.8914824611,315900.0,295710.0,302192.1233288059
981,145000.0,145425.7639130672,161000.0,136610.0,127694.93059579891
982,262000.0,311170.7600950909,275000.0,293424.01,292785.8167255163
983,95800.0,83386.83843347756,86800.0,98926.0,90534.75331152472
984,164400.0,225220.03945232352,166000.0,166001.0,163962.23644897155
985,87500.0,141612.71600528157,86200.0,109535.0,104123.27088553169
986,212500.0,227594.1991227399,237300.0,195073.0,186683.63702719103
987,143500.0,147303.58741956291,184500.0,179290.0,183165.33455175936
988,332700.0,399684.1228459941,375400.0,390471.15,415500.619506595
989,240900.0,317120.23566665995,408500.0,368543.17,356442.09249291796
990,193400.0,147556.02892167913,195300.0,231850.03,223114.52123904208
991,182300.0,249913.10005342914,193100.0,196460.0,198687.4741319341
992,346700.0,233982.96102942497,357600.0,340131.04,350365.8655421775
993,337500.0,272242.76417463296,341400.0,361916.05,423555.9079529964
994,146300.0,157131.55115582884,141300.0,134384.0,117161.47404752266
995,127800.0,200816.84520763034,132200.0,144305.0,169334.78206988092
996,190300.0,256040.96843220806,166900.0,187290.0,183009.1511919256
997,187500.0,161188.2250241277,210700.0,204267.03,263058.96408789227
998,357100.0,250098.089677554,244700.0,267760.06,289472.8425206377
999,346700.0,256895.01994194466,338100.0,326475.06,335725.311217534
1000,273100.0,324124.6067351694,422900.0,340743.04,354977.16049902356
1001,156900.0,230449.44377940556,181100.0,203499.0,204324.05516794132
1002,500001.0,398657.9504426497,500001.0,450737.32,487940.3578723493
1003,145000.0,174928.06170171412,114300.0,149158.0,143866.69870651633
1004,116300.0,126015.38589114774,137200.0,131856.0,115442.75280588107
1005,204800.0,256785.1952219449,169600.0,224823.01,227754.81604088936
1006,285200.0,258068.02725936758,230400.0,259945.04,237920.9260296486
1007,111700.0,177535.90379481268,106400.0,142113.0,115445.72146088704
1008,154300.0,158288.5565218145,108300.0,160498.0,161375.12648810353
1009,157800.0,213627.7862585529,197500.0,190898.0,186418.82581072644
1010,96600.0,78627.14117735284,118300.0,109928.0,126255.22453611954
1011,162500.0,13865.36964809944,150000.0,100307.0,75799.48329283841
1012,216700.0,266676.55516965606,196900.0,197184.0,185316.94730215613
1013,136500.0,135173.49076473305,119600.0,122887.0,122965.67968768739
1014,294400.0,277498.2249005754,245400.0,245991.01,264184.648721299
1015,147800.0,239476.4649148557,255200.0,212349.0,189724.00374564374
1016,205100.0,218523.3460398584,187900.0,207050.0,241927.1291266301
1017,281600.0,259522.0174828809,199600.0,197677.0,236451.73662857563
1018,276600.0,222149.5722584337,242700.0,212385.0,247720.24732364732
1019,161900.0,247886.93100394757,127400.0,158621.0,185017.52759834038
1020,500001.0,472896.7786938668,500001.0,499153.98,443228.437504828
1021,232200.0,269308.988334138,220200.0,246879.02,249304.8142325676
1022,228900.0,277622.59162237454,210600.0,240489.0,238735.2012791675
1023,200000.0,259032.15436161618,188000.0,200072.0,200637.6399324223
1024,391000.0,319375.64167273324,430300.0,369181.01,339014.6757640958
1025,356000.0,344359.8058624565,400700.0,365382.06,357421.35613987705
1026,71300.0,62821.25788551444,43900.0,51136.0,54238.466055099365
1027,76200.0,96606.43695695348,87000.0,86516.0,81584.27698446283
1028,134700.0,93164.13637342902,120900.0,120085.0,133399.58879665064
1029,92600.0,161295.14021019917,99600.0,96106.0,103958.70137482298
1030,162900.0,183718.08929296507,120800.0,111722.0,157383.1237248234
1031,232800.0,243067.20967157918,220900.0,219254.0,193281.57631571684
1032,122300.0,73457.8261546905,124100.0,113449.0,99861.73880246416
1033,178300.0,200627.04677753442,155200.0,182724.01,152755.19808230415
1034,295200.0,157828.56298645743,139200.0,171140.02,164532.13477901754
1035,53800.0,97408.48940046711,45500.0,64898.0,55964.26680033813
1036,145200.0,159796.243866751,137500.0,166052.0,167386.85097294574
1037,127200.0,116166.10050326528,125800.0,126562.0,120541.53189933764
1038,216600.0,296056.5943730509,334600.0,377812.26,308316.2478719484
1039,387700.0,342880.7482527748,500001.0,380350.18,438610.51005520707
1040,183000.0,254918.3563102367,242300.0,236860.0,246362.50207141024
1041,227900.0,266972.1550203935,270800.0,256851.0,258406.34152220385
1042,403300.0,290296.6111810889,223900.0,264114.03,352089.0618398378
1043,254700.0,244849.28091661335,306000.0,282729.0,264495.9541597628
1044,219800.0,226982.2274193462,164700.0,186003.0,208934.7661595325
1045,190600.0,252128.4111129058,240500.0,205515.0,199784.17008806072
1046,70300.0,75032.70669100693,65300.0,89020.0,83454.79540546455
1047,221900.0,71315.00738338951,155700.0,114515.0,105254.5519133933
1048,90500.0,87308.13931580323,75800.0,96609.0,88802.41289305371
1049,500001.0,397219.8379067627,459600.0,459719.55,475513.98552802706
1050,75000.0,106383.53141375829,68300.0,82588.0,79715.24760205412
1051,148700.0,202009.5774156071,158500.0,226048.03,222925.34867804774
1052,152900.0,110143.65160138329,72300.0,123315.0,126147.70242973216
1053,268400.0,222684.88367830563,243200.0,251165.0,228400.3283337595
1054,195300.0,206125.41871737436,238700.0,226175.0,224866.95523189235
1055,64500.0,79257.04672587257,66100.0,73935.0,70781.63985056766
1056,185400.0,202474.10919799356,306800.0,190125.0,191356.07540600954
1057,186900.0,244085.174130649,207400.0,202611.0,186558.62169585595
1058,173100.0,225350.35402168077,202400.0,184252.0,172180.01957739049
1059,150700.0,159617.21199967622,207700.0,154067.0,157750.5204017139
1060,265300.0,244362.7392459588,500001.0,345232.23,272169.7187670906
1061,185500.0,225451.08867735777,191000.0,185076.0,184609.34821721053
1062,84600.0,152140.62331428274,187500.0,135845.0,124445.20928603107
1063,337500.0,227010.93600888795,316700.0,331166.0,274387.3907838286
1064,500001.0,471795.0713951695,500001.0,483041.81,521046.740694895
1065,194100.0,284756.8388920657,244500.0,266054.02,235012.7362945341
1066,500001.0,440692.81558137236,363600.0,450554.62,506219.52075972554
1067,88400.0,109195.73829434127,86700.0,91296.0,98783.57970530454
1068,135300.0,208634.7966895418,121400.0,144158.0,172550.82391131137
1069,173800.0,185636.90645589092,247500.0,181321.01,160347.2154202067
1070,168900.0,245513.96104932114,196200.0,208848.0,218176.59967338177
1071,275900.0,320934.49322271766,328200.0,315739.13,289850.40358242264
1072,150000.0,211858.90623297932,181300.0,209144.0,198210.85365177938
1073,201300.0,164674.59085711354,153800.0,177267.0,172992.22791428544
1074,85800.0,91879.62031853336,81700.0,83535.0,92959.71601527922
1075,70200.0,128921.52137323155,70400.0,78544.0,84974.1379133973
1076,279000.0,321109.9532982505,314000.0,351567.14,362081.3898664192
1077,179200.0,165829.75547875417,208800.0,183519.0,178281.45121581494
1078,500001.0,275527.5831552497,500001.0,440994.34,439295.2676986288
1079,500001.0,678348.9428382805,500001.0,500001.0,503075.1748394873
1080,168800.0,235325.78312121113,170700.0,217745.0,216274.53939350598
1081,339300.0,273047.7543191242,252900.0,273874.01,272274.24864343484
1082,195100.0,253305.37639778957,134100.0,208139.0,249354.83050199898
1083,43900.0,67143.24592179607,95800.0,69042.0,77039.11436022037
1084,147500.0,191463.42311531783,126000.0,147429.0,166463.98806161567
1085,500001.0,301916.7861530441,355100.0,357786.11,415154.2016951881
1086,155000.0,92980.84101071073,75200.0,85948.0,83610.99697519695
1087,90200.0,139520.81279456994,91400.0,99071.0,110166.76180942959
1088,50000.0,87580.42677999605,54200.0,59953.0,53541.410541314195
1089,158500.0,221329.1887713132,264000.0,197841.0,181752.24842974628
1090,166500.0,184308.97568483447,237600.0,192497.0,201250.78052364444
1091,51700.0,97221.73024240429,52100.0,56902.0,63544.676290596704
1092,320300.0,216156.39282042684,283700.0,291356.0,285593.6372219822
1093,131100.0,146537.14341835305,132700.0,137165.0,121857.60821032255
1094,169600.0,222846.6543086528,156800.0,158965.0,160150.75912274525
1095,181600.0,271052.9977683482,132700.0,179421.0,217263.26363055487
1096,232000.0,245608.0765673773,240700.0,238528.05,225878.119613794
1097,299400.0,320969.8607350287,311200.0,255750.0,292772.3984922768
1098,192500.0,229521.01134390978,350000.0,225852.0,246997.21852348937
1099,275000.0,61630.59584400826,96100.0,106954.0,144439.88467089285
1100,187800.0,179551.44489398063,181800.0,206773.0,176690.9717184178
1101,202200.0,209605.4383474786,217700.0,234494.02,218374.6647343759
1102,330000.0,251664.23486757468,500000.0,428953.26,408583.8221598575
1103,155600.0,177452.80976102463,180400.0,171284.0,174883.61692503566
1104,160300.0,206055.45434931896,361700.0,253219.0,190586.37108806797
1105,217100.0,255876.91387716704,264300.0,236506.01,268990.8918478078
1106,260700.0,285458.2506146907,241000.0,282551.03,266642.589100542
1107,350000.0,273797.12565157824,411100.0,410757.21,491409.1927805804
1108,259800.0,263232.6072194269,306800.0,265470.0,260212.88969190302
1109,52600.0,82033.87454507836,44800.0,54976.0,50976.067948831755
1110,132800.0,159636.33028904442,143200.0,127068.0,118422.49908334906
1111,146500.0,116785.1833183994,184400.0,160156.0,151124.71785791006
1112,179900.0,214678.84312630878,160000.0,145843.0,153614.11146981153
1113,125200.0,91161.96425586444,162500.0,139535.0,114255.25388295067
1114,346100.0,255501.65858903225,500001.0,240002.01,214214.62603180102
1115,162500.0,126253.55564698714,193800.0,194594.0,219136.29755917727
1116,231300.0,202596.1633839804,118100.0,187969.01,182124.6494197444
1117,81500.0,118655.23177492226,84600.0,96851.0,108386.81154627685
1118,500001.0,460475.00687147933,500001.0,500001.0,501898.3710482377
1119,168000.0,201226.22406027242,191300.0,177959.0,171942.1847040952
1120,166400.0,205357.44861702024,163900.0,164287.0,167659.39123135558
1121,297600.0,226031.17358332843,179200.0,232357.01,221078.05530249223
1122,178100.0,291164.732094228,256000.0,316458.04,262099.38197044295
1123,179200.0,184172.3688577759,142300.0,171020.0,179312.17141110884
1124,457500.0,283396.4882492819,262500.0,320008.11,392568.375492188
1125,160100.0,106169.089008285,142700.0,157653.0,159503.61204716197
1126,218400.0,197823.72358194346,187500.0,192308.0,182949.17318215937
1127,108600.0,81654.46549635744,88900.0,96099.0,97850.32116647839
1128,81400.0,103083.51786355347,130900.0,117988.0,105470.4123873157
1129,96400.0,103309.79019552997,140600.0,123193.0,130491.02092319941
1130,424000.0,332712.33182257065,351600.0,394856.1,434811.17190174235
1131,212500.0,21184.099693800556,146200.0,106560.0,156408.68570625133
1132,228600.0,275462.5572440028,168400.0,221960.0,235416.47135257593
1133,153200.0,193270.5740991934,162900.0,157776.0,149356.92943831498
1134,193800.0,195050.85077308654,230900.0,203092.0,193096.1160860348
1135,99900.0,111398.77687461907,125400.0,118259.0,113438.13961668563
1136,96300.0,133679.15749871146,83200.0,123050.01,101448.64117188107
1137,103700.0,78359.82004504939,96000.0,100791.0,105523.50078175013
1138,270100.0,332378.3404156876,328200.0,341957.1,323167.1789608906
1139,156800.0,131870.33746574225,300000.0,145645.0,178652.69128602537
1140,126800.0,162311.70012257833,102800.0,109729.0,105891.890595146
1141,372200.0,244309.51762992342,341700.0,366460.0,385406.83464859996
1142,139000.0,121431.1640796825,86300.0,119804.0,121158.39356169074
1143,239900.0,299115.3984735097,225000.0,267067.01,273655.4199307476
1144,90000.0,207904.03969219743,104200.0,100072.0,116924.20708922496
1145,14999.0,207356.66997748613,486800.0,242394.0,143596.7241162458
1146,57800.0,38226.20373108247,90300.0,81036.0,79822.4097247853
1147,212300.0,274810.3238540598,178600.0,211301.0,198465.88185490624
1148,138800.0,165944.63991889168,85000.0,197066.04,182813.45786118196
1149,115900.0,90793.91300904614,121200.0,121276.0,113393.40900843836
1150,81900.0,64273.79155088778,47600.0,91423.0,100578.57215663341
1151,244800.0,251426.27201822159,246900.0,199933.0,232508.94313500272
1152,163900.0,186561.5015884241,203200.0,163542.0,166479.3099363384
1153,165500.0,231243.4850929663,241100.0,166028.0,167103.8215946143
1154,218800.0,237593.88720746437,191700.0,191252.0,204460.68581860696
1155,157700.0,115773.25164848067,107900.0,134022.0,141035.71384332885
1156,489600.0,207672.42107894726,192100.0,255414.01,190846.64287955576
1157,48800.0,89534.56983823056,58100.0,60302.0,51768.45041807632
1158,500001.0,276411.35560036986,500001.0,487220.58,449337.6860475501
1159,298900.0,299284.9523004673,278100.0,272467.0,279070.5409163747
1160,109800.0,129956.10804183169,127300.0,122110.0,111078.2121105842
1161,151500.0,122584.84848542263,142400.0,137243.0,134158.59513527693
1162,143200.0,133886.83004365762,147300.0,147214.0,136802.79682219998
1163,105200.0,203630.87639058096,96100.0,139077.0,150327.95579514766
1164,500001.0,224956.4435344268,279300.0,303455.09,347836.0830750271
1165,87200.0,106574.34679036234,91400.0,88587.0,91215.04101339538
1166,71800.0,195131.94750992637,163400.0,214628.0,142851.08894159316
1167,137500.0,197999.8049935991,177500.0,167146.0,188279.75751968977
1168,60000.0,70639.0129783735,72500.0,90233.02,112958.77415238597
1169,98700.0,84827.13195081151,73100.0,74795.0,94232.08499890826
1170,369100.0,355139.21991468203,376000.0,364157.16,434682.2224439354
1171,313100.0,258766.59571435518,500001.0,345101.14,341345.6864532474
1172,133700.0,212179.15030763348,178900.0,167562.0,174356.59306180727
1173,109900.0,143034.42090082332,132300.0,117852.0,106829.38480821149
1174,95400.0,117081.23930399744,126600.0,100973.0,93739.17167137186
1175,86100.0,135921.64583634987,78400.0,103060.0,99596.20587090211
1176,310000.0,213666.36265109494,300000.0,269497.06,304059.2208302805
1177,159700.0,233235.51590713247,156700.0,165071.0,161055.42531159276
1178,55000.0,216643.600739751,140600.0,317426.04,374979.9142039136
1179,184000.0,217302.89220309304,184900.0,177590.0,162245.08439675154
1180,237900.0,265008.47948835394,257900.0,257111.0,265056.00271930464
1181,147700.0,191809.61528636573,170800.0,136067.0,150681.23535232022
1182,228800.0,270222.65298260056,223800.0,245029.0,261299.66876696813
1183,67900.0,124894.74988974785,183100.0,111394.0,111965.48406140902
1184,60300.0,68569.08952503453,74800.0,74331.0,63787.911993623085
1185,117900.0,162049.07551617207,222800.0,165713.0,143169.10013778554
1186,157900.0,181368.01331232334,153500.0,158601.0,169471.03566136287
1187,205000.0,156827.28705210343,192800.0,207973.0,186308.35400973953
1188,186700.0,175310.7898542799,171900.0,187558.0,187501.11087461124
1189,91700.0,88060.45173966566,77100.0,80255.0,76777.8096437512
1190,72900.0,123365.28993396503,105800.0,93674.0,93796.48911321699
1191,250500.0,263364.784630895,204900.0,248922.0,264359.28810238093
1192,470000.0,309010.6408332194,486400.0,427501.17,467584.0111259861
1193,244600.0,243473.4266927573,345300.0,252976.0,231680.67542246683
1194,65200.0,73097.03338536725,52500.0,68174.0,79738.50292245403
1195,102900.0,141677.43564503378,86300.0,94331.0,94579.22269534456
1196,228300.0,426002.2789969865,304100.0,319505.03,370362.39223177417
1197,178400.0,163083.75394721905,108500.0,153845.0,177068.44575041256
1198,218300.0,278808.18458243157,213400.0,208737.0,236024.22370388205
1199,463800.0,313894.2686611711,248100.0,358731.25,410746.72105074674
1200,385300.0,280913.3570722084,381300.0,343478.13,316136.12245570746
1201,88500.0,74671.75777166546,94900.0,78136.0,81273.7539132885
1202,289300.0,269002.9586234901,280200.0,284470.01,340243.4804831672
1203,158900.0,177977.58496507624,142600.0,132509.0,132210.27153659807
1204,144800.0,200076.52902821582,145800.0,166612.0,135758.20834769288
1205,209400.0,234116.93826960065,182000.0,195330.0,217764.0696345274
1206,170000.0,247870.52714613982,166300.0,178297.0,191339.14841735098
1207,112500.0,129058.03545576506,106500.0,132071.0,131139.74276760654
1208,256200.0,267858.197796183,292200.0,248958.0,182380.56219361295
1209,169200.0,193986.5540779641,167800.0,177968.0,181584.42703958417
1210,98300.0,125488.56662921433,102300.0,120928.0,119458.5838218036
1211,207200.0,227920.59367127364,158800.0,205191.0,191729.50470928202
1212,74900.0,93542.4849791432,56700.0,71004.0,85329.2548403673
1213,85700.0,4567.506707343069,79500.0,88891.0,133241.69177937479
1214,281300.0,227485.20079962275,258400.0,210349.0,212525.81458328708
1215,138100.0,241812.29566665983,151200.0,167202.0,170975.5943191373
1216,205600.0,165262.3689772745,170800.0,201951.01,205374.77422316797
1217,500001.0,460516.86241060554,500001.0,465537.53,438908.70662140846
1218,85300.0,137090.5607832108,84400.0,109394.0,105837.56551500328
1219,288200.0,294019.2387934219,278600.0,248438.01,226423.18268253814
1220,128100.0,135893.27408813778,110500.0,146750.0,136435.73062212332
1221,207000.0,266278.95184404484,234900.0,244196.01,247860.80768892457
1222,362500.0,206252.87568085213,150000.0,197291.01,238040.48692624737
1223,280000.0,239666.98998510058,406500.0,393001.03,355682.3208686013
1224,128800.0,132374.47907155787,141000.0,140209.0,123409.48743445883
1225,261500.0,299819.27955641726,201700.0,262052.01,294690.6718298554
1226,140700.0,224616.08499336863,178100.0,144217.0,139270.86074167292
1227,237500.0,217494.55990239314,340000.0,257723.0,237922.2883474867
1228,95700.0,172040.81689417711,156700.0,146821.0,136935.11335635837
1229,86800.0,-21635.55495309271,62900.0,67887.0,33894.49082137517
1230,186500.0,195595.65489279927,139500.0,183276.0,179462.83030692456
1231,443600.0,304419.51670014986,384400.0,338560.02,331621.2919052298
1232,107600.0,169934.8337576638,122800.0,132683.0,117236.39208698095
1233,218200.0,242292.10654330163,189400.0,217126.0,227747.00894118327
1234,433800.0,417697.7764256054,500001.0,478682.67,461604.2833480595
1235,150400.0,182184.06727560388,139300.0,158053.0,158283.81658262154
1236,162300.0,245473.14055154542,249400.0,199067.0,188632.196270175
1237,188300.0,278693.379748215,180700.0,220672.0,285649.4730984204
1238,164600.0,177495.00691736385,167000.0,154544.0,152652.1245503494
1239,131300.0,153257.0690155231,110900.0,135427.0,141018.55051693623
1240,135200.0,182835.02175249415,140600.0,149550.0,144017.84926940227
1241,71500.0,27396.785277422605,85700.0,83678.0,75279.55007679938
1242,170800.0,217641.24098622287,250000.0,218589.0,211245.85180578497
1243,500001.0,399144.7414180948,500001.0,458869.64,493749.97944668547
1244,142900.0,199326.21534144296,112400.0,144649.0,146166.72950041958
1245,329800.0,368798.41389398905,255900.0,351773.03,359281.8934018476
1246,500001.0,210235.4227124746,168800.0,289174.04,288971.1181177094
1247,233600.0,286370.8658962222,314100.0,280509.01,283919.1777875998
1248,184100.0,180507.57458804632,184400.0,193939.0,164602.43745631148
1249,96400.0,166389.52709582396,171400.0,149805.0,137541.16667274563
1250,166300.0,231556.37102390372,151000.0,211703.05,188688.58252956605
1251,229000.0,251925.60873494745,338100.0,257879.07,228596.82130181947
1252,187700.0,173767.57227211513,141400.0,161737.0,135611.05563916126
1253,278100.0,332169.68734277156,252300.0,300948.03,333733.95078821987
1254,90900.0,146232.98587841672,134100.0,161158.0,151467.48092895676
1255,59000.0,94695.88759488758,65100.0,61768.0,63190.11509462397
1256,72700.0,110130.94584565502,66000.0,89992.0,89455.16433087541
1257,99500.0,163214.47970743655,90100.0,95614.0,106979.20024151048
1258,350000.0,136064.8566723638,200000.0,210241.01,238921.88052668725
1259,117600.0,125254.03950026509,163300.0,128201.0,120141.27077472248
1260,117500.0,143427.92587846855,297100.0,165400.0,167581.8560564792
1261,77600.0,88513.91169821049,108300.0,103240.0,99007.83911850335
1262,86400.0,147763.5254509034,99500.0,93485.0,90784.74456162912
1263,158200.0,238057.86673209985,190400.0,189318.0,167655.16957386216
1264,225800.0,263273.27371072187,261300.0,258729.0,241521.77424726283
1265,160700.0,156116.0340977166,118500.0,132380.0,118490.46109490318
1266,117000.0,98468.1225488648,107000.0,124015.0,129149.3856563843
1267,218500.0,290130.9517968962,349000.0,302001.0,294877.32697840844
1268,61400.0,80261.65517166638,106300.0,63918.0,56872.33144254656
1269,86500.0,98185.77190327038,118400.0,102597.0,104116.86959775942
1270,208600.0,215681.45019853112,199300.0,189987.0,212989.7254196265
1271,113500.0,148798.16279626952,113500.0,119703.0,115107.11652350001
1272,143800.0,160065.36647118267,171700.0,158177.01,141759.85377678546
1273,60200.0,65919.79472211341,94200.0,78298.0,68200.08870932357
1274,204700.0,192310.09826780943,146300.0,191159.0,183919.34160630862
1275,102900.0,123080.52304616496,130700.0,106221.0,115634.09373894622
1276,156400.0,197612.39371044282,135500.0,172392.0,186367.86321177505
1277,136300.0,225114.41121108131,124200.0,133775.0,155196.27232749114
1278,285400.0,339455.1780421468,264700.0,336727.04,356845.05154162156
1279,216100.0,167171.3952799584,141000.0,200358.0,171651.73076303766
1280,95200.0,134625.8165136527,83100.0,104287.0,118271.92894230448
1281,136100.0,181076.3288928272,165000.0,158897.0,153728.05420153704
1282,500001.0,307075.7741870289,305000.0,438044.55,470310.4380678475
1283,218800.0,253031.18080498464,220000.0,261790.0,238543.1778761515
1284,81800.0,106509.20295778885,70000.0,95894.0,143538.03443875056
1285,184500.0,240140.78878195927,500001.0,308221.26,224951.71232180463
1286,273300.0,361122.46060134924,273900.0,353062.24,376121.45345789194
1287,282700.0,278115.8693793088,219500.0,274870.02,300976.9654160529
1288,361400.0,328084.2975809034,361200.0,337793.02,343820.89878912776
1289,225000.0,503574.58082759427,281000.0,275994.27,339792.2292539295
1290,219500.0,261609.40522965038,223900.0,254863.0,262925.1176098509
1291,70300.0,110727.86239785337,110800.0,76144.0,89595.89408530407
1292,434500.0,412101.28133012634,365900.0,423815.3,415962.28446176794
1293,285800.0,251616.29534282055,286500.0,264068.0,269790.7458463801
1294,469900.0,390941.363359672,500001.0,447322.25,462133.7864080439
1295,202700.0,227231.5418570903,207400.0,207683.0,204883.72858945755
1296,290900.0,280683.444136724,208300.0,273393.02,322262.7255584807
1297,266900.0,264293.9792274103,290400.0,268300.0,253872.8268912902
1298,199700.0,229131.35089811054,157500.0,229173.0,219950.49627233096
1299,139100.0,185433.84099653907,263600.0,148685.0,132978.1932918219
1300,500001.0,466692.5024346684,500001.0,491072.75,486297.1031955554
1301,47500.0,89313.5858886249,156300.0,106038.0,67109.61386490826
1302,79700.0,158240.1347427188,107800.0,96782.0,96562.46602170526
1303,256000.0,248748.93473669852,185100.0,221032.0,241578.5206577146
1304,247500.0,187544.35758964097,217100.0,207048.0,195770.89819590806
1305,179100.0,122767.69923118947,104200.0,112476.0,131573.96328970804
1306,139900.0,176620.26520652903,167200.0,167394.0,176966.82912855854
1307,242500.0,216302.95834880852,229100.0,241840.01,261076.4702917228
1308,143100.0,251624.71917077372,217500.0,197626.0,178623.65763527193
1309,76200.0,85462.14284007979,155000.0,95476.0,90780.03534687722
1310,112900.0,160189.81396341138,97200.0,99375.0,105331.38307793303
1311,156500.0,165986.0950366761,189100.0,170283.0,159609.6461589258
1312,74600.0,90040.41564170031,76900.0,72523.0,71623.47300157702
1313,188400.0,239940.3813186418,183900.0,203151.0,202307.62982372523
1314,81500.0,34754.54124344795,65600.0,74202.0,73405.31445593665
1315,265900.0,312475.68226590607,325500.0,289423.02,277448.19398711337
1316,200200.0,246820.90985731257,209700.0,232805.0,229550.94164742858
1317,188600.0,217034.92951397633,191900.0,194884.0,182281.80586380055
1318,112500.0,155382.6996892482,133300.0,132142.0,121514.67450601138
1319,56800.0,94988.1215494028,49200.0,73724.0,67820.20807550102
1320,219500.0,276157.9503002297,230200.0,231187.0,238756.98712585695
1321,177500.0,175377.24655698688,96900.0,148287.0,163930.06232290308
1322,175800.0,255320.40542448778,173900.0,180338.0,188053.912019004
1323,294900.0,312772.6260995063,450700.0,311554.01,315055.18299957307
1324,253600.0,179495.50376949768,222900.0,181428.0,169860.9586475842
1325,178300.0,194002.35083717998,175000.0,166905.0,144300.9290903455
1326,139400.0,108840.32667339247,145800.0,152540.0,135849.26752867404
1327,240900.0,297833.08964440913,338700.0,329169.04,321238.31994628196
1328,272900.0,213805.79334123782,273100.0,265253.09,253422.73621571372
1329,78800.0,174649.63223156336,168800.0,175795.01,117874.1752924886
1330,162200.0,200588.93133993345,170900.0,161240.0,173195.14644692926
1331,190300.0,189750.15006701756,149100.0,185406.0,150025.75562291712
1332,300000.0,332790.84919875755,225000.0,311729.13,320080.02278464887
1333,101300.0,111239.33767263277,68500.0,92180.0,102293.89619625604
1334,500001.0,428868.7456650927,500001.0,492519.89,487350.34944432316
1335,370000.0,262301.7335068679,381800.0,410719.24,438134.44129024376
1336,203100.0,232613.50579859514,200000.0,185782.0,181850.91803830938
1337,225800.0,214712.5148709036,153700.0,199344.0,205302.8036062856
1338,91300.0,136964.26195862738,112200.0,102707.0,109740.11738550817
1339,118500.0,52193.904404444445,112800.0,157843.0,149743.20398419452
1340,150000.0,154024.36093223793,153700.0,161685.0,167538.00512313424
1341,201900.0,225574.39824557866,208100.0,183896.0,185070.33117098315
1342,500001.0,313222.96605697525,350000.0,375801.28,458162.2059342126
1343,396800.0,269289.53734321,347700.0,363814.0,351670.1960945424
1344,134800.0,92436.0352479414,109900.0,121398.0,123933.71229167952
1345,140300.0,207822.92343034205,170900.0,183071.0,175386.38009930553
1346,138600.0,220577.19972723746,160400.0,161313.0,147048.57188219143
1347,130400.0,167605.77222066844,140400.0,137638.0,125763.24980586203
1348,134000.0,136339.26116507067,150000.0,141173.0,134032.03571622027
1349,481300.0,371009.20576989476,337600.0,417869.3,397482.7823840568
1350,76400.0,93451.66679234542,75600.0,70430.0,72106.29248543219
1351,160300.0,240101.07315281246,195900.0,206034.0,161151.1432492959
1352,194300.0,180981.95427890276,275900.0,224924.02,216386.91104370923
1353,354500.0,273990.93005222245,425000.0,418102.12,374836.5453450098
1354,57400.0,57020.69805543678,59100.0,57215.0,57082.122392803896
1355,290600.0,269018.7641602684,500000.0,384197.08,421520.7583217175
1356,192900.0,234519.93265341636,194700.0,183775.0,167029.86498067412
1357,123000.0,149498.7945602676,92400.0,100931.0,133168.62292422086
1358,51700.0,86066.46117358287,61200.0,61044.0,64842.04222759975
1359,365900.0,312832.4689576592,361400.0,373130.04,384709.51959796075
1360,212300.0,191395.2743709839,187600.0,238233.0,238201.62729428278
1361,145500.0,180657.24304556643,148900.0,183346.0,182773.45309286495
1362,67500.0,158916.47105425582,187500.0,154001.0,134157.81913541406
1363,187500.0,183090.78710228894,261000.0,222836.0,215553.30362413632
1364,251800.0,224362.68828120502,225200.0,223188.0,247801.812495122
1365,157500.0,248739.76653839066,136900.0,214636.0,249272.11415936492
1366,50800.0,85896.88504649764,51500.0,61663.0,63459.35117306644
1367,63800.0,97823.97442515305,58800.0,67111.0,72099.6933453258
1368,226400.0,182562.62652547436,238100.0,192332.0,192939.69942136758
1369,371500.0,324055.86384843674,400000.0,385380.09,375814.56255924865
1370,135200.0,167925.59755744395,195900.0,169063.0,163965.01299398133
1371,87500.0,147472.58264817236,100000.0,97763.0,83042.63432536613
1372,295800.0,281907.70351722813,291700.0,281688.0,405228.89407722116
1373,214300.0,203040.1521247726,188800.0,192549.0,198212.37262824687
1374,218500.0,237420.23209649368,454400.0,255827.0,247229.2550489805
1375,113500.0,150022.8565573636,114100.0,122297.0,126830.82080147791
1376,55300.0,97748.77524075178,62000.0,66749.0,69193.48982162439
1377,54400.0,9384.740319507255,110000.0,109406.0,78164.76108306427
1378,258300.0,297899.26928513125,350000.0,295681.19,270577.80114770826
1379,105100.0,121205.84513820885,101600.0,120380.0,107157.29224913864
1380,234800.0,220437.90940392273,306300.0,251170.0,240661.88999265264
1381,405100.0,329864.07751309685,500001.0,400915.17,416082.9900994241
1382,118800.0,34336.71115474688,61500.0,75516.0,75793.66324901435
1383,130500.0,142785.5530308059,176600.0,165839.0,176631.62642918644
1384,72800.0,77075.36107885579,87500.0,86805.0,68377.42453866746
1385,255600.0,297341.7836180811,160200.0,296242.04,300418.09724122344
1386,204700.0,182559.48401031026,205200.0,188082.0,188561.23819945325
1387,120200.0,46168.473855620454,88900.0,91719.0,94275.95446035403
1388,63200.0,113400.36003458823,65800.0,64378.0,60073.98412625556
1389,275000.0,306126.08888277377,240200.0,290957.07,276107.18070094654
1390,69800.0,146574.93166269816,100000.0,116186.0,103708.90468608872
1391,165000.0,208287.14796160042,164100.0,183615.0,171657.415113773
1392,64800.0,79461.74032684774,69000.0,72500.0,69819.43097754943
1393,267300.0,265494.0650957966,330100.0,314519.01,280602.16422273655
1394,147600.0,180677.49527603446,133300.0,143534.0,150186.47515144257
1395,201700.0,270606.002750106,271400.0,243131.0,236510.7237977945
1396,225800.0,255315.68055908522,174100.0,225698.01,213001.04384260622
1397,101600.0,187238.07306171322,98200.0,95833.0,114605.40325364303
1398,224200.0,211742.5922922614,162900.0,210573.0,245909.26658826307
1399,55000.0,64119.36190150687,81300.0,68800.0,73945.07697205465
1400,180300.0,245771.34882104222,237500.0,205566.0,241285.82545832123
1401,131000.0,197980.79858919844,144900.0,137883.0,127526.81617332646
1402,95600.0,86190.63201944693,104000.0,129427.0,108346.8894142447
1403,350500.0,351702.7302502303,307400.0,340575.0,352689.04577923083
1404,178500.0,194371.55401870605,181800.0,197370.0,182539.9680425213
1405,174200.0,189399.2061324732,222900.0,192156.0,173289.60586194435
1406,177500.0,203309.8374871415,237500.0,200346.01,198169.95614362683
1407,96800.0,148967.38826127592,99200.0,97928.0,102834.2580812202
1408,80400.0,120701.109632175,126600.0,95494.0,88967.80800766897
1409,49600.0,77167.07999823632,52000.0,53650.0,53083.730391821235
1410,500001.0,487437.01783919625,500001.0,495580.92,532421.0791100338
1411,253000.0,243987.7089063533,323800.0,303469.01,260390.59732364613
1412,252000.0,261103.67374987257,178700.0,223346.02,227324.91714250133
1413,500001.0,432570.149304298,500001.0,496113.95,490999.20523721084
1414,58800.0,88205.02580510397,58100.0,69581.0,76735.30121264362
1415,228900.0,257582.322791876,202000.0,206729.0,216862.098254922
1416,500001.0,479269.8593962928,500001.0,485778.66,495146.785411376
1417,115600.0,125101.31027640152,99500.0,103740.0,112637.37163849495
1418,339100.0,245379.54513234828,270500.0,264986.0,284045.4155632151
1419,420800.0,237563.70791861956,350000.0,369671.11,319672.8255529463
1420,59400.0,46504.312806008325,58600.0,62020.0,59645.98676917141
1421,363500.0,322239.13428246125,290500.0,308327.03,317406.23089674884
1422,61800.0,6633.349952304299,58600.0,84069.0,69752.44860681899
1423,238900.0,238137.82071873234,181800.0,237556.02,223718.69550244958
1424,206500.0,263770.15165589075,304700.0,230194.0,230259.8322005331
1425,218200.0,265523.23304649454,227100.0,234827.0,245788.2610833107
1426,332600.0,223409.23430639989,478400.0,377704.05,314480.4126957962
1427,209100.0,274331.78481806687,226700.0,213954.0,239397.34521267773
1428,274600.0,289448.2675318863,279100.0,226877.01,304023.409550656
1429,222400.0,173881.5727388874,238700.0,245755.02,207962.58881848727
1430,163900.0,194838.50652190117,146200.0,174414.0,163703.0217804485
1431,237500.0,157353.45791422494,121900.0,227856.02,232403.63575683782
1432,140300.0,156180.37173635553,134800.0,142441.0,131006.78974290183
1433,331900.0,286337.40692903544,314100.0,311563.0,292189.0453284806
1434,397500.0,310024.6119505505,342700.0,366666.06,389998.16065333004
1435,500001.0,513708.16738729074,500001.0,500001.0,504656.57720126834
1436,143000.0,198905.82104151428,170000.0,214105.0,223516.01195820584
1437,142600.0,140854.22110589533,130600.0,142710.0,137826.5229430395
1438,500001.0,674407.2826107312,500001.0,497300.98,502798.8665601368
1439,342800.0,273895.25261333724,311700.0,352669.01,318461.4230793224
1440,192200.0,230223.0513057797,131300.0,192281.0,193411.46043487426
1441,239900.0,260398.14089144953,257600.0,245725.0,253082.3095950348
1442,301500.0,285890.4098163421,290900.0,281755.0,266848.4420738722
1443,57000.0,148109.4055007787,82800.0,74158.0,71966.33592450454
1444,433300.0,282278.917796722,500001.0,421059.34,402796.59242291434
1445,209000.0,203456.6655770271,151900.0,178654.0,194842.5215511811
1446,344100.0,342155.4749481522,335900.0,350380.02,371935.42783994257
1447,264300.0,242737.9572759872,156300.0,245381.02,279830.8907735006
1448,500001.0,201178.09793072968,181300.0,279335.0,288909.6765071665
1449,150600.0,173954.35509805253,151900.0,163965.0,169705.82703525134
1450,125400.0,197060.67787809976,133900.0,132823.0,124304.19808563945
1451,187700.0,257095.96659840617,184800.0,214140.01,216900.98555223495
1452,112500.0,225149.428488702,198400.0,237152.02,244429.1564609342
1453,92400.0,89787.25612276132,150000.0,108114.0,89508.49470138657
1454,134400.0,281629.58468064095,152700.0,174335.0,147574.74113915284
1455,55700.0,66945.4424550641,48300.0,62657.0,67813.63951922348
1456,61100.0,66937.90809724166,63700.0,63752.0,60603.513465854696
1457,195700.0,223582.2642604831,200600.0,196223.0,196919.56865732267
1458,334400.0,310135.4300453052,311500.0,347227.07,352555.0406841266
1459,91200.0,164407.90514815057,116800.0,134744.0,113741.91672251702
1460,366300.0,318923.55519115255,273800.0,392823.08,328985.05538095016
1461,209500.0,289548.6736573711,253000.0,318411.02,300396.0880883832
1462,109700.0,220819.60979952064,123000.0,125680.0,141415.8459744133
1463,59000.0,72639.57822449287,59100.0,58333.0,60587.113803121596
1464,65000.0,112094.38570467394,225000.0,110596.0,107285.6977627012
1465,93200.0,122851.68314391476,93100.0,99072.0,100952.04184542921
1466,185300.0,243639.92822971032,195800.0,200235.0,202423.5096372172
1467,74300.0,106165.63915085862,76400.0,86233.0,79720.4167297638
1468,275000.0,237381.78356414783,339700.0,351098.12,376398.59773782047
1469,174500.0,206271.0107802783,178000.0,185334.0,160733.2652602887
1470,304200.0,300747.5184276675,337900.0,327886.04,338311.8888048009
1471,97900.0,138172.93642144382,111600.0,115638.0,120819.20771542755
1472,172600.0,221132.38391607435,160200.0,200573.0,194275.10587183203
1473,148900.0,221921.71414299088,151000.0,150211.0,168389.30171673102
1474,160200.0,185153.2281617774,123800.0,144549.0,162399.220506908
1475,161800.0,160471.42518457503,161800.0,125292.0,124379.25495810437
1476,400000.0,257157.58370174188,300000.0,292354.0,327129.76827304135
1477,500001.0,429692.61198224674,500001.0,488379.86,505996.4430975585
1478,340700.0,258953.53239020164,334200.0,322249.0,337785.77708030754
1479,500001.0,667624.999697252,500001.0,500001.0,498202.08629482635
1480,133100.0,169202.28418459598,156900.0,150896.0,153066.65094919506
1481,134000.0,60668.27938480675,99500.0,97392.0,95239.20914932508
1482,204100.0,227721.3587706967,304100.0,262194.0,229394.43401508068
1483,164500.0,157992.20406041102,197600.0,136573.0,134127.96661501407
1484,500001.0,499331.55898770783,500001.0,497940.98,525024.6461710621
1485,217300.0,228803.427707709,213500.0,211127.0,222313.44534100097
1486,283300.0,265844.3646068552,218800.0,263669.0,238570.43675239754
1487,382500.0,290750.34090859117,425000.0,340348.06,377024.7192159739
1488,67800.0,76051.87334481756,63200.0,54327.0,60533.63586968973
1489,146600.0,256814.20520729327,240500.0,184925.01,169569.91694258366
1490,87500.0,263207.00734254543,112500.0,308514.09,230927.45546401356
1491,191900.0,270316.5174094422,189600.0,257027.01,258797.80718043502
1492,292300.0,338692.8731124103,324400.0,363571.04,345044.9311413442
1493,182100.0,214390.7627843134,215300.0,179471.0,158969.50390536053
1494,153800.0,222962.19033406436,135000.0,145220.0,144601.85887378448
1495,217000.0,170197.64400384744,165600.0,179231.0,165111.23005691078
1496,87700.0,84439.60442914518,105700.0,100064.0,81830.78485853925
1497,180000.0,202394.96199685405,190700.0,191036.0,189126.47902931782
1498,130000.0,67463.00165847159,112500.0,126084.0,121003.04264382359
1499,194500.0,222411.0804299183,279800.0,188876.0,202121.77764106102
1500,121100.0,162801.9503157835,142400.0,140898.0,130944.53714362386
1501,71400.0,108710.37834112745,83100.0,90906.0,79565.02015147681
1502,70500.0,88439.66976916333,87800.0,80675.0,71775.84004840459
1503,178300.0,234180.04171591505,165800.0,217910.0,181423.1119092957
1504,146900.0,153492.05890264758,178500.0,161543.0,137784.31376097375
1505,250000.0,219819.4553320384,402500.0,181933.0,198623.7189846932
1506,227000.0,256279.3406911325,241700.0,277353.03,223719.66048508548
1507,159400.0,141098.72354727433,147500.0,179364.0,163514.76435390327
1508,301300.0,293339.59771130217,276200.0,317143.1,356762.8375655628
1509,346500.0,230534.6942310867,309200.0,258306.09,313617.434486474
1510,319200.0,228783.4678695728,415000.0,372185.0,344387.1114604644
1511,111600.0,198945.38647413935,103100.0,112257.0,114707.42930141787
1512,175100.0,251467.79412105086,167100.0,184034.0,191091.4229164493
1513,331300.0,201657.68239846418,253700.0,240327.0,226574.88184334224
1514,82700.0,114759.678261877,114100.0,109346.0,105036.99980171304
1515,93300.0,91557.21156778114,148600.0,133953.0,123218.88442736883
1516,272600.0,216076.62793435995,219000.0,290184.0,260052.31887484516
1517,275000.0,117442.78283371522,93800.0,119765.0,107493.82762048214
1518,140600.0,246523.17505336908,166900.0,157049.0,164787.08613036855
1519,118100.0,133649.8078712604,86300.0,93233.0,107045.38512977002
1520,113700.0,226247.9776581198,182400.0,171179.0,161015.83976130188
1521,111900.0,139812.90411491896,123400.0,115621.0,115627.41733012999
1522,146800.0,117591.68348069303,112900.0,122238.0,112140.44803308479
1523,498400.0,331221.83376671356,281100.0,412702.27,404548.9856390795
1524,367100.0,299582.0099665111,329500.0,292233.01,298310.63898284076
1525,298900.0,312412.73123814055,295600.0,285133.01,294521.79902498575
1526,95300.0,176323.40098230954,109200.0,111889.0,126425.654082582
1527,218800.0,265062.3382932796,241800.0,232837.01,254604.30516124674
1528,168000.0,189943.91910625322,195200.0,166945.0,151471.17818067147
1529,271300.0,239686.3728536955,226700.0,228530.01,203939.4306923314
1530,435700.0,283773.835505422,263100.0,331874.09,386891.7060955534
1531,118900.0,129091.36301438391,137500.0,113657.0,109776.99268838542
1532,208100.0,225713.747265052,195300.0,195769.0,200044.35103490375
1533,365400.0,328892.2239033001,349000.0,324039.01,292347.5646107144
1534,173800.0,190950.98958690435,164500.0,141122.0,138113.49279165908
1535,68300.0,129594.17923676228,73800.0,76963.0,94673.04425477465
1536,335600.0,316457.8713822352,380000.0,321633.0,309558.23133693595
1537,301300.0,292480.1064338874,302900.0,352085.07,335833.33853057434
1538,500001.0,388177.4011268895,500001.0,447164.64,484165.7476433003
1539,230400.0,219519.52835702107,224100.0,232697.0,252240.71088777547
1540,452800.0,296734.0496727229,465800.0,378914.04,405525.39946475526
1541,124500.0,42790.231654423435,132300.0,125652.0,106702.65640821215
1542,198100.0,189735.64765765937,187500.0,188403.0,198715.11676186207
1543,128600.0,200628.81551435846,105600.0,115290.0,137119.68787931322
1544,70500.0,86996.0647196357,82100.0,107345.0,96762.77355520435
1545,487500.0,236400.72383471954,456100.0,376016.16,339410.3087294826
1546,500001.0,305117.75489841483,460000.0,454448.52,491817.74820174824
1547,69700.0,75223.5216907562,93900.0,76767.0,70645.33148650985
1548,198700.0,216550.8208775813,87500.0,173912.0,190829.51008858462
1549,500001.0,452957.99475858314,483500.0,487928.78,516571.87383418734
1550,98900.0,166315.40836554137,164000.0,115693.0,123353.35137370505
1551,248100.0,157091.2616025096,225800.0,212093.0,182507.91482159204
1552,207200.0,207935.1227348866,212000.0,206648.0,186153.27926032236
1553,73800.0,133612.86628935393,124400.0,110039.0,113407.83685206651
1554,187500.0,112438.1967640279,158300.0,211527.05,230965.21253999366
1555,130000.0,170573.35251065827,120300.0,118400.01,118628.36252423469
1556,335600.0,309297.1018456135,384600.0,309745.04,345164.6175106004
1557,137000.0,139662.85420903176,138100.0,131826.0,137185.47922136082
1558,165300.0,203210.8915061714,176600.0,163055.0,163174.6514479034
1559,111800.0,223459.4727909231,120000.0,121049.0,150581.37216723294
1560,255600.0,284049.0490997688,261100.0,271199.01,251076.82281575276
1561,148300.0,153116.71846322555,190800.0,196526.0,170934.19014542302
1562,490800.0,391675.77373108803,500001.0,484706.84,496300.24657356576
1563,175000.0,157114.3891450406,412500.0,231787.0,215021.18386820608
1564,198100.0,272311.96563884063,203300.0,217080.0,215056.5797629411
1565,202200.0,142049.1626989948,114800.0,147048.0,140028.6467582468
1566,267000.0,265997.94206175837,280400.0,290900.02,258898.96954399365
1567,72400.0,50643.75974027731,93400.0,79471.0,72172.66156869152
1568,57600.0,62706.53127904894,85800.0,80495.0,87166.86848035133
1569,283200.0,312684.3725189186,307800.0,320507.06,314342.3906321457
1570,128600.0,237113.11003191082,189100.0,166740.0,183724.19439193836
1571,500001.0,339063.35248658806,439000.0,328446.08,407467.3212814681
1572,225000.0,35745.75653919295,99300.0,94789.0,86200.16335276932
1573,110000.0,137760.23955243628,187500.0,179183.0,190468.05462559118
1574,204500.0,124444.52576059193,111600.0,115297.0,126400.57959732106
1575,139900.0,232532.1079830897,131300.0,139545.0,154107.51964444362
1576,205000.0,186954.85614984742,209200.0,241629.0,253819.08573934538
1577,147500.0,174886.0669491158,150900.0,185622.01,182556.2526507029
1578,306800.0,325477.6985216471,240200.0,287176.11,259490.5547225767
1579,95500.0,119053.99623359722,97300.0,90387.0,96528.11544004489
1580,500001.0,270542.4498285828,500001.0,466446.74,459303.1526638366
1581,500001.0,213813.19525482017,239000.0,213160.02,232005.65891997222
1582,308400.0,251003.13303575607,179200.0,259864.0,297777.9585348411
1583,232300.0,255285.65286242962,231600.0,239222.0,197628.78236996708
1584,157800.0,185216.70215668136,138700.0,133523.0,158783.90845115468
1585,190500.0,194662.37865551974,167800.0,189726.0,179599.13853557437
1586,81300.0,247042.05209782178,271000.0,235358.0,241776.5509833548
1587,174100.0,130913.12676542306,171500.0,175977.0,177807.6787084221
1588,181900.0,157137.60036991167,172400.0,189655.0,179433.92146062572
1589,69200.0,115800.57975347425,73000.0,75489.0,75522.03113490679
1590,73500.0,2720.8162471964897,69600.0,80519.0,62114.40124948211
1591,160700.0,267417.3277924437,152700.0,182985.0,213206.93121100395
1592,296800.0,254282.46362516575,271400.0,255126.0,201685.732643884
1593,60300.0,65402.00876972091,84500.0,64713.0,73338.69870930257
1594,175000.0,248801.9505609383,175700.0,209673.0,196831.9300214881
1595,450000.0,260826.72405943816,248600.0,220788.01,254384.43018434156
1596,267900.0,312011.0585363418,366700.0,354102.08,371560.80154581065
1597,97300.0,170585.71513567498,112500.0,111318.0,114720.32975963746
1598,65500.0,101884.91209234537,93600.0,97961.0,101761.47766468358
1599,297200.0,256518.7347431024,283400.0,292003.04,287913.19758827845
1600,222000.0,266155.32696390594,192300.0,203187.0,213896.39132405422
1601,198100.0,167392.4306648884,163500.0,193791.05,178265.64204886154
1602,167800.0,238806.12959020367,162000.0,189796.01,175877.69106459524
1603,187500.0,116858.51327514288,225000.0,227022.03,244117.25271620727
1604,162500.0,129311.77765351713,135500.0,149829.0,113283.16418911125
1605,318100.0,356348.77083335724,193800.0,274969.0,340337.90197139035
1606,328900.0,201721.69914650035,350000.0,290449.05,288272.06381627714
1607,269200.0,217357.5161739392,253100.0,280978.07,242314.8132965687
1608,108900.0,117346.8058770627,136800.0,113026.0,109726.72430582918
1609,227400.0,278212.4370116558,252400.0,260519.0,230301.89283660735
1610,183900.0,214611.50101136227,190400.0,208958.0,195326.61105821317
1611,163900.0,214465.47131344673,139800.0,210583.0,173550.38302985375
1612,112500.0,18208.3733728159,56300.0,59889.0,87443.36048120553
1613,413000.0,242524.97643462577,500001.0,414683.27,419084.2977984984
1614,222800.0,278399.80714383925,183000.0,188736.0,219910.72822649794
1615,49400.0,33829.82449697517,36600.0,51042.0,79166.60031685085
1616,180900.0,203261.7323563292,187200.0,195132.0,186130.29395412462
1617,258600.0,257746.11149782792,302200.0,248045.04,214446.0024356877
1618,285200.0,299265.72816478775,219500.0,291862.04,320388.56165560504
1619,248200.0,240018.51774288947,166300.0,207153.0,221688.15056089353
1620,60500.0,57670.64744541858,47600.0,54552.0,47644.06699120452
1621,223900.0,206050.91147086254,235500.0,204799.0,179785.86758887957
1622,500001.0,501560.9936240186,500001.0,500001.0,522084.8974477525
1623,233900.0,212333.21688529884,238000.0,246947.0,226454.9581212588
1624,235400.0,254841.39054445812,197100.0,212953.0,207015.79199665476
1625,79700.0,106497.87206966728,120300.0,87261.0,76579.19302319137
1626,243800.0,206137.01642083054,236200.0,272290.0,244631.3743672248
1627,231000.0,211413.35231538714,306800.0,222137.0,213307.1968108111
1628,155000.0,194891.26353495003,350000.0,207963.0,229749.513962432
1629,500001.0,255107.46443123004,350000.0,397276.2,373599.66572868836
1630,257700.0,214641.26019109561,153800.0,220172.0,215209.3619119994
1631,74600.0,122216.77615151947,76700.0,85315.0,93486.81163302234
1632,375000.0,301686.11231392185,350000.0,306301.0,273991.92926655634
1633,159400.0,172075.67570062476,97600.0,122348.0,138396.97500261044
1634,450000.0,230669.26043240633,225700.0,261039.0,234162.33431155983
1635,159100.0,218973.25594423036,129300.0,172700.0,261771.8728597236
1636,277900.0,260222.78060135405,383800.0,339074.0,321055.8702261732
1637,199200.0,234956.7906567774,202000.0,216615.0,219591.62352634038
1638,231700.0,145545.92017501645,305600.0,188795.0,203644.22722857894
1639,72100.0,155588.33566623437,147100.0,98361.0,90597.04052016488
1640,219700.0,186234.02543098797,279500.0,223123.0,189431.62671349457
1641,166600.0,197562.96157649372,118300.0,183917.0,170451.7433362152
1642,149100.0,165179.98287625855,118500.0,144389.0,140883.7694936832
1643,200000.0,204003.57221960998,137500.0,149538.0,196242.68389855901
1644,237600.0,267411.8994998322,241200.0,251464.0,233233.28233787257
1645,200600.0,231651.80570786208,222900.0,205023.0,217766.06826613616
1646,181100.0,243798.15551929694,179800.0,205391.0,194244.5880179311
1647,138500.0,136088.27190494537,185700.0,165933.0,152239.38825654314
1648,248000.0,248093.93596554943,288500.0,246029.0,220763.60740268187
1649,355100.0,260724.2324793275,279400.0,337219.05,377685.0282957949
1650,87500.0,155765.87270115782,89100.0,104284.0,120290.91739856086
1651,88800.0,141931.13112800842,89100.0,109469.0,131304.77745275147
1652,165300.0,146392.97316901127,162500.0,176725.0,183138.56103211702
1653,144300.0,199997.80516924203,145700.0,146567.0,141214.62402755645
1654,205000.0,204771.2857099482,148000.0,260352.01,232645.53385163125
1655,184700.0,243612.6114967487,191100.0,217077.0,182589.85280440527
1656,173800.0,210267.25006269527,214800.0,273397.0,262058.009713337
1657,57200.0,88370.08656751212,58900.0,70856.0,54123.984133339996
1658,324600.0,316439.064649652,450400.0,366211.08,343832.99342927005
1659,162100.0,176957.60187722114,195000.0,200743.0,175233.71787196188
1660,259600.0,293327.73942930304,278000.0,261675.0,277598.5886440153
1661,194100.0,230023.26177802333,230900.0,209511.0,193128.89597323738
1662,278100.0,343178.43610342644,374200.0,371572.19,313149.364729382
1663,376100.0,230875.2992278848,355000.0,374385.08,370065.664723602
1664,222200.0,268903.52890036086,196900.0,242985.0,264998.8730354307
1665,146300.0,216085.91510747728,161700.0,166534.01,182093.73417675102
1666,323100.0,276533.80546390795,353600.0,344744.03,336525.05021108285
1667,492300.0,250566.9222662542,412500.0,369790.01,395885.1965270686
1668,62800.0,112989.38889814848,94900.0,86755.0,97356.82366298708
1669,488500.0,328407.7013512567,416700.0,377378.09,416024.96668230434
1670,358000.0,323478.6160333272,280300.0,283639.06,285344.91808292724
1671,222500.0,246290.80774753817,221000.0,226947.0,211167.74626082482
1672,288100.0,283303.9713619851,321700.0,298465.03,310432.7398382591
1673,380400.0,221834.33734954544,500001.0,354026.13,319429.6804949449
1674,181500.0,244343.65994845532,213100.0,221569.0,220706.58233160427
1675,110200.0,121603.07662574989,97900.0,117112.0,116103.1841613812
1676,165600.0,161888.8010201961,166700.0,170568.0,185901.11939464373
1677,83300.0,144700.1782137786,72000.0,83400.0,96997.35031231261
1678,184700.0,252383.5832237138,240900.0,235149.01,241139.1482796004
1679,53000.0,56471.58971950036,48300.0,53093.0,56067.17058788149
1680,122200.0,148377.7216497991,99300.0,122585.0,146092.30330853755
1681,96400.0,130492.10685342846,103500.0,97277.0,102939.44722547833
1682,397500.0,331702.3412822201,362900.0,373081.02,349682.8201140967
1683,265100.0,225054.8362338565,345000.0,340024.01,278832.02110681735
1684,183500.0,260641.04346730578,219200.0,206849.0,201987.129436781
1685,400000.0,305037.80984284665,252400.0,262015.0,343476.09158533503
1686,150200.0,218149.74729799965,173400.0,191824.0,190326.40028173538
1687,195800.0,212073.6508287973,188400.0,193637.0,166109.2825515046
1688,231000.0,233066.32544474408,282000.0,267479.03,270692.74448137754
1689,270500.0,281686.1026737291,267600.0,257387.0,268101.45057061594
1690,191100.0,217412.08885217106,166600.0,217194.0,198332.04728542748
1691,63900.0,94638.06432449355,73000.0,78127.0,74694.23194558166
1692,273700.0,358460.6377299337,500001.0,375356.15,350419.0448212312
1693,433300.0,306418.0719300926,314000.0,308703.0,334466.09721925517
1694,55000.0,64186.255251643975,79200.0,79210.0,71408.95596730082
1695,145500.0,121885.74032566231,158800.0,160951.0,158967.27366089536
1696,224200.0,231877.4268600737,190800.0,205985.0,201233.2163283079
1697,461200.0,319205.5618438315,440900.0,365499.09,356634.3588914459
1698,198800.0,210685.61603798627,183900.0,178545.0,212440.1430401517
1699,177800.0,116096.1830180987,98700.0,115596.0,101803.56511748082
1700,231200.0,279290.5534232559,286100.0,245667.01,243638.20236577422
1701,112500.0,80154.67900605852,87500.0,102969.0,84690.95990798771
1702,107600.0,129833.42779508566,115300.0,100665.0,93309.22836523049
1703,112500.0,211946.16231564552,145200.0,217942.01,204089.77282602116
1704,194600.0,330055.06510396756,211600.0,225650.06,222588.39800487115
1705,348300.0,294206.8223358569,279500.0,258821.01,284183.30839292455
1706,215800.0,229121.4177425453,228600.0,248937.0,230630.06647485308
1707,280900.0,314135.7868959227,394900.0,319481.0,314194.911710679
1708,236100.0,272614.6882671785,220900.0,230089.0,235197.01727250326
1709,186100.0,204470.39975756226,177500.0,201954.0,184472.71702753444
1710,326100.0,240544.76985693775,388900.0,307451.01,310388.06552969513
1711,262100.0,328923.90275149076,275000.0,319445.03,296687.8443251963
1712,140200.0,227405.1021226591,392900.0,190975.01,180209.10629375358
1713,121300.0,124064.99882491448,132200.0,144549.0,142505.3782222755
1714,69600.0,111109.22863226078,72500.0,68439.0,68037.70587940612
1715,175000.0,151123.57320696683,225000.0,187778.0,174623.80673167485
1716,244400.0,280900.3377510452,279200.0,263446.0,265067.38142013625
1717,254500.0,235614.8504601721,243600.0,272239.02,303125.0525047932
1718,33200.0,68232.1662081437,73300.0,71354.0,64051.996981413104
1719,223600.0,233326.2470886718,218800.0,197154.0,223975.21800723844
1720,193800.0,196552.0808254859,201300.0,233966.0,172830.47034103834
1721,300000.0,326855.9457307785,262100.0,326493.04,311511.37281855923
1722,374400.0,408368.809285054,453400.0,421467.27,401498.7401845019
1723,80800.0,53788.71785085893,92800.0,86421.0,87058.71189473101
1724,161500.0,181367.0286176628,171400.0,182037.0,178807.7818626386
1725,261400.0,265011.68756400177,252600.0,275923.0,306866.38006616506
1726,216700.0,203359.55614890615,218400.0,224133.0,219607.65008302167
1727,32900.0,-24979.29327088257,87500.0,78636.0,37700.221605853854
1728,370000.0,261207.72827045465,414300.0,366135.07,408044.73510243976
1729,130700.0,124354.15186875119,133200.0,138421.0,129389.82618179245
1730,143400.0,261275.1057129427,144000.0,198021.02,193452.34361476844
1731,186400.0,270125.26408933307,194100.0,224092.01,276865.69881086954
1732,133900.0,200556.87565868424,116100.0,115898.0,142139.81206473528
1733,301100.0,307912.0289649016,246100.0,330652.03,355290.96745253063
1734,199100.0,176738.85029375288,175000.0,208908.0,184020.19046151394
1735,236500.0,142389.39035432474,202800.0,201925.0,187627.9265899306
1736,144000.0,187094.38564559826,131100.0,170256.0,146521.56565890662
1737,126700.0,231701.66494737612,122500.0,132954.0,148799.02824921577
1738,413100.0,368002.1445346216,368700.0,396414.21,425232.2306376458
1739,240400.0,287535.8054425703,237600.0,293981.01,288820.678013342
1740,56100.0,39472.193440599425,60400.0,66148.0,73136.17505217061
1741,275000.0,124221.18791028846,175000.0,147378.0,125417.3935939445
1742,307600.0,213032.39241107545,177800.0,255118.0,266479.5645083567
1743,187500.0,237990.44592984975,235000.0,222564.02,272636.91676312604
1744,298600.0,254505.68264488963,383600.0,317586.01,296353.552925064
1745,220800.0,230068.6614368097,189400.0,202331.0,216613.88887930216
1746,150000.0,161315.72506664394,185700.0,167674.01,163125.90895654663
1747,321800.0,296045.3072341192,371700.0,291133.01,343043.7788546552
1748,143900.0,236905.64752571023,158400.0,167627.0,190923.9598594382
1749,92200.0,82752.8976943484,69600.0,74473.0,69723.66409614107
1750,358500.0,291097.7554493554,350900.0,316336.0,294493.5244924155
1751,271500.0,277019.1838222946,263700.0,271902.0,282631.11836233805
1752,128900.0,206452.25216105225,116100.0,116710.0,153126.7047991043
1753,173600.0,203589.80915707612,183800.0,206708.0,202439.98194513045
1754,52900.0,77835.34503617643,58600.0,67104.0,61171.50821467537
1755,292500.0,219225.51271329232,287500.0,241272.0,236710.64445767913
1756,32500.0,188120.46255204018,229000.0,243303.01,247062.08298836352
1757,402900.0,310976.82705462025,405500.0,359496.03,371214.8396432515
1758,125000.0,114741.65845205198,108800.0,128970.02,113789.90454905672
1759,122700.0,168411.34357495108,67500.0,127482.0,116150.39832707451
1760,56600.0,46649.4784827868,63700.0,58072.0,58640.89300554186
1761,284100.0,309642.357384691,464600.0,362017.06,312305.0826214645
1762,500001.0,387755.66996836796,500001.0,454018.49,484396.19834395935
1763,500001.0,546731.5413200574,500001.0,500001.0,436439.580244369
1764,71900.0,102942.57038251088,81900.0,79265.0,74050.04360829284
1765,70900.0,27825.807390676055,88800.0,84851.0,85463.1985478387
1766,112300.0,63279.65900654803,110300.0,109239.0,85271.31043261536
1767,500001.0,415124.5748277131,425800.0,438217.16,446070.06691934145
1768,295300.0,272689.3279922848,258900.0,260883.03,253634.35276400804
1769,159900.0,224632.23823904793,255200.0,199921.0,184494.65752061864
1770,43000.0,151896.7765238143,170800.0,144689.0,181384.86513832872
1771,204500.0,241137.38714466186,156500.0,230229.0,215697.09980255397
1772,91700.0,93414.73903475881,350000.0,234795.32,115037.78109505725
1773,242800.0,276160.8493661182,248000.0,268206.0,284623.8215690529
1774,127800.0,178691.52478007547,136400.0,149658.0,146659.94773744835
1775,294100.0,352759.98515457223,352200.0,380484.16,380628.4249205869
1776,500001.0,321446.1844513634,387800.0,398728.13,446268.12446353096
1777,468800.0,275565.5209823094,500001.0,459305.42,387917.5828980989
1778,159200.0,204072.46781302174,197500.0,188780.0,183736.83348221297
1779,163900.0,183017.0755520393,161000.0,187979.0,178203.3637860791
1780,117300.0,131975.02531626553,114100.0,112357.0,114511.75983307387
1781,115400.0,192630.71452232855,105700.0,120557.0,103401.1083809007
1782,159900.0,178462.30459298845,179900.0,169548.0,159150.39735417702
1783,326000.0,313956.5000709392,500001.0,353204.11,342870.8410942905
1784,168700.0,222777.88526946862,121900.0,153253.0,146872.74604284007
1785,139800.0,196694.08953014185,163100.0,156868.0,151174.85035376946
1786,266000.0,191489.72834820038,238500.0,257179.02,262168.69969413785
1787,122100.0,98370.82633938635,119600.0,125995.0,113076.55502658249
1788,325000.0,125520.1086218264,22500.0,119981.03,143072.78288488503
1789,113700.0,143111.43206859578,91600.0,119827.0,130176.53685947396
1790,86500.0,187575.3686382333,108200.0,119995.0,119637.18866772995
1791,117000.0,142012.3716305718,163600.0,148022.0,139309.84857732
1792,173700.0,251351.2532447024,186900.0,185550.0,182493.25124912278
1793,183000.0,243380.84697732268,170900.0,193411.0,231985.5982462657
1794,171300.0,227677.59252918587,150900.0,167769.0,147489.662789045
1795,113500.0,117160.33215080187,97800.0,105062.0,107421.1728149298
1796,500001.0,660269.5981659244,500001.0,498926.99,550535.4558774749
1797,187500.0,157077.69247788377,216700.0,252499.16,194402.8984764029
1798,243400.0,280400.2878847955,249400.0,256052.01,252517.48367150634
1799,117500.0,178155.7742784657,134500.0,200014.07,187750.70575835253
1800,132400.0,182038.13035906735,152600.0,135459.0,169498.04830968255
1801,175300.0,256205.38318022137,171100.0,183379.0,170876.87720078835
1802,150000.0,140661.38125070976,85000.0,194067.01,141471.75681759897
1803,235400.0,240049.53573195607,239300.0,238349.0,271572.01292038703
1804,368900.0,386588.14076951315,424600.0,427057.13,414316.1868082779
1805,92400.0,109210.23948759472,190200.0,121961.0,106407.0825090432
1806,169400.0,190736.73632827302,141300.0,154323.0,154932.338078583
1807,248900.0,239653.15041917574,275000.0,315089.0,284800.4762413435
1808,146500.0,156021.73738674523,303300.0,206679.0,193036.4172012554
1809,93000.0,126651.74278852867,92800.0,95960.0,82986.98527760159
1810,110200.0,110317.7042639477,130700.0,112628.0,118703.71716713712
1811,270100.0,264526.55934152403,191700.0,243061.0,234900.1454488555
1812,231400.0,213025.46835460298,150000.0,221415.0,230925.1801453058
1813,450400.0,382499.4918798787,500001.0,476364.64,465838.0566518556
1814,350000.0,282768.02815725876,500001.0,364614.14,341952.5958428372
1815,97400.0,185555.24327320332,113700.0,121830.0,143709.4106374445
1816,99600.0,129596.7836165124,162500.0,154514.0,149740.21361904143
1817,254200.0,246829.20229884016,206300.0,239220.0,237162.64485827647
1818,141700.0,168123.03473783954,233300.0,233431.0,265943.9497742349
1819,261600.0,247205.15572378063,303900.0,314993.0,314652.4244790851
1820,287800.0,316397.5091251513,294500.0,341313.05,328959.2503503512
1821,197700.0,130454.57195035246,135500.0,231424.0,191394.48786104572
1822,309400.0,246150.40505871343,320600.0,319559.03,348195.87552205496
1823,229600.0,255340.0882131665,230000.0,226125.0,212269.2027788313
1824,157000.0,232244.73812931098,420000.0,293480.02,240721.36236675404
1825,102400.0,210217.62144314405,119300.0,121115.0,141494.78231935637
1826,446700.0,361111.32778692845,409800.0,405491.2,409426.15123960393
1827,245800.0,167006.0947261214,202500.0,263264.03,284290.56918869104
1828,115200.0,183301.67092409314,160100.0,166333.0,174488.05083977114
1829,231800.0,264711.4576096869,275100.0,262097.0,249769.21664640045
1830,254000.0,291333.73369892896,240300.0,239377.0,253807.1216837005
1831,115600.0,126640.70709232936,98100.0,114091.0,112466.75597080668
1832,72200.0,114758.84224974384,79700.0,80888.0,88741.75882974434
1833,139300.0,61623.916427089425,123800.0,127067.0,98404.465670545
1834,227800.0,213930.7830451143,326500.0,250483.01,285374.77132448053
1835,265800.0,255075.13403934025,220900.0,245518.0,237053.33929511753
1836,173800.0,112474.33137459954,175000.0,276512.04,151904.6845370871
1837,500001.0,357151.7027294882,388100.0,401118.16,436345.1181381109
1838,95500.0,114712.25291073104,104900.0,97861.0,108510.70056555155
1839,160600.0,205993.98480365143,180900.0,209876.0,190788.67701094714
1840,258300.0,196842.4846030496,166300.0,203223.0,217312.0911891666
1841,233900.0,238388.2942321183,226800.0,239292.0,208582.17308265629
1842,213200.0,97328.65936269658,99300.0,160073.0,195650.03916159744
1843,61200.0,21715.095792463224,95800.0,72107.0,61850.115907758394
1844,304500.0,206906.33935315494,360600.0,334521.0,306060.32557599037
1845,234500.0,266470.99075099296,188500.0,239161.0,229291.49158096005
1846,222900.0,259092.94792989007,268200.0,293790.02,235767.7039989301
1847,212200.0,196684.26353890746,187600.0,252392.0,255474.87736072938
1848,232100.0,283722.95824974036,227800.0,246345.0,247590.1612771814
1849,131700.0,193102.07812395674,164900.0,155633.0,168553.54737703243
1850,257200.0,319732.4412352601,259300.0,285797.0,271253.0939809237
1851,101500.0,112311.8691471217,87000.0,100574.0,96832.35988244138
1852,97000.0,151945.2638432975,175000.0,166584.01,166465.07558346534
1853,213900.0,467890.1384581165,227500.0,193539.0,199669.98654288228
1854,226500.0,189510.5639513831,250000.0,238279.02,254129.5612529606
1855,42500.0,-22556.07942810908,275000.0,192207.01,197367.40166390516
1856,305100.0,322346.48127737065,320400.0,328474.01,303784.6223404835
1857,108200.0,138483.793564593,99200.0,109076.0,120530.93142372435
1858,86900.0,95192.20352478322,109700.0,123902.0,120591.63602132461
1859,162900.0,120547.26814845082,126400.0,159574.0,167386.6916858354
1860,210400.0,242197.78931354193,191400.0,200762.0,213664.03650092892
1861,240500.0,277959.3996995958,288300.0,253818.0,231642.48903039127
1862,95800.0,114531.6685522327,100500.0,102187.0,112753.2622014106
1863,198500.0,250080.4935427483,198000.0,254252.04,259880.40914011397
1864,270300.0,286597.03495384246,238900.0,283385.0,251456.62979798918
1865,94600.0,166028.71221975662,194600.0,142012.0,122059.64851930989
1866,416700.0,556666.9141962419,500001.0,499988.99,437778.6812956929
1867,195000.0,234634.99221143159,281100.0,197917.0,214311.77271647818
1868,336200.0,261841.9875442707,236800.0,271357.0,251057.6211790711
1869,77500.0,111234.63853269267,70000.0,105727.0,77616.76467613254
1870,94600.0,98304.61655843072,95700.0,119846.0,100668.8955555441
1871,204200.0,236898.43279936578,150800.0,170625.0,159060.402757498
1872,266700.0,281296.8469119601,222400.0,259778.0,249370.3882125268
1873,500001.0,459616.72182189603,500001.0,485706.82,511850.1430974238
1874,304000.0,261366.83393918147,234900.0,240819.03,262843.5852777464
1875,167500.0,253789.5633477214,201400.0,192913.0,193681.82287957668
1876,366000.0,267483.5215187031,408500.0,413006.09,406678.81342701206
1877,344400.0,196117.01169240565,245300.0,199661.0,172055.44335986418
1878,178400.0,249896.58094084426,212200.0,223959.01,255350.70866852603
1879,217000.0,214141.01942916997,294400.0,232107.0,211246.63561643838
1880,201200.0,205025.62050378264,178300.0,197786.0,160365.6211706498
1881,284700.0,218304.91494364216,258300.0,213043.0,221161.96465231598
1882,219900.0,207522.1047096569,213900.0,209073.0,203743.17751068602
1883,173700.0,217621.52153569245,228000.0,206512.0,202702.0046227911
1884,88600.0,185371.90830278,97300.0,113099.0,137109.18660721957
1885,71400.0,126887.12321745089,126500.0,86828.0,80769.72876281198
1886,82500.0,120813.84602074316,100200.0,86665.0,87896.6061723904
1887,111000.0,76802.13797637667,196300.0,170598.0,159727.86110258198
1888,163100.0,197074.2565130256,228900.0,165375.0,151635.13433540557
1889,193200.0,233304.17140536793,191800.0,204685.0,229111.27843622153
1890,142600.0,239565.7808100069,138700.0,136390.0,179098.28330727134
1891,71300.0,160203.6811921956,98400.0,127637.02,217159.84826912152
1892,167500.0,176396.6263362073,158800.0,136888.0,132244.1974712415
1893,191700.0,159554.00067717052,163100.0,206317.02,208956.20783105626
1894,154600.0,-162482.87608663482,148900.0,217963.03,192331.1612129967
1895,213700.0,188891.33835677028,245600.0,224618.0,189002.68780544202
1896,171200.0,162467.04187335016,78700.0,142063.0,153532.30043678614
1897,99800.0,104360.43337266998,115800.0,127458.0,135978.80709867875
1898,134700.0,173524.18799284103,133000.0,131607.0,175915.46263343937
1899,78800.0,127085.73011830659,61500.0,87086.0,93999.70018272863
1900,302000.0,280781.3224521264,186900.0,239472.01,285265.39095019223
1901,295100.0,311091.2178079942,342400.0,342955.12,356192.46931615256
1902,440000.0,335807.90579046425,348200.0,361635.11,392654.7396686554
1903,205100.0,192465.51968755072,159100.0,190331.0,190907.6145240663
1904,137500.0,161138.66817323238,206300.0,205954.04,174781.68189163003
1905,215500.0,223295.11563547963,246000.0,195349.0,193907.61035948715
1906,356300.0,338665.4102867568,367600.0,335215.06,336614.58513754973
1907,339300.0,260496.43684863555,371600.0,275958.02,284520.44655658945
1908,181300.0,202287.18884506729,180400.0,173097.0,180637.7540042029
1909,151600.0,169521.89283887172,130000.0,140982.0,132220.45279137482
1910,86900.0,89485.55222378459,146500.0,92822.0,80326.46240611414
1911,144700.0,218845.07364060445,178100.0,143024.0,140509.1937579652
1912,48700.0,69892.64042515698,53300.0,50374.0,49266.039962932795
1913,118800.0,201587.0541621517,154600.0,139206.0,156953.68943439686
1914,130300.0,219044.94064640722,121500.0,160650.01,178749.10117221106
1915,112500.0,134535.6915160807,108700.0,102150.0,101248.00312057663
1916,87500.0,105886.75969756511,112500.0,79779.0,76288.67189555918
1917,452600.0,409603.89595849183,500001.0,452185.39,433636.9717117128
1918,300000.0,293322.77134357893,372200.0,313280.01,388839.35611953016
1919,479000.0,282317.82193214796,486900.0,396868.22,407183.31321896665
1920,137300.0,209118.34967856435,124700.0,136750.0,133074.99696118926
1921,159700.0,227227.8996528641,157900.0,178842.0,167026.3232416863
1922,328900.0,308620.3928483815,360800.0,348220.0,317250.7315921894
1923,241400.0,190012.9411307749,246700.0,226263.0,245733.1922549289
1924,178600.0,165546.87232891133,160000.0,157135.0,144026.8126787921
1925,195600.0,194827.20169913874,201100.0,196888.0,189400.64090763027
1926,139100.0,131511.89628501213,100000.0,153719.0,142133.03233313
1927,87500.0,119853.18751425708,115300.0,112000.0,110475.01264669858
1928,173800.0,117899.70369348288,150800.0,164926.0,186765.52972158176
1929,53000.0,31188.390919780795,69000.0,52191.0,57326.957878616755
1930,500001.0,295594.88763002784,500001.0,364660.19,387762.0561154849
1931,252700.0,203889.9306307845,284800.0,242436.0,225887.49691458352
1932,325000.0,157804.84657741588,103300.0,232910.0,204343.36478592322
1933,235600.0,245238.42235345865,186500.0,252433.03,228675.17097985302
1934,187500.0,168592.692848289,226500.0,212146.0,193650.41201820524
1935,220800.0,181467.64032872324,87500.0,157691.0,144136.40367185336
1936,63700.0,112852.00067431398,67900.0,72234.0,70284.74524875551
1937,201300.0,113480.5147759247,110400.0,102811.0,122646.08010898739
1938,211800.0,237191.92636159528,319000.0,231730.0,208968.4837869634
1939,429100.0,281036.5736664227,220900.0,272916.08,307589.53071561875
1940,154600.0,152467.44058690695,161500.0,159432.0,137803.0237046292
1941,160000.0,196585.41462502256,94700.0,148577.0,145163.132286528
1942,310100.0,266220.90994542453,371600.0,279124.01,293060.20441333513
1943,500001.0,496204.1908194591,500001.0,491983.84,477588.66243547044
1944,120100.0,81562.6167582674,177000.0,118840.0,109754.33517730788
1945,266100.0,265391.5239528514,243100.0,242101.01,230160.36105405682
1946,121400.0,161723.80577133218,141700.0,141793.0,132360.1205411077
1947,464300.0,239825.1430787545,238300.0,251692.0,295114.05748021475
1948,221600.0,265295.042577705,239900.0,228730.01,208675.31900567122
1949,350000.0,145795.1380402499,112500.0,192752.02,222165.69726315964
1950,450000.0,201460.0258262604,235600.0,236873.0,247419.9332436634
1951,208900.0,210669.07244525212,172600.0,175561.0,195182.1370937608
1952,352400.0,329033.31424514175,296100.0,314752.07,314313.99555043253
1953,222100.0,176608.4056385117,185100.0,148278.0,164783.4908879587
1954,316700.0,318972.4239330646,500001.0,387636.31,363826.9349266651
1955,236500.0,190753.4282359151,159500.0,182540.0,175043.27147127743
1956,500001.0,353785.2347028266,380000.0,426640.25,448033.746141139
1957,296400.0,281311.9792650605,251200.0,255177.0,265741.807578314
1958,100700.0,109535.52109642245,133100.0,138398.0,99022.12338323702
1959,163400.0,36534.870905317715,167900.0,142697.0,148560.60207062945
1960,137500.0,57521.861572193855,151800.0,167107.02,156081.44631841473
1961,221000.0,254097.49941071298,199200.0,222658.0,248633.8459127283
1962,235800.0,233568.33962560957,163500.0,205804.03,230127.71604268442
1963,190300.0,265652.0590943458,168100.0,207045.01,201502.49722149025
1964,153500.0,227234.93365835218,122100.0,102763.0,110865.75208852741
1965,156100.0,225110.26186779002,175500.0,158516.0,151945.23359760764
1966,184100.0,216732.24940904498,131000.0,172627.0,181491.83812041205
1967,500001.0,284951.0538284525,417500.0,327545.11,361254.6284958575
1968,190300.0,201268.3317269142,155400.0,138422.0,171393.52930285738
1969,76900.0,113778.63191180129,86200.0,94584.0,108207.50921004053
1970,277300.0,210335.51111908953,147200.0,276227.04,283885.3770317151
1971,107900.0,196573.0303257987,80800.0,168323.0,143574.53821656623
1972,153700.0,196041.12382207124,150400.0,168049.0,162804.32723795847
1973,195800.0,177868.79933250675,196900.0,195929.0,179707.61047527392
1974,51200.0,61419.60814406152,68400.0,64471.0,58082.239125087355
1975,230800.0,217776.58880199894,315000.0,261623.02,218771.39848647473
1976,287100.0,303326.7489128602,222500.0,275906.01,290123.6363017309
1977,69800.0,171745.11743457802,71300.0,73918.0,90118.5000846882
1978,112500.0,169565.70546062844,106300.0,178690.02,135252.43080788897
1979,189900.0,195124.00934039775,199000.0,198370.0,184683.4623614038
1980,160600.0,211426.99148233765,170700.0,182601.0,177970.85919625263
1981,230600.0,211131.42786430122,234500.0,214961.0,208583.16034705832
1982,500001.0,231087.19085963207,276700.0,352389.06,385181.16941303766
1983,500001.0,410902.5896660105,500001.0,475836.61,483845.9764407134
1984,460200.0,287890.9274251797,500001.0,402469.46,405565.95673868
1985,224000.0,288436.66379165975,269100.0,252803.0,265424.8640354996
1986,369100.0,238804.7851514921,500001.0,388231.19,338260.09353976697
1987,187400.0,245018.55563012636,242300.0,227416.0,236776.34052696824
1988,65000.0,49835.74497456357,59200.0,86747.0,81896.75718628918
1989,158500.0,165098.73232319005,162100.0,143671.0,149503.05670009495
1990,500001.0,395960.4233793024,500001.0,437704.35,445247.8812085102
1991,87100.0,127100.85694078488,70000.0,84953.01,93754.72471406548
1992,164900.0,193354.38414641522,189100.0,185060.0,178342.36037147554
1993,157400.0,221190.4604317384,222700.0,180849.0,191451.63668986954
1994,364700.0,185466.25874450157,215000.0,240650.01,255276.9527651873
1995,457800.0,304276.9554720844,352200.0,410320.19,456460.8727495373
1996,151900.0,197040.70086930928,135500.0,130569.0,130313.99569592414
1997,324900.0,271979.4458854618,266700.0,270686.0,274225.1227454831
1998,134100.0,180000.76267557283,150800.0,158940.0,179623.62976137555
1999,239400.0,308353.85236254625,252600.0,266474.01,269342.98676220427
2000,176200.0,201023.2100821294,178300.0,190991.0,186413.78278735274
2001,128600.0,88742.97581215977,105200.0,139317.0,147817.9489614606
2002,87500.0,58024.13558619746,112500.0,110193.0,110543.68355921292
2003,139300.0,156289.46756388582,67500.0,179204.0,172084.3694450423
2004,150000.0,185748.60005527965,137500.0,131536.0,131592.77945355943
2005,55500.0,86484.74482526632,68700.0,68460.0,67577.84082413094
2006,128100.0,113071.44926391762,173400.0,199745.03,150479.53076763646
2007,61300.0,252690.26975594484,68500.0,142750.0,198839.00698243178
2008,321300.0,242265.571812017,338400.0,372727.13,343014.4212087489
2009,500001.0,468310.05682475277,500001.0,498895.98,512340.50581072946
2010,195800.0,234261.93690566276,261400.0,206098.0,211533.87764820206
2011,247600.0,255672.27440804924,223500.0,224566.0,252700.4705472323
2012,147300.0,239310.97057692902,118400.0,170140.0,160585.35948073916
2013,356000.0,325561.5884825777,431900.0,383139.1,390965.20703210623
2014,343100.0,275584.15932603914,334700.0,358316.02,334956.07511816174
2015,216400.0,241741.97570963416,198000.0,213963.0,194161.96896990665
2016,200000.0,197642.50358844275,208100.0,181172.0,163688.8293594471
2017,71400.0,91375.33236334799,54200.0,69920.0,62292.971755931845
2018,397500.0,283078.01403120137,350700.0,389722.17,451231.62650532875
2019,67500.0,140309.05690477922,200000.0,143425.0,85118.83922328369
2020,255000.0,187361.4252429257,197900.0,198716.06,162766.76749654923
2021,87700.0,134596.64280188477,86600.0,98422.0,85934.29171195094
2022,113900.0,127726.67280332561,124800.0,143312.0,135726.56517218638
2023,181900.0,213332.32633764017,162600.0,194450.0,186130.95900108892
2024,94500.0,180224.9669502548,106800.0,113199.0,122580.42091083816
2025,500001.0,445826.9091526576,498600.0,462467.4,439773.7718287107
2026,270800.0,275699.0252408685,273400.0,306322.0,311174.9931220372
2027,178000.0,112835.11904560059,160100.0,163688.0,193210.3883254478
2028,184000.0,221107.26348302065,171400.0,181441.0,171783.74480941
2029,150000.0,116146.45527154255,99000.0,120893.0,112018.08116172637
2030,350000.0,310669.057990592,371000.0,296726.01,292817.6148028284
2031,136400.0,131762.799495532,157200.0,141271.0,128269.51191574187
2032,465600.0,402266.20947789977,378200.0,409883.24,445185.24461082683
2033,290100.0,287949.4575108084,234900.0,265779.01,291903.6083405349
2034,130800.0,111547.06003030523,116800.0,117350.0,119570.55269859903
2035,249200.0,230973.96410913017,265200.0,242178.01,222375.9123823843
2036,261600.0,260459.21455331,246200.0,247145.0,264215.6969131191
2037,166300.0,154989.34243076903,414800.0,210283.0,198128.8616170837
2038,146700.0,152408.78713484883,151800.0,173924.03,171569.62216670378
2039,345900.0,381349.7754018118,500001.0,343310.37,297258.3729298043
2040,138700.0,165039.19910301434,140100.0,150796.0,156601.47871798903
2041,221500.0,141097.8755129848,171600.0,181017.0,198025.2176618264
2042,214800.0,230615.64624044835,197100.0,187247.0,181978.9394552136
2043,204500.0,214032.60486238974,220100.0,211895.0,200022.00952784801
