,Actual,LR_Predicted,RFR_Predicted
0,4330,5730.445198558178,4928.76
1,3008,4111.770497578727,3366.85
2,4537,5058.787590819007,4723.5
3,3257,4170.1368923742075,3305.48
4,2513,3107.6483119575887,2569.73
5,1840,2026.1868179358971,1684.09
6,5484,5198.351903199937,5379.78
7,1402,1919.3483447286026,1556.58
8,3850,3603.560928352902,4067.14
9,1877,2456.826123893642,1837.3
10,3093,3644.2221340467377,2838.68
11,12637,13742.549115144337,13700.445
12,5729,6248.713421865372,5785.24
13,2539,2594.171028784783,2727.29
14,1064,1391.5254714922994,1111.37
15,8752,6793.5063122441825,8204.07
16,911,718.7465869980524,802.75
17,570,427.41084679335745,735.75
18,1764,2147.9897877756225,2118.91
19,2674,3029.6575687508166,2643.21
20,3644,4362.0646014852,3999.83
21,1608,2146.098197891297,1673.71
22,984,935.0060167762103,949.55
23,4804,5140.599848835616,4899.12
24,3243,3853.8920207521574,3041.4
25,1577,1566.8308410392747,1635.01
26,637,272.7678434225918,681.71
27,16900,14674.948329450353,15560.19
28,5292,5438.429500732094,5122.25
29,5889,6056.094019423199,5678.59
30,2805,2317.432219524222,2471.65
31,995,1270.843575028974,876.08
32,9471,8558.244159895734,9316.48
33,798,898.4847772895919,884.68
34,1941,1670.8617227068025,1922.77
35,7160,6586.482847562754,6645.21
36,730,550.499681907092,757.98
37,11613,10129.775203687139,11328.07
38,748,231.87656569871342,668.58
39,5357,5856.4854157876,5411.97
40,3159,3281.376811501017,2832.36
41,2581,3560.396082140001,2826.79
42,2331,2524.3840821863587,2423.7
43,1828,-632.4294145101476,3262.11
44,901,1684.337689001357,914.98
45,1624,2049.9297166130677,1174.39
46,2319,1956.2640247226745,2453.6676666666667
47,499,883.6617193226107,499.24
48,615,401.984188601215,717.81
49,882,312.90721029136876,852.08
50,4978,5454.828941136624,5444.13
51,16235,14521.635594023735,15876.986666666666
52,632,540.6409155332517,759.35
53,2150,2584.965017105863,2232.7
54,558,-898.1000650894885,538.0
55,956,816.3088729177716,875.65
56,1233,375.58067658490927,1261.12
57,386,182.7050902523024,425.87
58,2596,3052.233018378935,2596.67
59,640,-358.8372265754515,771.57
60,2749,3354.6999537663337,2629.09
61,3189,3492.473710992552,2952.98
62,2362,3505.3696860962887,2594.89
63,720,275.62430302575467,687.63
64,4199,3868.4286204327395,4029.56
65,18001,15613.90892555631,17037.08
66,5132,6003.414074233055,5542.05
67,1637,1935.6814792955383,1632.1
68,3139,3839.119344055125,3029.73
69,828,1160.6997397235332,663.17
70,2160,-4396.588301567253,868.06
71,432,-532.9362494980032,463.92
72,6559,7426.851333048511,6322.44
73,1631,2247.28112904952,1715.94
74,8856,9090.528784020848,9072.9
75,561,134.3484822965611,565.05
76,434,45.29087034886561,469.46
77,2536,2168.404615209929,2172.04
78,4540,4809.347456593317,4341.95
79,641,-345.6401590825917,706.85
80,4640,5144.513355135045,4571.985
81,8321,7833.912940926828,7479.71
82,2952,3613.4146292525056,3108.13
83,906,737.2213945319581,822.77
84,2399,3327.9517664379537,2166.21
85,932,903.7583600121116,879.86
86,4666,4815.7643697965705,4809.526666666667
87,3032,3789.2142156049013,2806.54
88,489,-475.67385575836397,541.89
89,1786,2320.3342950511787,1732.45
90,1656,2155.400386956676,1792.32
91,4029,5519.454324487951,4928.0
92,1395,1649.6638912790013,1482.46
93,1694,2173.330148910044,1750.15
94,605,395.9780050788859,673.95
95,8916,9385.572004740992,9475.21
96,5147,5066.922524853362,4392.24
97,453,436.08191996352525,481.96
98,3360,3843.557615758955,3952.84
99,2753,2986.6775063773507,2634.55
100,18127,15091.387861564375,16768.44
101,4922,4633.982685793497,4538.16
102,6257,6038.187712155364,5519.96
103,683,-235.2436830525494,709.71
104,6230,6149.584373064836,5195.56
105,1763,2494.273927055402,1745.45
106,432,-960.2402089922298,440.1
107,9625,7328.97541669518,8693.51
108,2290,2155.3937942913954,1774.14
109,945,-2874.194162240162,1949.1
110,4136,4819.4856519444165,4419.17
111,8001,8839.460215375351,8241.99
112,1631,1854.6865759416628,1603.47
113,10763,9313.194356562839,11300.46
114,1656,1989.300754491759,1737.33
115,1725,2375.842259454862,1736.39
116,5055,6862.7530964200205,6562.33
117,1065,1016.8484934808748,905.22
118,3013,3062.812841739861,3052.47
119,2099,1701.0011890990163,2173.48
120,3547,3593.1384921443164,3227.85
121,7098,7959.075402058642,7212.63
122,8580,9056.387564287137,8143.91
123,2964,2340.985066644378,4810.82
124,435,-1268.7398046236394,468.43
125,5880,5909.121539217024,5398.82
126,1013,1022.6319953564362,1051.7
127,1052,1451.6663398312821,1136.58
128,1341,1734.0568662396586,1577.71
129,9282,8569.253930984443,8977.9
130,5544,5719.606612508079,5327.63
131,2462,3121.4999033519434,2348.14
132,5387,4737.531110574998,4280.6
133,2742,3084.832378411207,2462.27
134,458,870.4508376807235,492.5
135,5004,5731.599248865068,5038.65
136,8687,9374.482484353011,9103.25
137,10825,7391.446024099429,10046.18
138,4789,6209.33559983023,5868.76
139,1153,1616.4392590013904,1138.05
140,526,-147.08088765579896,605.1466666666668
141,1013,888.76079053786,919.34
142,1125,1551.893861310352,1078.87
143,683,-124.594293681419,772.48
144,759,936.99699264825,825.27
145,1752,2089.427947883991,1727.18
146,2958,3840.7802044240393,3179.48
147,914,1609.1179540904054,893.52
148,2239,531.6001346577659,3158.77
149,15110,14809.441417401003,14217.76
150,4514,5259.867289923596,5056.053333333333
151,1000,369.4898122789473,1161.69
152,9640,10003.62235927743,10525.14
153,1624,2049.0844634980594,1653.0
154,15065,14648.056130114686,15608.665
155,1678,1793.047016730105,1654.08
156,5034,3475.2166933164863,4329.3
157,1904,2703.9435199885147,2168.48
158,807,942.6622248695994,879.22
159,1552,1894.4483106748676,1721.0
160,9176,7943.248158142954,7628.33
161,2421,3122.4550815619327,2540.23
162,336,-1373.3266208608602,482.73
163,1267,1847.8796566114388,1251.4
164,6108,6108.047101418259,6036.52
165,18392,15249.124475106024,17623.23
166,4721,4637.304708023703,4868.37
167,8808,9984.848674949419,9094.76
168,666,1002.9895442268544,656.0
169,16261,14599.976611507604,15189.94
170,3090,3381.722055551421,2857.01
171,4928,5868.616516583048,5767.12
172,10528,12845.062678734803,12763.2
173,1619,856.3954369686826,1916.51
174,1181,2008.5088700618921,1203.7
175,9261,7393.192960698002,8136.33
176,8217,6767.538376134073,8364.15
177,3669,4182.708589194043,3526.44
178,893,-2676.571765034926,1216.27
179,6934,7406.521448392721,6496.37
180,571,176.81559431262303,594.22
181,2401,2382.117600137774,2395.93
182,1309,1105.079545488135,1288.64
183,2052,2521.265146384261,1936.89
184,965,1093.6224069493805,946.13
185,2578,2621.252387231274,1877.34
186,6495,7772.453284068142,6000.95
187,9157,9485.328547055247,9348.173333333334
188,435,-856.1104494638621,476.23
189,4672,5323.519702742539,4867.17
190,4103,4732.702970302744,4159.14
191,721,-1274.079253994836,677.44
192,3445,3499.8274796561327,3418.53
193,1651,2074.4459842450724,1729.68
194,961,1278.6114308155084,1007.48
195,10453,21977.502821968927,13602.97
196,6499,6250.111791625261,6740.210999999999
197,4966,6010.364623282648,6173.37
198,4688,4904.76107485456,4720.48
199,4557,4603.954101938027,4237.1
200,4182,4382.59190035641,3543.41
201,2093,2289.149719860742,2507.15
202,4788,4825.777107099114,4462.75
203,814,1075.6351968428971,675.61
204,3276,4034.9276202161623,3116.36
205,14889,11067.867730385133,14134.62
206,1786,-1270.397072621291,2772.79
207,6340,6165.29374512012,6462.18
208,4804,5482.672203574768,4245.95
209,507,-128.11442313717816,543.88
210,760,404.7164984341698,793.0
211,5385,5009.472321653545,4557.56
212,2318,2326.8820858353456,1796.1
213,11869,10988.830030232502,11218.99
214,975,1086.5819990568853,965.63
215,432,-327.0175920347674,499.84
216,2409,2886.9260586850464,2302.93
217,11861,10143.304868139592,11500.67
218,524,163.605027171041,532.19
219,972,872.2785518256505,866.27
220,17449,11302.25599578276,12351.22
221,421,-1230.9899062515624,496.37
222,828,719.6963133274439,790.35
223,2316,1920.0248894631989,2415.78
224,626,366.50038615772974,689.44
225,768,735.5739310474391,881.42
226,2757,3531.0504877307885,2866.61
227,1558,1847.2632152572996,1702.57
228,558,-778.7674249335896,546.31
229,7341,7596.164866513022,6750.73
230,768,685.987487428938,827.43
231,5082,5811.209529034848,5629.89
232,4764,5635.063174038905,5112.99
233,2691,2579.6859827296557,2849.59
234,4277,4700.468132565604,4541.33
235,1007,1538.2042074809215,986.75
236,1575,1582.1289043572747,1501.59
237,882,456.6656569934971,907.0
238,2530,3155.219924423527,2627.48
239,1842,2369.453255848924,1873.33
240,11011,12226.550236231922,11913.095
241,738,509.854520520767,820.12
242,8217,8976.359263693568,8304.31
243,1969,2606.796139258034,1997.26
244,2821,3149.814807166,2654.45
245,15922,11293.622031082743,14593.5
246,3997,4258.368251562813,4045.52
247,1889,2147.7242772319396,1664.21
248,461,427.4329541903917,426.27
249,3494,4150.326552778579,3269.27
250,5424,6542.69719591967,5381.23
251,5606,6495.509309505358,4806.25
252,5797,5470.039441355536,6001.83
253,928,802.5441433017322,869.37
254,1683,1844.4537616906214,1619.73
255,7844,9754.934835550124,8095.63
256,3454,3261.7838303303924,2797.74
257,521,-128.13259279246904,564.16
258,891,1213.8307317547624,800.73
259,9841,10052.024969946564,10525.34
260,1034,1514.2570204056624,802.71
261,10457,12401.943042269528,12299.85
262,3323,3686.0167110831676,3978.82
263,3357,4325.831029974315,3513.71
264,745,850.0689551517312,900.56
265,4668,5037.4454306297575,4638.93
266,586,496.73720024906925,503.78
267,5013,4994.918599150648,4509.66
268,1935,2406.100144399585,1878.0
269,1607,2054.931219161461,1688.97
270,5392,5770.750361064816,5519.53
271,12870,10090.151633427658,10702.81
272,891,1488.0397589570262,873.88
273,10134,6979.20182594453,10423.4
274,5831,6310.685938094925,5524.03
275,12584,9277.545392482263,12542.28
276,2359,2300.2617244407807,2572.47
277,2338,3194.2944343403656,2446.42
278,1305,1180.264365298026,1351.22
279,776,530.2303399374,710.27
280,698,-106.16027360858106,682.39
281,1785,2660.6451896066887,1891.36
282,2362,3494.5792044647396,2562.62
283,705,961.1888190096533,651.76
284,1175,875.4845511780186,1212.05
285,14362,16562.075561141166,17098.15
286,477,-932.9277888895904,491.42
287,5000,5580.911185018826,4949.01
288,6470,8497.2418029066,7755.3
289,873,1597.9943158661622,899.1
290,3699,4629.551075861118,3962.22
291,7727,7294.143288480926,8008.86
292,683,6.798032174096534,716.05
293,941,1493.7307284083058,874.49
294,2852,3450.7272689439174,2893.65
295,645,666.8888477868022,694.03
296,1062,1653.3909053899738,930.53
297,1066,-3815.79952013791,1665.28
298,2479,3437.1405586499395,2266.02
299,4072,4376.113572301378,4100.873333333333
300,9273,8544.56103707174,8066.96
301,2726,2902.6837335034024,2801.91
302,1779,2595.9302477666124,1798.14
303,3323,3853.374549923288,3078.24
304,1240,1332.2646610005604,1238.37
305,3991,4673.550503809746,3774.89
306,1116,1598.285085947513,1033.13
307,4347,4717.77730830735,4597.36
308,1234,948.0066921487114,1307.55
309,2608,2510.419253491202,1773.53
310,4766,5332.93427853484,4897.32
311,1158,-1458.1290168262349,1964.94
312,1148,1865.9060991534325,1181.89
313,898,3.8195869324604246,848.66
314,8498,9385.50084318686,8326.41
315,1007,1447.8331488310105,1038.12
316,12551,10620.797392106559,12103.72
317,2329,3103.2288475969854,2832.29
318,579,-69.43353353102839,665.86
319,12369,12793.979481893757,11984.555
320,407,-687.3114743816477,475.07
321,3945,5092.552208095393,4654.67
322,1859,1286.7074293283526,2299.13
323,842,1270.3934992813247,953.96
324,6843,6616.011164416455,7377.29
325,12021,14376.296333064476,15285.66
326,8025,8238.550537650577,8853.77
327,960,1218.8241410645423,889.64
328,540,-1156.9029660891028,535.34
329,1840,2372.049787189892,1791.73
330,1001,1757.6275132333967,1012.16
331,9116,8431.027624989441,9770.86
332,794,1140.831492305857,850.89
333,984,1068.063698090219,910.46
334,618,-1002.2850741316861,602.94
335,4900,5596.14499259864,4993.29
336,1208,1596.6412738898243,1231.99
337,887,1244.6683218322132,942.04
338,3419,4184.257310849315,3452.95
339,605,522.9584716718473,633.3
340,7677,6630.023412901947,7451.57
341,10238,10819.290457373761,10547.12
342,540,-1160.3098904852477,537.03
343,2862,3702.2208558072252,3034.77
344,1040,-1167.9513148158094,1891.74
345,558,-714.148623876602,521.93
346,16479,14360.575362657672,14180.0425
347,5628,6604.706091670003,5688.12
348,3179,6085.57074611187,7734.81
349,7744,8844.019809091053,7841.01
350,1262,1069.0240942199516,3418.91
351,837,1425.355700264147,851.83
352,4719,8197.704878602814,6708.66
353,827,812.1091317791661,852.7
354,2443,3421.2456321122554,2556.65
355,3275,4324.46122503918,4113.7
356,1790,2197.422133050622,1767.28
357,3669,4617.344532434734,3866.585833333333
358,2859,3833.9194124196524,3026.38
359,2155,2325.3374728740914,2099.9
360,1035,706.6565776617622,889.95
361,526,-300.49768835403665,536.71
362,5489,5462.818377524578,4927.9
363,4466,5135.768297953311,4497.86
364,858,1164.743467979898,808.67
365,2829,3944.021521988596,2919.69
366,6773,6236.840130627128,6203.67
367,984,1380.1355063928577,1000.56
368,796,1034.1677704196209,839.49
369,1314,1762.0327918735338,990.07
370,442,264.1369901055441,482.41
371,645,770.225289449455,681.62
372,758,1054.1162676699478,799.48
373,17534,17194.518074034517,16601.46
374,863,1373.1586179614605,871.28
375,9580,11815.431746466424,11255.6
376,1667,2003.9244736510364,1831.5
377,4535,5265.4930101200425,4643.66
378,11594,17889.692852473723,12769.94
379,10319,10181.929407538271,10723.05
380,9339,8385.096569818175,9385.78
381,1715,2091.062087712468,1739.96
382,2507,3252.230009669015,2822.12
383,4293,3763.273623570728,2844.07
384,1310,1144.3269016273225,1363.56
385,7321,8594.634055640749,7666.94
386,6350,6548.773353088066,5778.29
387,1233,1911.0479533019939,1162.15
388,1177,1760.3624743850096,1074.4
389,5525,5686.938433773283,5401.42
390,5538,6604.811136578089,5523.22
391,7037,6211.420411353661,6450.14
392,3901,4529.550204607703,9053.883333333333
393,1284,1636.2725186467428,1451.205
394,3421,3121.2075332478835,2627.06
395,561,66.88735272794156,629.86
396,882,446.7187698320304,891.61
397,5801,6658.044552519742,5947.26
398,2337,2535.4944275277085,2340.03
399,10712,10778.908607287663,11498.73
400,7130,7633.925902746293,6173.5041666666675
401,10211,7827.249875583229,9874.1
402,1846,2359.609633485227,1923.39
403,17582,15428.79215707931,16200.45
404,1644,1110.9168041933672,1834.48
405,2797,3471.540431096164,2893.26
406,4594,5671.543077183711,5136.68
407,6108,5951.65015108725,5951.03
408,2729,2674.156984441761,2577.38
409,5731,5908.721713436003,5204.04
410,1151,284.9103187272872,1301.58
411,716,965.657753316842,746.38
412,608,-340.5352970360045,630.31
413,2372,3254.558800336039,2506.15
414,5966,6793.664166426633,5716.35
415,4096,3995.661845059486,3790.63
416,599,222.13378748368086,616.97
417,1063,157.49223161453847,886.1
418,8011,6768.4726153903,7675.39
419,1813,2287.132775828154,1739.75
420,5460,5078.650617045791,4989.36
421,5621,5838.536910823268,5266.36
422,536,4.46620942768277,488.47
423,2536,3068.932914067922,2571.01
424,505,-161.7986762782175,609.66
425,18107,12549.510725267106,14958.31
426,645,501.53744853238413,634.88
427,5767,6233.725344186619,5570.79
428,505,-833.2501045272502,569.61
429,10439,8409.399310143657,10516.78
430,6563,6540.819135623169,6807.68
431,1033,1135.2945337987921,923.76
432,727,140.00394191611622,687.25
433,12787,10629.821218050636,11021.51
434,13355,10783.916666564437,13418.25
435,707,-82.82480106238881,617.17
436,694,1207.9993900915292,742.62
437,4912,5444.882070209993,5132.17
438,2855,3756.779261380062,2858.9
439,11954,14302.051132128063,13261.4
440,1838,2289.855685636368,1804.09
441,3484,4351.200784552717,3566.93
442,1981,1830.4734313240256,2115.22
443,706,725.2625605068101,821.49
444,15662,12128.122386643221,13952.71
445,7522,6246.940964770827,6759.93
446,1596,2481.1604778695432,1740.3
447,12342,9554.066711378817,11168.53
448,2823,3610.4053971024696,2789.43
449,3800,4938.321774760578,4844.68
450,2633,2973.148576152628,2424.8
451,8928,8885.586808236696,9712.54
452,2634,998.405021961893,4035.21
453,1719,1932.6551056532671,1773.5
454,4543,4847.168459534877,4518.0
455,15485,13887.408172736219,13642.378333333334
456,712,108.19188131624196,523.55
457,10312,12194.263911560462,12073.14
458,2075,1071.0043078480785,1899.85
459,1415,1237.7281098778708,1421.14
460,1200,1923.3244025457184,995.56
461,12766,15246.900248260901,15952.73
462,914,1694.6294288977347,984.96
463,5236,5824.857807568051,5380.41
464,3853,3478.578012238707,4244.6
465,1569,1878.975604094051,1547.98
466,3880,5150.359153471347,4503.47
467,4044,4713.525025824201,4280.3
468,839,1301.9235911385222,937.54
469,1986,1943.609964196545,2310.75
470,574,-927.4760695399264,549.73
471,14022,11516.174689977535,11982.65
472,1746,1834.8767155917985,1680.42
473,6271,6073.066682530499,5835.36
474,1723,2143.9970800224,1697.96
475,13038,13862.997276250097,14381.1
476,7486,7943.218024253065,7194.71
477,2017,795.5411688217218,3550.6
478,4743,6803.684935020794,5542.48
479,18493,14914.011151094002,16151.14
480,2757,2985.925654546828,2667.19
481,3879,4421.971838114508,3968.74
482,828,779.1309393288957,783.1
483,7380,7633.084979466755,7717.91
484,11313,13438.860508489355,13959.76
485,887,1406.8232486652141,978.17
486,988,1440.6121917949372,950.6
487,13427,11826.205286325981,11912.17
488,2820,3729.6476009662783,2792.84
489,956,1205.0109689260307,973.22
490,1011,1112.8639324513824,871.29
491,1624,1434.4880122995169,1489.89
492,452,575.4496263218102,469.72
493,8442,14344.411213865778,12483.2
494,4452,4868.563170333129,4348.22
495,544,-129.42996999852494,531.25
496,1612,2259.288573360512,1850.36
497,942,866.2985829334866,830.53
498,911,625.0719319089885,862.38
499,3489,3768.936186144221,3475.62
500,3062,2636.161579438612,3184.115
501,712,1479.7653652608483,820.79
502,1323,581.6886459400812,1163.0016666666668
503,947,1469.5136493891814,956.91
504,8789,9546.41568656529,9263.72
505,702,730.5053256484725,870.88
506,3026,3743.3805435631234,3026.67
507,2353,3139.6362361750107,2473.31
508,639,570.5202374840655,774.59
509,421,-1844.973585280085,511.51
510,723,800.2893225920488,733.09
511,1698,2242.384519552012,1513.41
512,4503,4864.828001849364,4307.22
513,2669,2884.691049048229,3307.77
514,1080,1113.6016696315519,1029.11
515,4218,5130.817666848052,4650.34
516,737,502.9707415411631,743.34
517,5515,5571.536248039968,5371.41
518,14952,9377.130606094248,13028.913333333336
519,9817,9272.55541990947,8730.61
520,612,-154.50797370715554,572.13
521,616,596.1553683768816,691.16
522,6451,7181.062536535744,5981.89
523,3256,3824.3200712934904,3267.45
524,3292,4024.4305647516258,3504.91
525,568,577.4459913287401,603.61
526,810,169.4573440931763,655.78
527,753,689.1957871136847,800.32
528,13761,12487.43103240627,12299.06
529,778,71.66097154725549,825.37
530,2739,3019.5458479047475,2825.11
531,706,992.4407143158769,842.21
532,12720,14817.319769401109,15596.55
533,581,-772.0557797231049,730.9466666666666
534,758,949.4567330302925,744.13
535,631,-188.01691185498748,634.01
536,8873,7843.143524548728,9286.4
537,5174,5652.616291950122,5167.6
538,829,1247.5539067859418,903.2
539,14844,10866.87504541876,14170.92
540,5469,5295.005002094717,5269.78
541,10428,10058.019965529274,10775.96
542,1624,1957.3871115762367,1619.75
543,772,1124.235857594258,798.18
544,835,-2428.513139737318,1572.12
545,858,-62.997794888412955,841.52
546,802,378.1636796087373,746.5
547,1079,1693.950385623094,1032.31
548,743,120.29140554609558,674.8
549,18279,13456.706289120686,16635.0
550,829,1136.3298947232815,862.87
551,10203,9123.466761860685,10721.83
552,4036,3651.89295448164,3894.73
553,685,437.39033255288996,846.66
554,6909,7374.577008723391,6439.79
555,14119,14161.57202956981,13756.973333333335
556,611,-720.4920614052135,644.73
557,4277,3327.5098988892373,5531.52
558,5664,5358.457494402363,5150.15
559,4766,5889.627776214635,5030.81
560,708,1109.9210000206926,761.75
561,2922,3585.33767681904,2700.84
562,8124,6761.115059670738,6416.09
563,3589,3074.3026429523206,4409.78
564,3310,4057.04470574969,3354.05
565,1818,2119.1494163628395,1738.14
566,5866,5698.597638838626,5390.776666666667
567,1644,2230.7779634671133,1698.14
568,680,697.3040806114996,635.28
569,608,407.50386150266513,641.1
570,4415,5368.262818646954,4632.78
571,6115,6773.998974986693,4472.13
572,1775,2252.4232660476255,1882.08
573,1974,2391.400689245724,1918.48
574,2168,2794.1963252532037,2165.1
575,3974,4787.049892178438,4266.1
576,575,960.9763156212553,605.16
577,5817,6351.971000963301,5601.63
578,1066,1668.0135913931363,1114.83
579,12554,13086.421354365119,12798.36
580,961,1238.5662830072679,992.42
581,971,971.3842817988052,979.88
582,15814,14250.622550802074,15436.84
583,3569,3630.615323454025,3514.71
584,6787,6240.465213261115,6502.69
585,8794,10411.801746314446,10006.83
586,1407,1836.9313393936764,1536.72
587,1117,657.4604755362625,914.61
588,2252,1546.2400874194373,2257.48
589,1654,1493.83450341887,1480.13
590,2438,1746.8312914753014,2780.72
591,761,1449.9882460504218,887.85
592,8020,9587.287352089621,9305.41
593,2250,2701.1748187351027,1953.09
594,3570,3794.155415738556,2953.08
595,4413,4586.999475187291,4277.75
596,905,1502.2650944559782,962.4
597,1754,2414.9913844356342,1750.57
598,3952,3567.1008986094957,4207.87
599,3790,4089.0760745251314,3772.56
600,2542,2989.4462116450277,2467.85
601,2376,2014.1813944468863,2132.2
602,10144,7767.0767999812415,8207.05
603,4480,4589.557197986316,4397.05
604,1087,-1855.2169591001848,1575.33
605,3427,4057.65244757887,3644.9523333333327
606,6533,6124.371928328081,6065.02
607,3806,4603.354693998742,3613.62
608,10116,10014.69962635438,10288.31
609,4314,3632.2054024600566,3922.68
610,3481,3964.7979394287518,3349.4
611,4497,4635.108526174047,4274.61
612,7421,10874.326800856932,11995.0
613,4914,5599.651929980287,4943.36
614,2203,2711.5744269419124,2081.33
615,1759,2335.208165496035,1710.29
616,487,667.266767416284,547.13
617,648,-206.06496326723664,616.6
618,10920,10164.82854076078,11598.79
619,477,-299.82010959091986,514.92
620,1231,1101.1963602386127,1169.105
621,4458,4679.600269949199,4392.02
622,3104,2575.1215199110293,3168.19
623,5723,8069.24232571411,7361.84
624,11654,8084.0818656869205,11254.79
625,9784,8607.65500289461,9926.99
626,4788,5597.49159344149,4677.6775
627,1020,304.93398589375556,1150.73
628,625,457.60666616186336,640.03
629,1580,1953.1671756247556,1591.49
630,5171,5502.140304219736,4975.78
631,2019,2613.34785885893,1915.05
632,740,1048.7789720607752,817.91
633,636,883.9588063115152,706.24
634,11971,12102.997054721982,12842.35
635,13853,11818.036520636393,15628.47
636,6607,7553.424747391417,7038.59
637,586,189.24308428520817,632.79
638,921,221.15344815135086,813.625
639,2182,2944.890632849587,2215.07
640,3335,3954.0676621495413,3336.659166666667
641,11238,16576.5591404801,14491.67
642,3419,4372.515201182443,3833.46
643,925,1210.7250997817237,827.77
644,891,1472.3938605494973,909.9933333333335
645,1874,2432.6727674571557,1833.96
646,1923,1923.5656538378535,2131.06
647,1214,793.737919550585,1375.58
648,1015,728.8472830429068,818.72
649,1100,521.165043554875,1146.97
650,580,211.03786057542675,581.41
651,12821,11214.015309993889,13639.71
652,713,1202.993797136026,738.04
653,4029,4006.001774301977,3258.5
654,3449,4445.755554883954,3900.47
655,17778,15069.948354425209,15057.09
656,5807,5894.467148187592,5130.15
657,3690,4204.881914215834,3169.33
658,3145,4339.621652840971,3694.45
659,1016,701.7496985735615,949.6
660,655,868.2774308293015,665.64
661,3431,3802.6011348214674,3294.75
662,11136,9428.85266342229,11053.55
663,6743,6833.075033304508,6200.22
664,1602,1211.7427531889234,1475.3
665,12845,13917.222626177683,14410.59
666,5408,6411.071497996446,5700.23
667,1389,1310.1229358771325,1440.99
668,1930,2706.5205748355984,1981.15
669,447,-844.3861488422299,561.15
670,11640,10642.164421198137,13480.1
671,898,1111.4548144218647,862.45
672,12840,10895.792334383452,13785.903333333335
673,4916,4883.526942781668,4341.09
674,673,-443.3321962022219,686.3
675,6279,6053.410100954938,6314.624
676,657,687.5518147032144,664.09
677,4313,4585.832143464533,4160.68
678,4918,4225.178511443488,4695.47
679,4543,4834.121585634099,4135.66
680,4622,5508.985364722547,4642.73
681,5773,7875.154525656478,7218.71
682,3707,4079.713676317565,3838.92
683,4229,4691.451118909741,3592.69
684,4390,5358.758931301213,4790.01
685,3101,3510.274572273393,2930.05
686,1103,1640.8964897944588,1113.29
687,1292,1289.947165562974,1391.82
688,11469,8909.511418643564,10606.86
689,8646,8195.44223214178,9400.01
690,10964,10352.550525509308,10468.26
691,2048,2175.178938793393,2182.57
692,857,-442.514960774306,827.12
693,7258,6226.082298848536,6529.81
694,13500,13739.5707671004,14057.24
695,788,1125.950404147984,757.65
696,740,958.2899078648106,664.16
697,975,1240.7320613175552,976.16
698,1237,1267.914784720052,1379.25
699,5902,6659.602662180797,5807.78
700,12951,10570.137808755964,10341.09
701,593,-884.921423998655,546.94
702,911,750.3335963228683,756.61
703,5233,6403.943235318305,5464.64
704,2401,2542.3857631911887,1854.42
705,6098,5879.757699570008,5517.44
706,8770,9478.251343164338,8941.615
707,911,792.1605584207964,1188.28
708,876,1290.355280146413,855.16
709,2142,1380.0787446702257,1932.47
710,1129,1786.6699858905836,1098.81
711,4077,4668.552988733567,4028.325
712,2012,2456.482338722279,1913.18
713,891,-442.1930740774915,840.67
714,7040,7143.7172106145235,6487.26
715,666,693.2557887404764,726.94
716,4197,4384.729797320527,4141.263333333333
717,478,397.69879325246893,470.09
718,3563,2592.2779519981395,3495.14
719,764,1075.7947556389108,788.56
720,5028,5677.060937693763,4728.02
721,2837,3947.7314238639715,3228.06
722,998,1234.2267073219,1047.15
723,1911,2579.6901001521805,1925.4
724,3122,3052.0488350222663,2591.03
725,2335,1912.0339434292607,2328.84
726,2876,4100.128736114756,3141.79
727,599,906.3596533819259,705.31
728,5728,6618.629705270829,5743.92
729,1013,927.9069263993588,947.11
730,13367,12889.596325433844,13721.876666666665
731,393,-1595.822618102904,510.37
732,803,376.9615440981597,726.58
733,868,1226.2201700914675,877.54
734,2344,2211.2784301234797,2368.4
735,7424,8708.120189904133,7934.33
736,3011,2736.5928884734303,2849.3
737,5975,6696.169564106262,5829.95
738,2822,3673.4962708540947,2867.4
739,789,983.8235847053893,870.03
740,462,807.3058236850134,526.58
741,968,1417.599678415867,975.47
742,4234,4798.331154287881,3487.08
743,6818,6082.858753323751,6558.7
744,807,692.6312327666742,898.47
745,1438,1557.8003055661866,1498.07
746,3785,4239.612947704236,3322.29
747,1229,2069.6376625027265,1299.17
748,16343,11626.546446513617,15823.6
749,673,877.9644167352271,689.2742857142858
750,1240,714.0585298864676,917.24
751,689,-42.655774941414165,717.68
752,7066,7111.100831968651,6082.61
753,1295,2105.882565332596,1139.94
754,7145,5625.925175056324,5414.11
755,2901,3007.59819496432,2916.02
756,15785,13644.619324712816,13523.371666666666
757,2694,3320.900183744871,2597.93
758,1621,-1541.5161210166589,2473.9
759,13702,11676.93957383315,13161.97
760,647,1104.0178642001797,691.73
761,2902,3270.9458312246084,3016.31
762,1295,2019.3540150342487,1274.47
763,394,-1488.8453538162048,498.89
764,1312,1970.501287902088,1076.28
765,2107,1762.0981321439986,2042.76
766,1600,1878.2255514658586,1597.04
767,742,-112.7105211010994,787.86
768,485,918.8356827974385,510.9
769,5306,5722.211468935478,4602.94
770,1101,1865.1604514194441,1113.26
771,3078,3688.055945401779,2911.34
772,776,423.9769834854542,773.04
773,13812,14684.927553837153,14306.7
774,472,762.7024836616647,498.82
775,3888,4459.411190724102,4418.58
776,641,-153.52227579005557,538.39
777,9405,8166.050548879533,8284.4
778,6670,7062.932326444364,6145.11
779,945,489.7156243641093,946.49
780,3774,4393.974286320199,3429.0
781,5221,5523.996191212281,5431.08
782,1858,2061.483305427027,1778.21
783,5358,5944.688608913668,5932.06
784,2079,2682.8053360463296,2473.26
785,4670,5217.600902663618,4862.56
786,3591,4390.971223008471,3291.9
787,11888,11112.850280159382,10885.63
788,8870,9395.513526093253,8736.89
789,1101,2081.099004411868,1193.63
790,698,152.22008739500234,712.55
791,663,-173.93022941396612,650.73
792,5556,6270.443386695723,5236.68
793,3226,4318.844901819367,3784.72
794,12617,13386.528321925789,14302.54
795,970,984.1087661864785,922.13
796,666,715.361106869198,714.73
797,1153,1666.7372693986163,1109.24
798,1016,860.3206373048461,906.33
799,2228,2345.522383774585,2434.58
800,3678,2440.2984532109485,4937.08
801,2287,868.9428522756052,4352.17
802,1897,2491.2582102047772,1907.43
803,9474,6884.253803178998,9872.35
804,1134,801.7679166803259,1333.94
805,4688,4896.991387925236,4661.9366666666665
806,1682,2307.417622849939,1659.97
807,649,824.5352337096538,760.66
808,1257,1316.65963311648,1200.46
809,638,-474.8605601312411,646.87
810,3145,2920.5045442990927,2901.3
811,698,384.444498052434,676.74
812,1993,2959.673432566942,2261.9
813,3889,4322.17072000479,4177.66
814,613,-3628.079175868028,805.07
815,2415,3223.117347785799,2550.11
816,5292,5534.732440254615,5208.17
817,944,1539.724042540557,1022.86
818,533,427.8200498756228,602.58
819,1152,1086.9296695551434,1175.04
820,956,1320.9987746705779,1020.52
821,16446,14473.908958506885,16684.97
822,1937,918.3386705587009,1920.396
823,792,859.3320440527591,837.33
824,3011,3573.626839158456,2928.9
825,4478,5417.554093276835,4556.44
826,2530,2321.978454023937,2519.77
827,2764,3291.616144160521,2676.26
828,9513,9368.269929374237,9068.86
829,2088,2977.6472892011257,2562.27
830,8823,6802.153173539472,7248.14
831,4239,4782.889955328904,4636.9
832,849,865.6541310237644,783.72
833,1970,-7097.9441335362335,2751.66
834,1321,1248.7645092845855,1332.59
835,4410,4354.7166260636095,4302.73
836,867,1408.4297105228843,914.03
837,3230,1448.6605058102687,4068.74
838,1935,2255.9787239385023,1787.49
839,1909,2308.762929733995,1932.83
840,579,68.82724442008202,571.22
841,5224,6809.601641877031,6378.47
842,486,198.06858264448283,534.29
843,17182,14265.41743786345,16108.68
844,2925,908.3928350763163,3522.31
845,6101,7222.230333697923,6298.82
846,7134,7720.588183985846,7673.62
847,2289,3195.875312099839,2362.46
848,8616,8161.23597216113,8153.44
849,4733,5306.123735109599,4797.2
850,1129,1678.6040517107049,1065.39
851,886,1576.1786558526474,886.88
852,4032,3920.386983035985,3953.546666666666
853,7258,10394.252485097204,11495.19
854,5191,6768.007415155063,6271.14
855,15818,17084.583867979294,16466.52
856,2922,2928.565489931629,2655.4
857,2352,1950.5230050340838,2285.67
858,2056,2235.8933376791274,1842.4
859,1436,1665.3727643583252,1425.61
860,5634,6896.697613141717,5998.23
861,506,-1237.8789641202202,530.57
862,641,-480.77094479894185,713.82
863,6246,9468.960427369075,8018.06
864,994,381.5898310910293,1239.61
865,6115,5608.4208942169025,5204.88
866,746,890.0230100848298,859.4
867,4276,5671.966845830051,5235.765
868,6963,8364.508795519716,6766.41
869,1588,2398.775566584527,1774.97
870,7051,6972.279984299808,6933.07
871,2931,3730.1201035897393,2992.75
872,6996,7470.5909040864235,6897.86
873,1013,1237.8058282417715,1056.91
874,2890,3689.861019551282,3004.63
875,2312,3012.524960594216,2398.87
876,2929,3074.231241556835,2607.94
877,1216,2135.0125413478295,1242.64
878,1437,1451.2334866512924,1352.9425
879,898,61.27098298423516,776.9
880,546,820.573166224136,549.7
881,1422,2154.576970888301,1309.0
882,1272,1093.4217076775903,1356.19
883,1589,2348.0163862332242,2114.35
884,485,-1920.0989947544094,451.14
885,7387,8680.950841033242,8006.82
886,10076,10560.854532934478,10672.11
887,7909,7596.504262786063,6316.49
888,2512,2459.8633342893054,1889.21
889,4771,7378.282082249092,6241.18
890,2043,3140.642090701119,1952.51
891,926,639.2557802665428,926.64
892,777,563.1736459904582,782.97
893,13736,10846.191139462913,13360.94
894,2616,3648.0420907922,2849.35
895,14973,14315.24647991557,14307.05
896,6915,10045.313709966915,9059.05
897,3966,4465.558770696889,4046.36
898,884,888.4474089527212,928.28
899,3985,3660.6432271240747,3850.11
900,559,762.4624004324451,656.21
901,799,1381.211387950635,866.0
902,663,497.2433481534349,693.62
903,2484,2403.5343302871097,2238.89
904,8151,9200.981205260297,8695.43
905,1012,1575.4872274313257,1196.97
906,878,886.4612112283098,792.12
907,1581,2075.4575126115956,1823.41
908,6250,6099.379732546142,5774.43
909,11970,16250.30125741369,16667.34
910,2163,2936.4448384550533,2500.51
911,5887,5318.440781362173,4692.36
912,14803,13422.603572306858,13861.22
913,8930,9432.82993188317,9039.485
914,759,1017.9423671736995,727.8266666666667
915,2925,3967.8108421962374,2889.57
916,11110,12160.508869018196,12129.74
917,2340,2651.8385648821336,2475.176
918,633,-572.0014408882162,736.17
919,7762,7015.037932017782,8199.41
920,5607,10618.457251435892,9852.73
921,2602,2728.6497251472347,2829.48
922,628,-423.31792235678495,577.44
923,12468,17053.205850360813,16245.68
924,1094,1759.7728675714889,1139.4
925,734,844.002088611116,738.8
926,681,923.1169661754266,756.19
927,3411,4042.8816572654787,2863.8
928,5095,5419.456574675878,5599.26
929,2230,2589.787461564622,1859.19
930,668,858.0161885199905,622.12
931,2564,3826.0075177525546,3465.74
932,1687,1590.0340019743194,1585.9766666666665
933,5548,6560.270990524203,5467.67
934,6306,6396.6479630578815,6886.31
935,571,-67.62292765266784,547.35
936,8996,9530.7408970251,8932.66
937,6800,6730.833529124623,6335.015
938,5120,5498.6497072982265,5256.85
939,1400,1966.1435899959133,1154.09
940,764,857.670575680911,793.32
941,14027,13193.639593722508,14270.97
942,15460,13127.467399544576,14733.71
943,5567,6621.622048020151,5901.96
944,5832,7742.243867840651,6862.16
945,854,1578.1711925583036,799.02
946,906,803.8803533515329,816.09
947,10164,10334.547319863483,10354.43
948,775,1278.1686941820267,848.83
949,1629,1800.7275639258887,1537.17
950,764,1005.0828031906303,769.46
951,2396,2980.093298159108,2404.52
952,2376,2759.379993306744,2312.16
953,435,247.69291540308677,624.74
954,1715,2279.0945626371126,1875.45
955,665,544.6175276489776,675.36
956,589,285.5483542577613,558.71
957,1372,1750.5142920020571,1084.85
958,17374,14501.02105843026,15727.54
959,1781,2091.4633379342486,1726.66
960,8774,6919.590640419703,8876.35
961,7187,8382.694005594407,7524.98
962,4078,6159.220293988438,5837.79
963,1006,1436.8405812317437,954.75
964,419,122.82372430275336,441.14
965,4845,5151.13875939462,5022.8
966,2864,3050.823715259392,2987.84
967,669,794.6095905708071,748.96
968,1988,2669.8983152408355,2293.5
969,1239,2094.765252106348,1255.75
970,8623,7314.541983304397,8924.31
971,391,397.01554687834323,425.56
972,2475,2994.030549864128,2085.26
973,645,657.5636890879182,674.33
974,9576,10017.603439080602,9734.65
975,847,878.1800777786502,956.83
976,9092,7414.007631464985,9573.2
977,4451,4596.769508824952,4213.09
978,12731,11172.56941687192,12685.91
979,655,432.68202583433686,688.72
980,2699,3632.451885228183,3066.25
981,3620,3916.43301158199,3713.58
982,899,1413.2998250606943,978.49
983,8233,7236.927444811567,7997.9
984,3742,5478.9770950311,4553.7
985,602,605.045724534405,687.01
986,1140,1655.2276362799566,989.11
987,5544,5617.433235815153,4685.76
988,421,-970.356633895397,446.48
989,5999,6042.927281272192,6133.4
990,1847,2588.9370945978567,1946.99
991,910,927.6903758468643,895.58
992,1179,1178.9524966675367,1172.08
993,776,584.535828374941,776.25
994,18128,13593.994739517742,15083.61
995,2386,2746.223620601437,2404.36
996,509,-355.7861513969283,452.18
997,3249,4170.238837109274,3411.77
998,740,846.3636704172004,606.7
999,1040,903.0846450761637,893.43
1000,1576,2226.7705615536343,1675.975
1001,710,593.5619889107411,761.72
1002,4363,4356.52286367228,3826.23
1003,2277,2311.7073416304875,2313.41
1004,13831,16378.789673732417,14572.45
1005,2365,2172.9874982878237,2353.11
1006,6559,8373.947718899515,8279.66
1007,1656,2107.1485697610415,1708.3
1008,2056,1770.8892277258074,2138.16
1009,1115,1864.515408301369,1126.68
1010,6787,6193.500802357055,6530.06
1011,4616,4788.015814839226,4928.67
1012,7539,8320.69886548756,7311.4333333333325
1013,4812,5229.6472226337955,4997.05
1014,1185,797.0708944162698,1203.73
1015,2072,1733.1658509704375,2021.3
1016,6552,6187.852335927485,6016.2
1017,1438,1615.509040821239,1522.96
1018,4953,6195.5508323889735,5098.43
1019,9694,9557.205406424679,9570.13
1020,1659,2057.6191613689343,1789.76
1021,605,344.0936973589605,625.05
1022,2203,1910.4044954320298,1613.24
1023,706,724.4863118843937,713.42
1024,5171,5926.804367704845,5035.06
1025,707,460.51591604610894,730.66
1026,1195,629.851422086791,1243.61
1027,2318,2958.364408876573,2242.84
1028,2553,3151.4430228768133,2607.26
1029,3394,3375.613393986535,3683.96
1030,1577,2149.5870478352604,1417.79
1031,845,648.5300359266621,1011.52
1032,6826,6149.307681975812,6495.6425
1033,920,712.676806912797,796.99
1034,1612,2246.9113553297584,1670.09
1035,692,423.61739623075664,853.0
1036,759,-858.7850021158756,849.99
1037,2952,3504.639710424208,2710.33
1038,4315,4371.878591141638,4475.67
1039,4463,4694.173810319693,4277.25
1040,5045,10117.339072529208,13272.2
1041,2732,3746.354826504822,2829.03
1042,2409,2917.9964084504163,2392.67
1043,12423,13524.784117126319,13515.8
1044,1153,1490.1153978223656,1094.33
1045,10221,7178.405886588416,8804.28
1046,814,1227.4880207708757,856.9
1047,1113,924.2806602936603,1002.34
1048,4675,5885.190136929772,5704.98
1049,1007,1621.2576671940642,1025.33
1050,2170,2052.3491075629563,2351.58
1051,1349,1209.3687858005487,1383.63
1052,548,315.46924352823225,601.4
1053,552,671.9641370170216,528.19
1054,709,153.52587906330245,613.96
1055,2968,4069.973202360031,3979.14
1056,619,-110.20615717399323,685.65
1057,709,137.5903225405691,688.65
1058,1964,1921.1774139959768,2203.89
1059,811,1042.9540748710206,854.53
1060,2093,2674.63371521782,2088.51
1061,1838,2267.848361866221,1857.75
1062,532,1010.9598060050585,595.54
1063,3570,4011.5603652018426,3544.61
1064,515,144.7263681095419,535.77
1065,1148,605.0244916014253,1352.05
1066,2501,3336.1707430469532,2624.07
1067,2815,3728.267126861295,2848.84
1068,765,-132.15860640346364,606.74
1069,720,290.29765652553033,661.11
1070,5969,7378.288060593494,6315.74
1071,3953,4860.043508235228,3959.04
1072,6229,6196.354722220694,6130.61
1073,4143,5288.633852121839,4961.55
1074,4484,4786.658669582466,4552.92
1075,10931,10368.449677263228,10724.44
1076,5347,6153.4268733478375,6294.53
1077,6375,7635.3845325412,6895.59
1078,921,157.0684719403398,790.955
1079,10441,9119.964689040087,10031.29
1080,670,773.2491964067885,641.13
1081,1097,467.8695800737878,1170.56
1082,2333,2432.526698714759,2281.02
1083,942,863.5014895339036,898.39
1084,2056,2261.2770396281585,1780.99
1085,1579,2127.930566203303,1780.5
1086,379,-879.2919897398451,455.43
1087,1103,1852.7847145748442,1086.6
1088,4276,5781.10789719593,5224.35
1089,3820,4434.901436067439,3485.51
1090,3444,3899.5988446699503,3286.67
1091,3888,3968.1807892825973,4157.46
1092,679,-277.86562347015024,673.63
1093,10976,10324.762423000717,11243.66
1094,3336,3817.5974458768937,3115.24
1095,628,-112.20051546434934,595.85
1096,8263,10492.261980442483,9474.35
1097,1073,14.728770499891652,1133.09
1098,2376,2225.500827024851,1768.02
1099,954,1312.8222305153918,1008.24
1100,2096,2943.416789751652,2280.05
1101,18186,14820.714728887333,16948.26
1102,8891,10443.912522332932,10940.74
1103,12702,10522.34215436345,11616.98
1104,4228,4901.614393614075,4629.35
1105,705,333.3747237403172,733.56
1106,2120,2739.7052051529395,2088.41
1107,1041,1006.3577493720068,954.3
1108,18023,14755.992186928228,16030.92
1109,764,905.8117807801796,784.9
1110,6672,7972.268771582629,8123.57
1111,895,130.87218918505187,880.41
1112,1000,1504.1532436546267,912.57
1113,703,940.0973860025806,694.45
1114,6999,6535.7006116554585,7129.81
1115,7311,8337.813408991507,6953.59
1116,5886,6031.647566182614,6287.58
1117,5241,5626.285797295485,5222.025
1118,4208,5517.081398910386,4769.14
1119,11560,10134.669728852761,11114.13
1120,5449,8222.698235641461,6417.05
1121,544,-2.507886957516348,580.92
1122,11818,10952.761919994427,11522.99
1123,2952,3437.501577162954,2848.96
1124,876,1540.3091759561803,1039.98
1125,2302,2840.648739152364,2320.8
1126,1712,2373.2761656472953,1765.01
1127,738,999.4410356257995,837.7
1128,4324,6105.288912710233,5265.34
1129,3033,3497.76886334857,2662.55
1130,9049,8012.123846086054,9339.41
1131,1000,1420.3390918454556,1004.96
1132,945,1410.6050198417029,972.52
1133,625,482.8203532041671,639.6783333333334
1134,10808,11299.349056070412,10283.79
1135,5274,5751.273706408076,5449.21
1136,6480,6941.680291820841,6466.21
1137,5555,6047.074812526539,5654.75
1138,819,1206.609257811283,876.09
1139,891,1437.7417485598007,901.29
1140,1637,2478.3595837810353,1707.66
1141,638,-350.82009559381186,716.45
1142,1153,1659.242622901821,1097.38
1143,2851,3325.3960977192055,2805.74
1144,3971,3526.406962638888,3827.17
1145,1427,1785.7670590307062,1645.91
1146,2415,2287.326757419164,2151.46
1147,1689,2253.991743100786,1721.97
1148,586,1117.5767575270029,712.59
1149,2644,3134.587825196563,2522.65
1150,1079,1665.5823783613796,1059.29
1151,4832,5327.985464593827,5183.76
1152,5661,6724.830944196394,6237.26
1153,1339,1622.9186631872662,1214.87
1154,596,333.10489456221194,647.82
1155,7816,8487.266124400412,7595.33
1156,2162,2468.406944690586,2573.25
1157,631,411.3540499980754,683.33
1158,3187,3683.1751255431163,3511.19
1159,764,-344.8847404468379,674.72
1160,2175,2919.702151562207,2188.28
1161,3704,3672.186242427668,3656.35
1162,1197,947.2201129634445,1221.6
1163,4192,4276.364944003056,4558.91
1164,608,-335.3292502736049,595.85
1165,789,1071.032266389936,791.97
1166,766,1258.24171479997,829.73
1167,4704,4927.643020728094,4173.39
1168,13171,10925.689391596628,12598.85
1169,860,1533.8845873316604,906.17
1170,2394,2918.0668131381667,2440.14
1171,8749,9444.955579070884,8774.67
1172,830,-623.7840663563711,835.37
1173,7582,8328.367527727118,7547.36
1174,746,1047.4708750410255,817.3
1175,596,-766.9136280946259,670.39
1176,4145,4521.493185731726,4083.45
1177,11532,10647.469975346045,13267.03
1178,646,827.0096447815522,686.73
1179,540,-932.9258234954195,564.68
1180,10588,9545.836142346712,8952.45
1181,3876,4809.762565867497,4462.54
1182,1354,1501.0399793634438,1282.83
1183,1687,2068.0632178710075,1654.67
1184,8637,9098.032008016584,8795.88
1185,3830,4056.952958401167,4279.653333333333
1186,4400,5196.0037411596695,4431.89
1187,666,-336.79635703550593,668.99
1188,504,439.954220973259,596.28
1189,1893,2218.3305230244905,1762.41
1190,698,31.28169347941639,574.57
1191,3418,3584.417756421385,3716.3
1192,1038,1138.5555243313383,970.17
1193,1212,731.8498211339947,1153.03
1194,12545,7866.515057535557,10434.36
1195,4191,4904.65937950731,4638.97
1196,857,1253.7547515779415,825.02
1197,5175,6612.053873387823,5225.98
1198,3358,3515.541978583706,3766.82
1199,631,-673.1371967042778,795.08
1200,13229,13179.53251437731,13221.752666666669
1201,2240,2542.353221749311,2728.15
1202,4763,4986.8530369572945,4308.87
1203,1668,2510.4731077635142,1746.9
1204,1187,1494.841564509156,1545.58
1205,5593,5403.387348102897,7742.94
1206,600,1254.0868276982987,651.73
1207,3077,3712.7987932341475,3248.88
1208,6602,6629.573226753593,5275.61
1209,18236,14463.138941965206,17693.21
1210,856,-1373.4082942094356,1036.09
1211,326,-1360.7315609095558,486.11
1212,906,671.3487644043053,828.69
1213,803,-590.8303827142408,816.21
1214,5370,5863.129160381308,5454.26
1215,4980,5196.428714509182,4668.31
1216,10000,9909.359640772222,9461.01
1217,842,906.964665697019,897.96
1218,1389,1270.1078768798084,1441.24
1219,4626,5192.949382614537,4573.41
1220,718,1000.1311868095345,816.75
1221,2589,3216.9268257117283,2575.75
1222,4008,2936.9821775294868,4010.47
1223,1569,1627.9607667586938,1517.3716666666667
1224,684,406.91654062292946,618.73
1225,803,190.22335691843182,695.98
1226,675,-129.11526383794035,657.12
1227,963,-356.7073997045836,1200.47
1228,1323,2080.057653415946,1159.52
1229,1168,1686.3028619937918,935.92
1230,1646,1773.5495901677855,1562.34
1231,650,-412.19584885378026,566.51
1232,1629,1831.2735377724803,1601.02
1233,1114,1097.9856411729243,984.25
1234,1018,1804.2274218471262,1044.82
1235,1151,1701.376675706918,1072.61
1236,432,-1261.0048416528707,517.9
1237,4165,4932.461167614564,4060.3
1238,447,-434.95962466234596,535.57
1239,4802,4518.698766691774,4506.21
1240,2016,2827.8943936616656,2092.02
1241,4382,4752.525943486933,4225.77
1242,414,473.05707671845084,493.79
1243,840,1576.5655728783481,811.15
1244,6449,5987.28413557667,6304.57
1245,731,707.1237106163271,735.3466666666666
1246,2949,3741.5948610200803,2839.33
1247,947,615.7549305608768,804.9
1248,13921,12995.178616823572,14388.626666666667
1249,2176,1320.5393339540233,1968.965
1250,9874,9060.165847843851,8520.88
1251,2404,2987.3315148576658,2460.9
1252,12273,7454.186267864634,9760.79
1253,1367,2202.7487474048903,1273.76
1254,700,-110.07080216060558,749.2
1255,5183,5879.0819971179335,5718.25
1256,2992,4021.713513161279,3239.35
1257,1431,2096.0541353767576,1364.58
1258,1817,2495.97338315452,1727.87
1259,3917,4745.904804284712,3627.02
1260,4139,3333.7457549277688,5705.56
1261,4602,5513.136730629103,4996.7
1262,791,854.3295998571525,823.18
1263,4200,6109.227709910735,5384.35
1264,3493,3881.7650775317043,3025.5
1265,2102,1456.8857475457476,2094.36
1266,9730,9777.171438056326,9712.65
1267,2148,1882.5735010807866,2277.82
1268,1079,1627.7112643085811,1037.95
1269,8476,9554.063734979569,8041.23
1270,4027,3998.4147692624583,4102.4
1271,999,1889.166997686178,1190.3
1272,2790,3844.581397394307,2771.38
1273,18014,13396.500842684165,15958.19
1274,564,462.8066131304704,574.98
1275,3372,3896.852408016303,2950.22
1276,3082,4103.985985808375,3512.63
1277,933,1275.70294076937,888.78
1278,911,-387.54896164389083,1017.91
1279,4385,4767.62559834707,4216.25
1280,3351,4295.291908392133,3156.26
1281,3415,2195.7747846794905,3849.24
1282,7235,10430.079768650605,9048.41
1283,687,1061.892521308679,733.03
1284,900,660.3735091219096,834.47
1285,8298,8471.696266474417,8992.98
1286,4648,5220.430914727089,4944.34
1287,3111,4055.8352334295223,3419.53
1288,2812,3466.7315877881038,2507.5
1289,853,1420.6400839059288,865.89
1290,2848,3899.6848251691713,2928.82
1291,8315,7692.756039949009,7785.27
1292,7904,9275.119243150035,7833.13
1293,18756,19033.04805592513,15189.82
1294,681,434.93825683756586,633.8533333333334
1295,3338,3918.7293888122385,3454.805
1296,1830,2159.0156841823036,1854.27
1297,1603,742.87121145325,1978.05
1298,7910,7604.312947525133,6839.7
1299,4617,4267.850248465695,4741.69
1300,2328,2304.9072891948827,2297.76
1301,9699,9302.838407727722,9730.8
1302,3070,3547.82354669095,2945.99
1303,12841,9488.433411162352,11881.55
1304,1970,2243.4503712436817,2435.13
1305,4040,5730.385434225254,4665.16
1306,2540,3071.3309135328627,2400.55
1307,11355,13075.462773120677,11515.0
1308,2054,1841.8453482740251,2165.93
1309,9431,8833.01386040455,9479.52
1310,565,290.96168335048424,561.56
1311,357,424.03229460874263,425.95
1312,4229,5333.912721063427,4347.59
1313,526,307.21632492647404,593.51
1314,911,656.0952633468714,815.72
1315,4268,5943.359276751076,5010.18
1316,1224,1061.8343918275905,1426.14
1317,15426,11421.889448956019,14890.866666666667
1318,5219,5630.0020550576455,4900.8
1319,1626,1284.7417307429305,1524.67
1320,3343,3229.302512665203,2947.44
1321,15334,11943.942557284827,15072.58
1322,3574,4120.524369106535,3954.74
1323,4385,4629.570630631284,4037.07
1324,6596,8741.356904135224,6719.47
1325,5988,6352.6632240055,6617.54
1326,684,259.4434805721294,701.39
1327,1650,1975.1954495061896,1583.82
1328,719,313.9657369088013,790.99
1329,722,466.8955871311946,736.0
1330,7810,6875.5438209343865,6755.5
1331,5469,5938.8346261824245,5475.48
1332,2230,2876.306425726968,2405.0
1333,5197,5592.034754562638,4986.09
1334,11526,11279.206684960973,11079.75
1335,4337,4138.711398863928,4361.7
1336,4785,6177.8853085122155,5081.88
1337,2020,2946.259571535807,2031.55
1338,1443,1666.5327692009932,1570.01
1339,13786,14692.031320084427,16374.65
1340,10850,8397.175365780584,10359.86
1341,758,968.7866066093384,724.43
1342,5015,6422.95014718772,5073.44
1343,7553,8784.465446947912,7590.53
1344,3306,4358.341631212075,3469.13
1345,1003,74.02401537268452,925.23
1346,7577,9517.7127385191,8217.74
1347,5474,6133.477820658304,5080.11
1348,462,-1053.6409746195059,520.76
1349,4185,4417.340307158196,4235.04
1350,914,1576.8962110585176,920.86
1351,9072,13942.201314037962,14528.05
1352,8131,8425.167563614523,8090.17
1353,4476,4979.670729536916,4701.19
1354,4816,4736.0658378461,4554.01
1355,1061,756.22854355965,980.1
1356,2415,2995.2283346812883,2595.28
1357,552,-1492.0150459858341,675.6
1358,1806,2220.843366873207,1729.06
1359,9526,8220.777075796885,9854.19
1360,1270,1312.8764421022993,1478.21
1361,700,254.35361700235535,726.1
1362,9920,8580.89948915297,9433.45
1363,574,-970.4875924711814,576.57
1364,1312,1069.3921065243685,1277.31
1365,1736,-923.154377880619,2164.05
1366,2859,4377.619607950962,3322.41
1367,2772,3154.4992759907655,2455.8
1368,844,551.1720780683045,841.2
1369,2005,2561.541003113909,2085.84
1370,2087,2861.0744714526586,2169.33
1371,13508,11051.014555762791,13717.823333333336
1372,14482,11178.796563515338,14563.12
1373,4255,4626.605233659799,4490.59
1374,525,302.12442740259485,561.57
1375,3696,4599.800828447838,3543.16
1376,1571,1894.462592847864,1623.37
1377,3545,4416.4133160279935,3414.44
1378,6837,6360.898344161283,5640.276666666668
1379,5037,5345.58750011554,5146.916666666667
1380,447,-1035.2289354160766,508.53
1381,8922,6853.896393648964,8557.52
1382,4898,5317.7905216418185,4722.86
1383,666,-495.8928069147896,710.63
1384,1181,347.1174986554852,1166.5
1385,15941,12486.654339133025,14484.21
1386,2726,3828.2879425581887,3147.38
1387,4524,6099.163473186114,5304.89
1388,11982,11072.583701541535,11941.9
1389,756,916.1391359914105,839.03
1390,1406,637.9346285115889,1144.59
1391,4284,4423.466529144636,4108.84
1392,431,480.8217953039434,449.95
1393,741,876.8699675358166,672.81
1394,1739,-316.31079387456157,3114.41
1395,969,647.4746683163421,892.93
1396,12308,10946.211805501574,12929.69
1397,689,0.4976253172781071,695.11
1398,6644,7129.733384143411,6938.53
1399,884,736.2775234213304,764.165
1400,5062,4924.356120845007,5027.07
1401,660,125.67049102574538,732.25
1402,14278,11396.25423532134,14773.16
1403,6068,6744.5387198265435,5703.22
1404,972,858.4013186793136,914.97
1405,4281,5006.6758750200015,4307.48
1406,1576,1848.1202498430985,1583.63
1407,1921,2321.3340476071444,1801.76
1408,1052,1619.9041755198587,1002.66
1409,789,971.9935931840973,837.71
1410,373,83.83765826011404,427.93
1411,2229,2663.2222616554855,2250.97
1412,1595,1773.6157489249767,1553.56
1413,3362,3713.7632544810112,2994.01
1414,1421,1312.5441000824198,1363.43
1415,786,460.9246889710039,860.13
1416,899,1281.2336653337525,943.97
1417,9077,7442.820338658098,8398.63
1418,4113,4729.149783430192,4043.19
1419,4478,4915.343462762012,4766.16
1420,844,1181.0396206572764,889.94
1421,3886,4477.626756121759,4134.98
1422,3018,4066.6742858375765,3222.05
1423,7508,6483.648817555388,6464.61
1424,1777,2138.120817105947,1738.23
1425,2403,3213.9877846473073,2347.92
1426,13464,13713.91155959359,13392.792857142857
1427,9108,9740.931421078996,9078.84
1428,5671,5805.700297205466,5451.35
1429,3365,3993.420900866794,2950.66
1430,1216,1746.8897141681873,1196.25
1431,2959,3366.4106555634357,2644.59
1432,789,798.3941101125392,795.51
1433,6874,7451.226687971976,6850.04
1434,988,1820.3742542617624,1064.61
1435,4853,5709.7201972731345,5316.34
1436,9139,8441.161721925697,9871.07
1437,1173,1964.485017549198,1168.87
1438,2300,2233.357625541831,2474.71
1439,3692,4367.69979509192,3599.93
1440,8499,8865.663676339289,8175.06
1441,1987,934.8017352654138,1875.32
1442,8364,10993.247404248978,9450.29
1443,2394,2794.587747006876,2313.265
1444,1848,1448.8189221582766,1417.51
1445,4578,5057.578714832288,4623.09
1446,1207,2037.0422799926127,1082.41
1447,765,-797.1326984816933,740.84
1448,499,-8.075365593745119,540.5133333333333
1449,4298,4785.301185001037,4496.9
1450,3179,4010.633852594337,2970.08
1451,886,1489.1455655663094,871.35
1452,644,454.78347456124357,638.3
1453,2854,3864.9401924096696,3011.04
1454,18440,14511.16835191733,15986.01
1455,1439,2409.2180637171778,1327.13
1456,3201,3979.7108260046925,3319.51
1457,2704,3074.953933347444,2662.28
1458,870,820.5418009964496,889.1
1459,2290,3035.3985988741356,2145.21
1460,1151,210.45695027331567,1133.81
1461,1845,2201.8350196404563,1668.98
1462,6397,5612.764099017286,5449.28
1463,1064,1651.801310982432,930.11
1464,6533,6072.509015149993,6548.03
1465,6063,6222.075674661591,5714.16
1466,2012,2609.7846193753644,1991.98
1467,1939,839.537408982178,3949.7
1468,806,1099.1698297291282,809.35
1469,8372,8660.068521274668,8613.67
1470,896,-143.26881937438066,814.5
1471,7136,7173.398620239339,7208.6
1472,1436,1841.9504320571396,1489.35
1473,694,-546.8265987093073,762.81
1474,16709,14667.706010032483,16059.48
1475,1116,1389.81269919641,921.04
1476,1569,1618.4790755625995,1524.9516666666666
1477,1140,1443.2513148991156,1014.14
1478,891,1457.7831889175732,902.15
1479,2178,1925.7985939202126,2490.8665
1480,6048,7165.181047802358,6451.54
1481,12720,11901.82777280243,11474.85
1482,6177,6397.310810028467,6656.84
1483,3135,4168.928673989057,3169.123333333334
1484,723,785.2783807485521,750.15
1485,3852,4208.825975030701,3478.62
1486,1561,1950.0509586320609,1576.94
1487,1239,2092.186538144874,1256.49
1488,3891,5628.403699083664,5150.0
1489,2772,3473.162268584235,2885.71
1490,1719,2439.979663918725,1768.86
1491,1269,2138.7269471476748,1300.61
1492,1000,1491.4313255225752,977.98
1493,1865,2510.298425668617,1915.18
1494,2055,3086.825462143911,2191.89
1495,10823,11329.677690202814,12450.83
1496,8291,9252.756117872377,8960.57
1497,1046,989.647495774042,963.65
1498,4395,5464.906910593706,4884.27
1499,3648,4195.773768775565,3383.27
1500,1776,1046.548396390162,1347.09
1501,707,904.1136784961941,762.06
1502,1564,1686.6254554515485,1534.54
1503,1221,2047.5000572689528,1204.13
1504,1637,2038.88111288255,1664.256666666667
1505,1046,1131.065499527942,936.94
1506,12787,9819.379100406897,10293.26
1507,11392,9183.265135743273,10363.62
1508,6221,6160.81357618007,6402.78
1509,723,760.764109257012,785.04
1510,7431,7468.136619943105,7206.17
1511,15987,15279.477528661495,16575.36
1512,1033,1119.4733203980531,1012.52
1513,9954,10030.599532809589,9856.86
1514,4869,5292.120337067017,4122.63
1515,5586,6841.971888150847,5620.19
1516,7177,8711.237180812514,7681.42
1517,1999,1484.6995368734947,1499.98
1518,3758,4228.971929498049,3513.13
1519,6569,6649.00587836877,6517.2
1520,2693,1422.3360485462572,3228.74
1521,6062,6393.190925101837,4911.0
1522,1079,1608.0777197153911,1117.9
1523,1069,1444.1767689403268,1008.16
1524,5390,5749.565000031234,5242.21
1525,878,567.0150726610709,871.36
1526,13007,14080.392626930852,11701.15
1527,2777,2713.4164229244043,2830.31
1528,1675,2202.0594866117326,1753.52
1529,964,474.6520519623173,846.39
1530,5979,6957.93967709125,5828.52
1531,8167,7842.107105978782,7503.49
1532,1815,950.5229035402449,1993.06
1533,16219,11165.011779704855,13450.33
1534,868,1229.748740496675,813.32
1535,559,698.4410672961039,565.11
1536,722,467.1638296514084,762.78
1537,5861,6211.16874513131,5897.8
1538,763,1349.3292910661803,807.21
1539,1385,1421.7847679667484,1487.865
1540,5505,5104.110198100801,4893.41
1541,2388,2210.008753628201,2446.55
1542,3312,3922.0199370914943,3644.6566666666663
1543,5759,5789.312903210051,5286.37
1544,669,-488.3532031293216,584.74
1545,1580,1848.0470619062698,1637.97
1546,4627,5083.506758481333,4507.37
1547,3781,4007.468029305579,3738.61
1548,988,1869.4059940689563,1108.16
1549,5509,5456.4476224783875,4989.3
1550,874,428.4728202291453,744.62
1551,1841,2553.7456636906095,1959.18
1552,454,-653.2362613123823,487.39
1553,1548,1655.2185968972863,1577.49
1554,12008,9228.81160970415,10379.23
1555,5002,4906.885578217323,4553.38
1556,684,126.8645006734314,637.89
1557,3854,3149.21381709616,3720.31
1558,2098,2046.0883166100446,2070.38
1559,844,420.1842095618622,817.59
1560,4287,5034.25630475476,4468.32
1561,1383,1316.8537600723494,1406.0
1562,4593,3816.176825738231,3710.79
1563,15952,15234.587365706044,14247.12
1564,983,1441.7693411155956,871.44
1565,9959,9364.649916344662,8294.37
1566,1820,2411.7408378809687,1963.71
1567,12591,13305.264935178106,13363.11
1568,13445,10369.573037545084,11079.03
1569,4478,5061.439903139569,4542.79
1570,13485,9534.877677982466,9635.39
1571,5146,6640.610407947156,6296.26
1572,1187,2042.2744513882867,1172.61
1573,1939,2517.609996778654,1929.33
1574,814,-224.49121071565332,807.77
1575,7219,7830.198249926114,7293.866666666668
1576,575,396.92246349108154,666.74
1577,3711,3462.372669817697,4879.67
1578,4194,4469.337409967618,4218.27
1579,3579,4145.324070184243,3581.95
1580,6817,7140.242319716203,6396.52
1581,2489,3415.2267485455213,2706.98
1582,1782,1857.7375667120255,2066.16
1583,2557,2875.779110942078,2467.37
1584,1666,2093.277081528844,1690.87
1585,807,1013.7740614636059,981.75
1586,6552,6282.953803876827,6540.69
1587,682,915.4324219615683,741.17
1588,621,828.8983637018055,702.9
1589,694,562.5408580474777,752.84
1590,723,728.619199296777,773.75
1591,936,856.958303954958,825.72
1592,3704,3754.010775342783,3451.18
1593,3368,3692.7485609335004,3535.81
1594,5938,5714.352287998943,5732.63
1595,873,801.5645672577066,759.57
1596,684,853.2448505338557,688.18
1597,511,401.12734631550074,615.53
1598,982,1326.9875328255675,943.42
1599,8359,7278.258182872629,7283.43
1600,6779,7837.21989555395,6863.37
1601,4125,4990.763995216781,4487.26
1602,1627,2021.048370034946,1622.53
1603,13387,13305.27116491394,13570.69
1604,561,250.77754222902786,645.21
1605,1733,2020.0814461419222,1668.62
1606,9404,9751.708665105241,8747.09
1607,875,1202.0324072464327,887.28
1608,7231,7668.7308093410875,7509.72
1609,8018,7744.234489955007,7783.06
1610,810,1424.3742677433934,829.42
1611,4212,4460.652652286796,4475.67
1612,593,-341.57754702665716,561.16
1613,683,-315.3363175050363,802.03
1614,1092,1420.0568626737086,1026.5
1615,9316,8170.524723795782,9855.31
1616,495,-388.8907397351468,548.87
1617,1074,1714.270169845658,1075.03
1618,4780,4564.898431408658,4153.25
1619,730,998.6849137568165,789.2
1620,3618,4048.9100037060966,3835.96
1621,6500,7214.8810612622,6517.09
1622,589,52.841851334113926,646.38
1623,792,1010.4998647808025,869.92
1624,2607,3716.707610296904,2895.17
1625,2923,2925.1180348794496,2735.48
1626,5256,6188.92077602687,5490.483333333334
1627,4398,4932.994090438196,4891.46
1628,7797,9281.307614349822,8517.24
1629,1440,1814.9991075810672,1610.59
1630,2622,3001.722901279002,2934.74
1631,562,369.855475270414,592.07
1632,6909,6474.728456700421,6542.76
1633,1007,1597.5536672597673,1026.2
1634,1002,964.4962512001148,889.87
1635,7211,6511.654985709584,7014.16
1636,1752,2618.7648172434183,1827.65
1637,489,-402.03833661369845,499.02
1638,732,-27.77184099095757,707.01
1639,396,-1459.0740404985,422.34
1640,10171,10223.687608156542,10533.04
1641,4749,4453.284629724589,4324.86
1642,626,337.5099203721293,619.23
1643,639,-152.96542771079248,655.69
1644,2557,2674.7674277111128,2790.89
1645,742,964.4781420724285,660.2
1646,6583,7477.64026199638,6586.25
1647,1574,1491.3344621207457,1481.39
1648,3276,4022.536932643622,3590.77
1649,2032,2945.7694095537345,1979.69
1650,871,1469.5320642530705,890.1542857142858
1651,1235,1005.0820899100327,1449.67
1652,613,-740.7795588006766,641.1
1653,6412,6392.856883958674,6732.03
1654,1904,1685.367420866295,2156.79
1655,2185,2339.524818078532,2117.0
1656,1812,2531.6184089664757,1860.34
1657,608,-372.65855814633414,582.81
1658,12526,10883.291041800545,13337.74
1659,540,-1030.5927021457774,468.9
1660,386,-68.36796001980201,384.38
1661,1274,-1272.2514469454327,1913.28
1662,6084,7155.042938703669,7414.25
1663,826,383.52085051444647,859.09
1664,4390,3950.637068834676,4327.67
1665,5741,5930.969542153777,5897.2125
1666,1250,682.362320082525,1177.7
1667,1585,1537.3961050471894,1506.08
1668,992,-1911.2230329087397,1657.06
1669,5226,5587.075380876342,5420.73
1670,7745,9464.063865935088,9101.45
1671,2138,2241.522149202281,2402.18
1672,13703,14122.296701378616,13881.81
1673,1892,-7.63031250354652,1938.77
1674,552,7.79158020794921,603.16
1675,2658,3295.5849245831273,2615.92
1676,6982,6944.872542711987,6809.5
1677,1155,1258.5756346553785,1481.24
1678,1764,1860.954265807386,2193.01
1679,721,1205.7389475528475,700.35
1680,6323,7767.798683169179,6375.24
1681,4580,5235.1833774358,4718.45
1682,4405,4686.393020007153,4578.77
1683,673,1141.4186831489305,735.17
1684,473,-386.2640177356052,580.49
1685,5006,5348.290086579486,4921.51
1686,9457,9929.799614068477,10054.91
1687,1069,1423.9814291843368,1044.48
1688,984,287.0042234689672,1111.1
1689,10388,8774.282053021827,10063.31
1690,1593,1788.1740867009617,1553.46
1691,702,211.2002167436617,714.46
1692,13001,10732.601659360209,13815.0
1693,6248,6737.876417768467,5728.93
1694,1007,1454.462329150861,1049.93
1695,1878,2560.5517622550883,2142.9025
1696,814,1469.39212628009,831.2
1697,673,1058.5211429876044,696.7
1698,4155,4496.123115032613,4256.37
1699,13229,14614.6979888783,16089.44
1700,641,-264.2165558738634,635.33
1701,8145,8380.581101695156,8558.43
1702,9730,9993.366417665136,9668.44
1703,4805,4684.338723153753,4207.228571428572
1704,2551,2899.4385678745502,2727.46
1705,790,1087.45547399538,834.88
1706,2554,3059.3441079800423,2710.64
1707,5324,5617.807178761064,4860.91
1708,765,266.6224230400376,744.85
1709,2577,3889.782526876215,3124.12
1710,506,-1232.8146865812332,519.96
1711,13609,13968.431442555271,13815.45
1712,7657,6772.235368498911,8426.12
1713,9089,6998.830608566376,8950.5
1714,1056,1903.5016467457958,1032.55
1715,1013,962.1830064301694,923.59
1716,1869,2549.5027934892423,1728.39
1717,2300,1921.6079522518858,2046.14
1718,688,646.0962843740826,731.35
1719,979,1346.5502609276004,816.59
1720,810,955.604128710982,861.97
1721,6726,7823.442900106443,6620.69
1722,5630,6445.836829458655,5179.87
1723,2022,1801.147138112653,2036.29
1724,1605,1801.5561126567072,1559.06
1725,2051,2680.1314641166105,2013.72
1726,631,373.77892240111396,689.44
1727,1116,-207.00307107638946,1286.8
1728,6822,6398.102667669991,6616.86
1729,5013,5122.843807312929,5054.12
1730,720,111.59025832842326,688.29
1731,8782,9767.046830797459,9873.8
1732,1605,2081.4791739773527,1646.0
1733,544,205.1866968660097,601.03
1734,8081,6539.63094724237,7260.3
1735,15231,17278.767823137932,14434.65
1736,3621,4607.116256867786,3532.49
1737,6005,7007.143896411761,6507.01
1738,984,1592.133625169789,979.49
1739,793,1412.9384986805308,760.44
1740,4773,5636.836971117448,4917.11
1741,605,563.264512209782,675.98
1742,11666,10303.774134198658,11464.27
1743,16237,17127.854953401547,15746.67
1744,4399,5691.330230221686,5176.06
1745,855,-240.6670059111857,829.01
1746,698,312.577421312003,683.47
1747,877,1067.5250926780905,1043.57
1748,5539,4552.538349143995,4561.34
1749,450,203.09005940782754,531.68
1750,5897,5550.725569282442,4327.08
1751,7094,9055.019134586144,8277.81
1752,1153,1571.7873696438946,1086.1
1753,6636,7723.811815825329,9534.81
1754,1007,1552.6887300017584,1013.0
1755,3189,2992.8384337396374,2982.26
1756,4337,4183.94958563875,4207.255
1757,4213,4772.901803014981,3510.91
1758,1094,202.08085451087072,1131.84
1759,552,185.3652697078951,580.83
1760,14615,13927.369685329793,14043.31
1761,4955,5557.059325506079,5365.29
1762,4528,4910.945049601609,4449.01
1763,3545,4440.869829646112,3873.75
1764,8954,9667.104414360285,10304.3
1765,872,635.8182978743216,797.46
1766,4423,4881.061605519228,4807.435
1767,3294,4105.163524730344,3565.86
1768,5320,5373.90269935035,4746.36
1769,1437,2138.0919915765307,1470.41
1770,2583,3591.749996390748,2902.13
1771,14540,14005.739274275109,15445.73
1772,589,350.317351591435,647.88
1773,1662,2117.174811320241,1756.72
1774,7651,8871.31578124293,8208.98
1775,6734,6149.120236807796,6634.76
1776,1913,2602.435538866519,2083.98
1777,698,265.2269204764825,692.6933333333333
1778,18559,23223.443405769853,16825.45
1779,554,-857.2717954380723,536.04
1780,18068,16657.62940344349,17409.82
1781,899,1134.2434111755924,917.23
1782,984,1281.408439378452,1007.43
1783,15272,14283.881903382515,16134.22
1784,3014,3724.4973465807793,3091.08
1785,1397,2081.949759613284,1330.4
1786,1327,1851.31125046318,1236.85
1787,1336,1643.7208069647672,1454.58
1788,1950,1081.7076519430657,2629.83
1789,4704,4612.045318037261,4471.89
1790,841,-90.5633586117292,818.18
1791,874,494.8969729986138,818.33
1792,1033,1056.6373403598873,859.15
1793,3539,3473.8096905296443,2918.43
1794,526,-334.97448535052354,529.5
1795,8977,9207.413086903887,8586.78
1796,3878,4453.092001592759,4304.47
1797,5078,5609.368666693272,5006.32
1798,3211,4035.782191291948,2831.1
1799,827,1128.6456897604648,869.62
1800,13956,13509.278859144242,14049.413999999999
1801,9651,12939.781921397256,12637.16
1802,5644,6969.835285485947,5894.42
1803,6324,6579.991280027797,6795.49
1804,2774,1223.5810069532645,4964.51
1805,1079,485.95160122405196,1123.64
1806,7714,8386.854635494565,7011.05
1807,710,724.4969776088074,669.6
1808,810,714.6270746777745,989.64
1809,7077,6532.1132202254175,7390.42
1810,1687,1719.476251265166,1616.27
1811,4514,5245.718338940891,4893.32
1812,3531,3613.429443156607,3662.2
1813,680,469.8081162188482,671.5
1814,3443,3686.4357782033962,3633.83
1815,4963,5255.957586156004,4448.34
1816,2333,2228.571278202022,1726.04
1817,866,1044.8304643415195,921.09
1818,907,749.1330895689839,780.94
1819,12621,11090.261243372901,12862.62
1820,510,-1132.0123959665507,601.88
1821,3913,5601.708300097153,4743.76
1822,4559,5371.79896398325,5070.74
1823,4475,4461.147192408255,4386.046666666666
1824,3309,3887.1031007754773,3121.77
1825,6058,6052.4845630438485,6072.71
1826,537,-504.4205972209311,583.69
1827,6618,6266.5555453419365,6778.27
1828,2085,2643.279012305522,1806.78
1829,852,1187.112402389982,971.22
1830,2835,4113.1088894719005,3451.51
1831,8430,7840.166457578321,9127.88
1832,5530,5648.453004104986,5074.57
1833,4435,5470.666851228507,5222.89
1834,17006,14953.887757557311,17212.21
1835,2782,3784.4133476196257,2624.74
1836,11153,10089.14119846767,10842.11
1837,7222,8075.910112796234,7854.61
1838,2839,3924.284231942852,2840.03
1839,413,-3229.5023683926747,742.11
1840,505,685.2832797787864,498.08
1841,17841,15640.597877818453,16969.79
1842,2457,2528.2763917713305,2482.55
1843,12048,12086.062813610264,12234.72
1844,806,1113.895242853876,873.93
1845,2390,2476.0659021769757,2314.02
1846,945,44.65820700969289,833.1
1847,361,-1427.8304890032232,502.07
1848,1114,1110.6863344321182,978.24
1849,4259,4958.786558149118,4371.46
1850,6320,7086.119583914072,10200.97
1851,9645,9957.377372202369,10564.04
1852,1871,2327.0181209396824,1738.27
1853,815,1088.0710281812208,916.9
1854,5868,6357.6267095397825,5160.84
1855,727,1238.1350270527619,834.11
1856,2190,2196.4390819451355,2462.94
1857,698,-148.6795337883559,627.62
1858,5784,5412.950517174872,5463.76
1859,802,425.930206027605,798.605
1860,2058,1267.7754707655877,2063.49
1861,1337,1162.5577867317252,1346.03
1862,2656,3038.1674223414975,2536.26
1863,12100,14344.392977564492,13732.41
1864,5697,5040.785768933503,4838.57
1865,1935,1492.4682227659064,2111.48
1866,12592,10358.02031326116,10804.15
1867,8022,6830.367340347812,7305.66
1868,1605,1647.6803867112872,1501.196666666667
1869,2767,3165.7575944261016,2607.1933333333327
1870,1605,2092.3054310707857,1646.35
1871,2762,2654.439659160932,2274.05
1872,3795,4547.261881319878,4787.64
1873,7548,6930.427782445966,7249.64
1874,4538,4956.17726539022,4498.71
1875,1754,2506.15236857109,1303.22
1876,11263,10498.683553986408,10892.6
1877,1009,37.238696625716784,1218.81
1878,1744,2393.682479464298,1762.44
1879,1238,513.656675246918,1323.09
1880,7260,6561.547101672102,7234.8
1881,816,949.4447175419509,843.03
1882,6315,6138.267568518369,6305.94
1883,1439,2392.3956254225086,1388.72
1884,7422,6485.287072612092,6555.06
1885,16287,13432.68045955392,15250.213333333335
1886,1736,2474.3475216268153,1593.71
1887,2611,2814.886296222316,3848.51
1888,5367,5639.145126141455,5237.645
1889,15306,7667.833273102271,11914.77
1890,700,-273.5148561412843,735.53
1891,3595,3461.9453062210614,3262.83
1892,552,191.10756825580938,544.56
1893,4853,4847.758404198045,4174.15
1894,2575,2317.8357087783947,2361.54
1895,1656,2000.0984321498763,1637.95
1896,17887,15102.328996654442,17323.525
1897,2342,2813.1051459966247,2556.79
1898,576,-510.23496341252394,536.41
1899,936,1059.4260257803521,857.01
1900,4641,5225.544723639811,4630.22
1901,4672,5289.486246979466,4871.08
1902,605,380.522282118357,634.75
1903,5014,6209.065792937068,5411.76
1904,5997,6671.104288131086,5736.84
1905,803,868.4176553241396,714.82
1906,5975,7305.252388195802,6154.83
1907,577,381.6476379077685,619.56
1908,1114,1122.3661567480585,981.38
1909,4381,4892.814954121492,4480.69
1910,2499,2369.685647233261,2547.81
1911,478,721.8008991319011,528.14
1912,776,415.42098777836327,688.02
1913,6580,7420.027499766296,6807.18
1914,2643,3470.2149504778413,2545.46
1915,714,293.4329920643413,652.03
1916,2168,2143.377558875334,2297.67
1917,668,-153.21857782958796,672.88
1918,4268,5221.691175331487,3973.81
1919,9909,8903.715076012988,9953.74
1920,689,-179.57671844901142,668.16
1921,3247,4104.361769277343,3188.22
1922,2364,3112.7858243382607,2251.02
1923,1821,2368.2326957936507,1792.93
1924,957,1837.5744413191942,1002.79
1925,4140,4497.074121523196,4237.99
1926,3012,3585.3916975826587,3133.93
1927,2970,3528.4414226058225,3787.01
1928,852,1223.5480754291984,892.05
1929,789,1206.7021853382885,839.3
1930,475,-73.56159027309423,539.0
1931,1919,2649.0588815916917,1991.85
1932,1966,2240.758248173429,2116.64
1933,13405,8189.445855918735,10832.576666666666
1934,2679,3473.0711969381755,2647.33
1935,692,1014.6821422702187,757.58
1936,3082,3842.4327579906103,2814.29
1937,2105,2898.127890526089,2097.53
1938,7440,6496.014897400894,6236.65
1939,1656,2190.098763686179,1756.07
1940,15804,12196.25245937822,13576.99
1941,4355,5373.476545380319,5839.37
1942,7934,11306.358266571475,11104.15
1943,3685,3922.394127971392,3599.737333333334
1944,3080,3686.7291582515973,3869.31
1945,768,738.1320329628334,834.59
1946,984,1511.3431056757627,1030.91
1947,1219,1209.5073622808832,1299.97
1948,650,1268.846149453631,603.58
1949,898,85.07323158517647,816.62
1950,673,630.7719928310025,702.98
1951,3275,3028.336139416521,3650.81
1952,419,-25.91323337884296,424.44
1953,8058,9341.744214666582,8501.54
1954,5653,6081.509079592167,5197.86
1955,720,-35.413158655761436,663.7
1956,4209,4665.399268031914,4120.673333333334
1957,3974,4141.646339772562,3330.91
1958,757,614.0978798258138,620.94
1959,4054,4784.078570204358,4343.63
1960,923,1616.9519355831953,1022.9
1961,1243,1973.281067864175,1211.1
1962,13724,10700.221538376754,11514.813333333332
1963,4715,5566.929416352344,4904.82
1964,7094,7686.615479420869,7108.05
1965,6720,7397.209840791165,6439.63
1966,608,313.70908604009446,656.99
1967,2330,2521.50919096981,2401.16
1968,448,-134.90180154983045,476.3
1969,571,256.211089439229,576.45
1970,419,267.59420791213506,418.86
1971,612,302.7313417420328,747.1533333333333
1972,625,412.9052424078777,624.04
1973,896,557.6563026609037,830.26
1974,2202,2305.1214244479934,2080.63
1975,3601,4606.254504041399,3551.06
1976,4234,5534.765986024413,4826.58
1977,5330,5943.092634012149,5424.33
1978,2192,1689.0893217380326,2192.03
1979,507,-125.70546977436152,596.51
1980,1368,655.2560849287793,1195.725
1981,1911,2827.687300921975,2243.57
1982,8192,7897.827280595087,9240.48
1983,8261,8322.784932821869,7726.43
1984,1703,2133.489151062954,1555.74
1985,1050,1534.5689852120868,1020.06
1986,4208,4048.2868343678633,3002.02
1987,1442,2076.30860873531,1657.92
1988,1427,1867.6946561588302,1076.89
1989,969,534.7933296291831,922.72
1990,2978,2610.4092370640747,2726.54
1991,7385,7126.712658689224,7743.07
1992,457,-560.3791849757217,530.52
1993,544,341.0224949002841,598.45
1994,698,-124.66771400446623,676.46
1995,1116,1719.7992303705805,1033.82
1996,516,111.01014115841645,570.245
1997,596,630.2656741865121,683.57
1998,957,874.6369334490591,948.98
1999,6412,6372.387660897867,6468.27
2000,15365,11507.764862105432,14277.42
2001,7267,7148.1022607237755,7515.69
2002,545,-33.99734897434155,574.85
2003,2817,3234.587810121324,3498.09
2004,3095,4110.5009753048835,3111.885
2005,769,1057.4604475560036,678.34
2006,2515,2984.591752447959,2486.88
2007,403,379.7640170797649,448.21
2008,1723,1984.8717034692017,1726.28
2009,1073,1865.3864819641117,1039.8733333333332
2010,683,-411.7549214792807,743.05
2011,6401,8653.048580444058,7680.13
2012,605,519.8163026803977,643.67
2013,764,896.5983321043013,822.22
2014,1662,1947.5835999749652,1694.1
2015,4173,4770.125338018544,4516.405
2016,568,-493.4574854372595,602.64
2017,2889,3359.4691267334047,3027.49
2018,3085,3540.652321521664,2729.55
2019,669,-179.81162219434736,680.93
2020,720,363.3836489870655,676.41
2021,2176,1276.6679599043596,2643.67
2022,1631,2237.27904726835,1728.4
2023,752,1079.0175229669226,837.27
2024,1271,1307.7823212533872,1316.3
2025,2232,1862.1753745466567,2278.42
2026,4926,5278.486116802957,4514.13
2027,708,-1218.6147289502505,799.1
2028,1056,1614.87467009394,1069.97
2029,5624,5847.710800943248,5525.03
2030,1024,1419.561376347432,1004.59
2031,874,1676.6244402094976,964.82
2032,923,329.34293668424107,889.25
2033,4784,5442.316510544901,5049.175
2034,1605,1383.024154499859,1335.725
2035,1088,1816.8101334743592,1104.88
2036,5937,6893.85541215605,6165.56
2037,5939,5923.982606645533,6233.69
2038,4790,5024.292658433268,4315.05
2039,1010,1737.937219536961,1005.12
2040,9727,11498.692331685856,13014.4
2041,16130,9021.94272400132,10893.06
2042,7730,10589.786840466626,8812.9
2043,12576,11065.783341610528,13769.34
2044,1076,1514.761965217384,1055.82
2045,2068,2393.572458971283,1730.52
2046,2874,4109.719585409535,3237.44
2047,3281,3968.3738396025497,2990.52
2048,449,-557.8003604500545,527.54
2049,504,112.76022510925532,506.73
2050,16754,11594.880239022863,15118.0
2051,436,112.24949742046283,470.08
2052,1952,1401.253433191535,1905.94
2053,10138,8810.42288725618,9928.13
2054,505,-205.46750635559147,571.51
2055,1845,2192.664858266432,1737.19
2056,2769,2188.160716128013,2607.47
2057,871,1125.6215037794655,806.335
2058,851,404.7769514729662,768.29
2059,984,1612.9636986328533,961.03
2060,8990,7043.779396413375,9553.05
2061,4742,5091.187091042137,4339.47
2062,5154,4790.12032358603,4552.82
2063,14111,14205.012817120916,14288.86
2064,2918,3762.7039571331998,3496.06
2065,7678,9616.36899792956,9534.67
2066,1656,1570.7922632773707,1563.18
2067,1914,2674.7594453272154,1882.08
2068,2901,3968.962859384442,3221.63
2069,2396,2053.678736817853,2966.49
2070,612,856.4563222632369,661.36
2071,2184,2300.960506229365,2361.76
2072,2833,3466.6080062576493,2969.32
2073,3323,3983.382329907789,3232.66
2074,1607,2268.280238787247,1666.86
2075,12907,13839.284996094013,13526.3
2076,7244,8381.624871707012,7831.45
2077,7573,8281.536736332055,7449.83
2078,1559,2052.2601782593065,1627.34
2079,2596,3265.8243470751177,2472.52
2080,1429,2160.35798357204,1710.93
2081,8258,8870.290589391738,8494.36
2082,3005,3856.176928360538,3362.05
2083,2012,2543.8607589085536,1952.55
2084,7036,7636.139796411695,7136.52
2085,5067,4808.934379574432,4987.55
2086,2431,2753.025551037353,2672.15
2087,348,-2180.714507944318,380.27
2088,5754,6126.88122463334,5982.42
2089,2450,3043.378850669668,3109.62
2090,14294,10824.792787453156,13118.87
2091,949,1736.2199034835457,990.5333333333333
2092,2318,3092.1893635867177,2372.49
2093,4059,4022.4356892616725,3714.24
2094,5824,6033.3261303217605,6090.33
2095,1113,885.0802409576336,1054.28
2096,675,645.3037067024261,722.07
2097,1744,1976.730912181095,1994.29
2098,4974,7211.624750241645,6455.46
2099,693,1124.6564281526362,841.45
2100,1761,2440.7506124546585,1720.77
2101,780,1022.6661033733594,798.86
2102,655,440.91882812993526,668.04
2103,401,-424.1464291462207,525.22
2104,2288,2914.9827150475708,2586.36
2105,1980,2647.4054997831627,1948.42
2106,10346,10554.017890603423,10478.25
2107,765,436.33428624539647,702.66
2108,2721,3268.0147039989224,2788.96
2109,10150,10183.336455317445,10416.13
2110,2684,3179.7307203493133,2640.32
2111,18779,15170.204773474155,16713.7
2112,942,885.8750501828408,874.62
2113,1819,2580.803151400487,1944.64
2114,4303,4987.279525433985,4309.54
2115,16593,14487.196922750196,15825.17
2116,827,981.1520050877125,883.17
2117,1815,2185.7016277778102,1779.0279999999998
2118,7744,6724.923830858269,8065.2288333333345
2119,2733,2112.6429460319614,2508.91
2120,2485,2566.1894722319225,2717.32
2121,1061,952.7069314994305,987.58
2122,463,-626.7069792479797,545.17
2123,3690,3587.644011117423,3693.68
2124,3180,3354.276803309217,3614.1766666666667
2125,505,-189.34425035677123,519.21
2126,1052,1443.162075265307,1023.82
2127,1814,2505.460896734982,2258.58
2128,5581,6657.485535231087,5595.86
2129,718,317.6038813757955,722.51
2130,886,1601.383078527921,875.86
2131,625,579.1247409382308,666.02
2132,4969,6105.72925849668,5908.06
2133,3145,3885.027039299328,2917.02
2134,456,316.79132971541367,493.66
2135,4317,4344.109121624237,4497.32
2136,6659,7614.327804959397,7104.6
2137,600,981.2286352584856,624.97
2138,1689,2325.482587122301,1718.48
2139,1081,1673.7568406696737,1047.18
2140,3455,2610.527186810881,3596.0
2141,756,350.80328418296995,638.02
2142,1701,1659.5901244125462,1605.87
2143,5039,7257.873847438629,6690.28
2144,706,974.8082273209229,843.26
2145,5589,5030.44324339898,4991.9
2146,3898,4574.184484825935,4016.39
2147,15258,14990.495523894633,14850.61
2148,12522,11059.278490928344,12721.82
2149,7495,8593.166738864602,7991.77
2150,1052,1651.0470679034393,950.49
2151,807,971.3749216573369,926.43
2152,3457,3646.0260375481503,3647.83
2153,4683,5018.859286119409,4656.74
2154,767,931.1525142609489,788.72
2155,810,316.1152537191442,718.47
2156,907,994.1471896037224,859.92
2157,900,676.1393050459865,826.47
2158,776,-497.273147583066,656.24
2159,3195,4625.387193748699,3975.07
2160,2558,2999.1529246940054,2933.0
2161,1007,1384.3778052171274,898.8
2162,12617,14129.506774243973,14351.32
2163,662,308.6101502626834,754.23
2164,3209,4048.879245040812,3349.29
2165,698,-1.2030652570647362,755.27
2166,10437,15436.940834129126,13636.05
2167,2553,2969.46090140659,2472.18
2168,12148,10685.938169032253,12360.05
2169,10896,12623.02926520082,14174.36
2170,3774,4413.768885276537,3784.35
2171,552,-64.10127599846874,593.13
2172,1348,1084.3573257868602,1536.47
2173,4849,6669.684114200828,9437.13
2174,6947,7525.627071489425,6870.9
2175,434,-959.0043788551775,549.9
2176,3265,4536.796449126484,3576.19
2177,540,-1220.349391188798,504.69
2178,4797,5447.45674037812,5107.9
2179,2381,2998.7602500462854,2524.63
2180,3745,2669.055122534315,3573.01
2181,5849,7694.137779315059,7132.88
2182,2112,1512.8115336443693,2160.57
2183,7557,8774.566769519912,7627.54
2184,3251,3326.4296240940366,3351.23
2185,7485,7026.663568911489,7223.28
2186,7666,8009.398890809442,8027.93
2187,4314,6035.089060146536,5332.08
2188,6350,7399.55608673057,6615.74
2189,450,-2330.0477290996014,508.29
2190,2074,2776.9580060649387,2448.24
2191,1013,874.7349895309007,947.04
2192,1583,1815.691355419202,1715.08
2193,7017,6558.712620062198,7025.5
2194,14108,16713.502899802486,15939.61
2195,2655,3489.2677080779963,2839.38
2196,4788,4526.870152635484,4551.16
2197,648,-157.90210931806087,611.77
2198,1230,1835.7565449941976,1194.28
2199,1197,1408.6162604776773,903.4
2200,1041,1260.9906742296216,917.12
2201,5544,5658.492319122049,4840.24
2202,620,986.2452183364171,596.08
2203,3896,4379.854411089742,3496.71
2204,616,511.9546871144048,570.54
2205,817,465.6392749632564,890.57
2206,910,1485.909235006854,932.98
2207,4434,4626.781691057982,4486.11
2208,486,623.2039480444678,509.32
2209,8127,8905.652330764242,8834.14
2210,665,1015.3642424806826,697.47
2211,606,94.39777992040308,745.12
2212,4685,5099.074907782359,5005.39
2213,1875,2464.5784495437006,1913.37
2214,2040,2649.555142827432,2191.9733333333334
2215,8040,8233.983152030085,8050.88
2216,2502,3047.658151829006,2475.16
2217,597,924.9903180429728,583.65
2218,828,404.89691729508286,839.08
2219,4927,4547.808757024979,3874.27
2220,4769,5478.377534470585,5368.57
2221,15993,17454.269458956587,15746.75
2222,17685,13046.621183640304,15549.82
2223,4798,6174.921567102918,5245.29
2224,1857,2489.667195544039,1913.98
2225,3816,3534.517086376644,3960.62
2226,801,463.6992930057304,719.02
2227,5217,5605.145620450542,5249.82
2228,658,491.30881670458893,669.79
2229,1981,2696.507426755419,2115.27
2230,675,123.26050413300709,644.26
2231,4692,5239.014136404842,4945.47
2232,625,531.0406759401558,591.75
2233,5055,5011.491952127415,4960.2
2234,16914,15842.725123507409,16585.19
2235,526,-46.34697271507139,572.3333333333334
2236,2238,2886.008397901217,2172.66
2237,17068,15760.67289116156,16716.31
2238,3713,5202.075403938564,4843.58
2239,2122,3147.3481040926217,1969.08
2240,13853,10624.801001544332,11830.0
2241,7453,7972.114730347413,6527.96
2242,4374,5373.511739159615,4904.27
2243,13168,9619.419119372775,11519.47
2244,3082,3492.800217741992,3394.93
2245,2285,2670.483283929774,2279.84
2246,3266,4395.22623840149,3337.64
2247,1084,1531.3270038680248,1075.09
2248,9813,10003.04138519302,10408.41
2249,2363,2422.6335168578066,2605.97
2250,1982,1204.6146703655768,1997.61
2251,1706,2493.716256615661,1993.68
2252,17206,13003.448782245627,15778.45
2253,720,213.32323780121487,683.56
2254,3932,4704.615093516855,4032.185
2255,571,29.638717823836487,620.47
2256,4067,4138.576484695357,3990.96
2257,3611,4188.506916077172,4040.07
2258,1122,1648.179366621216,1024.2
2259,2139,2786.128276113226,1644.5
2260,6630,8118.539768467536,6854.5
2261,14209,17739.61170244372,15737.16
2262,576,-832.2419126824461,584.37
2263,6927,6082.441046273944,6309.24
2264,3471,3932.6148507584257,3201.45
2265,419,590.0416675027136,411.04
2266,974,763.7154848325154,1149.3
2267,1631,1841.19748283209,1605.84
2268,13809,10938.302958080887,13345.983333333332
2269,4375,4479.448570364901,3885.74
2270,2053,1327.8059058916515,1916.12
2271,11399,10003.098400110837,10905.75
2272,812,1286.7082039832426,817.2
2273,12958,10774.004847280172,12558.53
2274,6368,6254.38197809185,6491.77
2275,931,1484.8233058258402,1064.82
2276,2061,2978.003188839415,1883.76
2277,3638,3799.706882526412,3916.87
2278,3633,4670.536791238503,3878.87
2279,886,1554.8403219793126,875.37
2280,13645,11552.876020298623,12017.29
2281,3004,3921.128876096462,3339.68
2282,12944,15672.633353560772,15148.78
2283,5569,5891.426170201957,5210.49
2284,1572,1390.2887778633713,1417.97
2285,792,712.6768825969539,794.85
2286,566,142.47594870656076,654.34
2287,1230,1808.8945306095375,1146.52
2288,1082,1679.9781456160672,1114.72
2289,1200,1751.9893159342491,1249.76
2290,1417,1549.1607441897067,1554.24
2291,2297,2248.3072942227564,1717.42
2292,776,510.33461148430524,695.3
2293,2795,2307.2435209393952,2252.78
2294,1422,2178.6401753296514,1381.01
2295,1807,2401.804020671231,1511.54
2296,725,128.95746982742548,620.72
2297,620,1050.823068234089,709.27
2298,3047,3629.516510899274,3140.3
2299,3945,4072.7844344773957,4240.0
2300,2913,3296.7225366971716,2575.3
2301,1689,2110.4446160714306,1648.35
2302,4068,4622.841803008877,4022.62
2303,666,-156.1277251212714,775.63
2304,2246,1777.005622622467,2122.56
2305,932,866.8907752666169,870.21
2306,1295,904.1206102573324,1324.69
2307,2567,2797.3012347127233,2300.06
2308,4889,4772.671405912218,3989.11
2309,3750,3319.8232749543295,3267.21
2310,4516,4829.903243450515,4494.23
2311,1046,313.25008694164535,1122.5
2312,2591,3446.165049273113,2711.02
2313,5646,5496.634604546632,5093.52
2314,5698,6116.796447744051,5196.03
2315,5599,5772.178748411119,5735.441999999999
2316,803,1480.9923022418088,878.78
2317,710,803.2929414026885,700.46
2318,5832,5793.339706016417,5204.13
2319,4057,4743.456334675799,4288.31
2320,849,667.180048905082,883.65
2321,1819,2551.980774021318,1892.08
2322,1892,2588.147584051497,1787.22
2323,605,459.93364558073426,600.39
2324,1168,1640.6688589239825,1026.39
2325,16256,8920.596677509287,12320.275
2326,1303,1747.2920388168027,1515.38
2327,612,-702.3959604900192,541.0
2328,972,731.0757764944856,839.19
2329,1433,2350.933129501592,1341.11
2330,4168,6586.34735634191,4876.79
2331,8072,7779.087861316848,7906.17
2332,10786,8141.896873163027,9750.15
2333,4782,5477.2350212043,5422.05
2334,6814,7996.340712287233,7897.5
2335,880,584.7590204557573,793.64
2336,3439,2043.8530696438108,4666.06
2337,1040,898.7139815344199,926.3
2338,4368,6619.808132760551,5707.7
2339,8662,6806.437623204894,8594.125
2340,2262,1835.1650451003184,2276.47
2341,466,382.5237284114287,542.89
2342,2406,3172.333812620676,2315.82
2343,4524,4304.798276808528,4572.38
2344,880,636.8524432467611,822.18
2345,3862,5808.9122748968,5180.87
2346,6887,7373.753571409691,6504.98
2347,5521,5716.444397677382,4805.268333333333
2348,792,773.9832315436429,874.35
2349,1018,1876.8648175328544,1056.86
2350,511,-522.0004625388474,555.98
2351,1935,2503.5933296218523,1865.19
2352,558,-1101.3705765132636,547.5
2353,1243,1998.2603124641296,1222.28
2354,1187,2058.1177245869358,1264.04
2355,521,-136.85532499386682,623.66
2356,4559,4944.79021564825,4597.63
2357,707,1035.3697895228502,750.9
2358,1367,1926.0732983894372,1358.75
2359,658,521.053639548546,678.13
2360,3853,4593.6619761994825,4343.54
2361,3892,3862.535879412967,4076.95
2362,500,-1740.4199240999978,662.65
2363,554,854.7832712136624,589.97
2364,4478,5255.24505059042,4394.38
2365,8452,8153.380142120371,8845.32
2366,11774,9893.690694776225,11560.27
2367,1768,2325.1834710891876,1868.6
2368,3920,3543.9902050632386,3646.4
2369,2789,2811.0034129656424,2833.62
2370,811,1098.956650908859,855.03
2371,853,1157.1146726946272,883.97
2372,4205,5079.682350885629,4323.105
2373,675,-119.02433141070105,639.53
2374,956,1246.1509481240396,928.56
2375,6566,8090.811300334729,7385.35
2376,709,29.096244356261195,668.67
2377,7607,6182.179275716629,6641.06
2378,781,1561.0817298455495,934.18
2379,4425,4708.803717939477,4480.36
2380,449,-530.2209862936343,506.75
2381,666,65.92308403103561,678.57
2382,985,1256.955436363799,938.17
2383,1363,1190.665508336545,1343.4808333333335
2384,683,-323.520509537022,702.45
2385,1207,1919.133254253633,1250.9
2386,5778,6631.618708322571,6248.69
2387,3965,3494.6899666505115,5837.82
2388,13720,10960.624892032629,12647.77
2389,4081,3752.704434964618,4133.52
2390,1107,1619.5083584563858,836.95
2391,3347,4197.001829827897,3080.93
2392,7151,7071.332325050387,6492.05
2393,11180,11587.365669873045,13395.3
2394,523,-1206.4181749627041,502.87
2395,970,870.403950470808,914.3
2396,823,922.8969926615141,1035.62
2397,854,493.0089272886994,769.96
2398,3599,2095.9741824901303,4829.96
2399,1035,961.8932304612445,944.1
2400,3062,3433.2457672172786,3006.56
2401,501,-36.31516362957427,592.08
2402,2659,3017.2015548489494,2828.02
2403,7429,8647.00109211831,8377.64
2404,2173,3052.677397559928,2206.92
2405,2005,2604.694345936031,1975.93
2406,2321,3230.557725590437,2496.61
2407,8666,9582.159165116736,8001.05
2408,5807,6440.64741646669,5927.71
2409,2875,2892.1253843258587,2988.82
2410,7284,9426.441470949045,8591.95
2411,826,1519.5247738792646,875.0
2412,4381,5468.956590567865,4710.21
2413,624,561.3524522806365,620.195
2414,1026,932.9196420071057,918.59
2415,598,866.5087655681104,686.75
2416,2686,3506.0113262266286,2712.47
2417,3816,4416.048897599851,3710.97
2418,642,742.2813155401091,634.32
2419,2596,3010.4858701950943,2455.99
2420,12349,13094.052218776307,13065.85
2421,1627,2480.654388206516,1853.13
2422,9302,9396.252725017823,9120.38
2423,3566,4357.887128566366,3574.1
2424,2018,2789.380908742876,1999.06
2425,1846,2206.4443985615835,1919.7
2426,561,285.3314055520814,586.14
2427,868,1195.5223469519597,960.49
2428,7062,8557.800459560745,7284.6
2429,2016,2553.0605289090986,2038.77
2430,2404,2953.7560773537266,2481.83
2431,783,151.3501672729035,870.41
2432,3455,1989.8103028984901,4519.98
2433,4664,5589.02830134124,4592.63
2434,7539,6690.993847757995,7245.04
2435,9641,8416.122945119596,9529.59
2436,1007,1600.7293820210125,992.78
2437,828,536.8354715632686,751.05
2438,3287,3629.4809184391343,3730.57
2439,844,499.88870397758456,839.5
2440,12716,12430.975662571453,12761.573333333336
2441,2549,3143.6182805479566,2839.92
2442,1091,1207.760450930692,914.79
2443,853,1367.1444870405949,961.62
2444,6659,6557.899918248727,7146.84
2445,2745,3951.9188437609328,3729.81
2446,7912,8272.161511541908,8239.61
2447,2141,2860.2537990353376,2064.44
2448,2757,2615.8779622545603,2832.7
2449,737,506.4181616361343,724.95
2450,2313,2878.3175289720766,2375.57
2451,675,90.80802863124609,659.24
2452,789,1020.6380563875946,816.06
2453,552,-30.757985895339516,688.71
2454,3170,3565.3392496961847,2994.6
2455,7585,10076.231442641663,10255.24
2456,3338,3545.344131347578,3711.24
2457,4484,4386.077639107109,4117.05
2458,10577,7021.88271784881,8783.6
2459,1814,2315.8843620117414,1932.4
2460,1330,1888.0640154341827,1085.0
2461,4876,4979.137997601398,4901.57
2462,5044,6243.142588194924,5047.66
2463,6418,6219.348536813333,6479.54
2464,1922,2332.7538951354763,1682.91
2465,1715,1604.0361499054457,1988.07
2466,2469,3195.1309450676986,2382.48
2467,4338,6170.203487650526,5162.51
2468,6469,7447.612482105149,6553.19
2469,5935,6545.861645335261,6273.265
2470,7823,8609.462241492927,8077.81
2471,13453,14325.78969786265,13879.97
2472,2970,4201.030610638885,3396.37
2473,2863,3944.3010524793517,3252.06
2474,5331,5732.751992504199,5338.32
2475,2562,3112.5181491462254,2611.57
2476,720,261.119600563532,677.95
2477,1100,1798.3970326516542,1120.99
2478,2510,3148.502052449998,2680.71
2479,2734,3060.4604964026566,2482.01
2480,7142,7337.491559981188,6517.9
2481,4997,5358.356788345614,4901.13
2482,3991,3884.1761854848796,3953.25
2483,818,1062.8761024970927,767.38
2484,7157,8029.393576182298,6522.27
2485,499,-68.71049370164747,495.82
2486,3354,4170.136084142523,3395.32
2487,419,592.8725295290496,422.41
2488,586,104.07709321486982,614.82
2489,2874,3873.8923272731827,2749.36
2490,2196,2883.7580392299787,2375.85
2491,1773,2869.495722878426,2045.07
2492,1355,1376.3277830516254,1352.07
2493,2501,2761.5201273819266,2321.06
2494,504,705.0526582099865,529.44
2495,10817,10373.4503179009,10497.08
2496,6846,6364.803834874601,6439.03
2497,766,1530.2910588499549,780.16
2498,645,655.1568830103952,672.12
2499,490,-486.2880452179379,548.08
2500,3945,2760.8265141636825,5284.68
2501,405,-1450.7051813584249,431.73
2502,1746,1909.978655595769,1709.93
2503,3548,3173.7199647832676,3623.9325
2504,1773,-348.1507279184998,2727.43
2505,945,934.9365997877376,921.43
2506,2829,4055.3682203488374,3173.54
2507,5500,5689.6180552259575,5733.97
2508,622,1203.9130252232967,721.01
2509,1867,2235.049982958297,2133.57
2510,698,-80.88959842585291,660.68
2511,2473,3574.556513404213,2654.29
2512,3951,4971.568291622084,4620.33
2513,2052,1635.0540734455162,2110.82
2514,15143,13803.03774908044,15142.876666666665
2515,1262,575.6261306162933,1389.56
2516,3099,2498.414419133863,3275.78
2517,5559,5474.924556474965,5140.74
2518,458,467.36333130168987,466.9
2519,1340,1539.9585635671574,1436.37
2520,999,1237.9227946107321,993.36
2521,450,-633.6270533090446,603.29
2522,739,795.2945954274328,800.47
2523,600,217.6646044692343,528.84
2524,710,805.6464772888448,714.6
2525,473,-664.7555381743978,514.91
2526,17143,11134.574373091436,15307.86
2527,6194,9316.998205542248,8204.96
2528,7697,6718.695283694198,6750.02
2529,4836,5835.918383727365,5027.97
2530,7283,7808.190207179681,7003.69
2531,894,710.05856700409,934.56
2532,2079,2753.0156668223676,2015.27
2533,3278,4174.0466765858055,3374.22
2534,1206,838.8388787649551,1292.75
2535,10951,10097.036607786027,10550.02
2536,3615,4940.353699309719,4656.96
2537,2662,2857.8837614400372,2384.71
2538,6053,7170.457962168471,6296.89
2539,961,1378.860304859636,958.78
2540,734,977.9661525095707,775.75
2541,8486,8056.170796664856,7714.4
2542,900,730.7900262034736,795.36
2543,8279,6583.989583264611,6732.16
2544,978,-26.449862388101792,1083.22
2545,734,875.7802741295791,758.26
2546,1250,1170.3858503854722,1248.03
2547,1781,1928.6202175827775,1706.25
2548,1017,1216.0102003434213,961.79
2549,9901,8581.494458899779,10165.05
2550,2290,3006.362373623619,2260.65
2551,3024,3622.545267306102,2656.16
2552,2437,3497.989382721489,2589.63
2553,5364,5681.894860347413,5323.41
2554,3676,4416.466929395061,4395.701666666666
2555,1422,1905.3582738283612,1675.05
2556,2546,2794.3292037285405,1968.8
2557,3612,4784.084931270825,4230.475
2558,1949,1937.4594299483442,2252.65
2559,3247,4145.969235788658,3067.52
2560,789,1111.9111741970219,805.23
2561,561,105.63562229993795,607.6
2562,4827,5769.466870016249,5383.86
2563,612,-335.0054527604434,606.68
2564,1400,1390.851682226269,1343.4025
2565,3387,4669.490454466504,3893.53
2566,658,557.8569091197305,709.82
2567,3972,4543.965051383117,3673.27
2568,447,-1079.8383080491494,517.8
2569,977,2087.313680730847,1024.74
2570,6630,6787.785337452481,6615.93
2571,14581,13752.494398302422,14553.56
2572,1174,1553.6437635604752,1020.12
2573,2218,2472.8490288866415,2122.56
2574,2801,1969.0295244668587,4198.92
2575,470,587.9896333608567,491.0
2576,507,-210.931189576796,532.33
2577,1368,1385.7267909551797,1468.13
2578,676,995.7781085274364,766.62
2579,1802,2523.362800078875,1936.96
2580,575,913.1786312445629,566.06
2581,6999,6229.557884821941,6400.19
2582,1343,1530.4041645661118,1442.47
2583,6887,8078.158188494514,6851.61
2584,4538,3980.897281599629,5077.18
2585,811,954.1523193234925,783.25
2586,4162,3746.250983247022,4302.9
2587,6990,9945.645449632248,8626.21
2588,5632,6416.9000854453225,6367.22
2589,4345,6384.931443047441,10168.31
2590,540,-1012.5003717761992,564.57
2591,3115,3520.34044372265,3284.37
2592,2658,3717.313132424343,2592.8433333333332
2593,3220,4227.077990393585,3377.6
2594,13622,11451.440573318469,11584.11
2595,575,851.0202533440265,555.54
2596,4181,4380.9130505097655,3792.57
2597,4029,3971.3832080820775,3108.07
2598,3674,4850.232727316865,4325.56
2599,593,-775.9935047626668,525.65
2600,2918,3597.301706112303,2865.34
2601,3160,2905.6124792965425,3319.17
2602,1246,1492.817454800213,1421.71
2603,1001,-2007.6861491624977,1445.65
2604,3546,4121.324766134141,3973.4
2605,2583,3081.4461549366906,2578.61
2606,6455,7850.874516994506,7014.07
2607,1169,1492.490053018665,1093.4
2608,1233,2125.3723373403564,1329.17
2609,576,-27.381354061229104,687.4
2610,949,1124.362761732542,1041.47
2611,794,603.8151938349802,756.36
2612,4273,5491.92339988761,5092.79
2613,716,142.38886666188728,920.18
2614,4112,4270.945821063977,4197.8
2615,844,674.3047439277102,739.915
2616,1003,1518.4805298956012,783.13
2617,7665,6575.26545150054,7501.52
2618,6300,6709.875615050764,6333.74
2619,3241,3790.907792152418,3077.91
2620,3844,4264.023468178562,4529.91
2621,6194,6815.177149711958,6028.69
2622,3998,5541.871675164325,4946.29
2623,7840,11690.737158464442,11091.38
2624,1081,186.70532321152587,886.54
2625,2646,3154.277015327077,2615.03
2626,1930,1533.69996964246,1958.8
2627,675,-441.9928823256523,614.89
2628,2067,3132.125497828439,2109.69
2629,1963,2739.495773591594,1941.39
2630,1272,1103.7467908558901,1234.38
2631,3246,3934.0972334112685,3926.14
2632,571,18.884757694228938,596.74
2633,982,1408.3612905239802,1023.89
2634,13234,10812.361740152715,13259.46
2635,7255,7593.600420857086,7786.69
2636,11526,13787.64446733648,13211.2
2637,15249,13910.968148879621,16043.37
2638,8619,7463.698375353495,9501.05
2639,6321,7542.919875600528,7476.41
2640,4404,4776.293793154281,4362.22
2641,3998,3529.3331025536036,4043.41
2642,4260,5472.778256319247,4695.5
2643,1323,1961.2014804488026,1660.69
2644,4284,5287.657339938687,4506.82
2645,8681,9600.5203584577,8457.96
2646,716,13.822926241485675,868.47
2647,4839,5870.663330992301,5025.97
2648,10497,10791.96740631128,10265.64
2649,9548,7790.941175781751,9629.7
2650,380,-1645.2208905726993,449.22
2651,2030,3011.0392288426915,2469.49
2652,2239,2918.0769520667004,2553.91
2653,13908,14512.731599619821,15552.88
2654,3105,4291.744399816513,3107.916666666667
2655,6130,6461.226649761985,5797.23
2656,9331,8524.157565709693,7908.12
2657,4624,4439.058769208656,4358.57
2658,4586,4866.997823593135,4365.85
2659,3773,4757.289037668333,4013.61
2660,2008,1709.7837910083526,2159.5
2661,7283,7776.0682928609185,7097.7
2662,729,8.091695261960922,669.78
2663,477,-996.0332046845942,555.44
2664,627,1200.2004223221084,683.87
2665,5806,5903.089151615352,5687.81
2666,13654,15907.922299846412,14654.13
2667,1563,1644.3613395222783,1606.7
2668,2840,3478.02532873606,2838.8
2669,3116,3520.3240286521236,3357.06
2670,4580,5256.20089606688,4826.21
2671,3495,4361.193001012931,3493.86
2672,5028,5610.572446975121,5498.8
2673,675,92.99837969899909,649.34
2674,1705,1930.9338285299,1579.38
2675,899,1364.9262276243762,933.88
2676,3679,3850.667738264183,3441.19
2677,1819,2547.507081428646,1960.48
2678,695,931.6208508731597,703.43
2679,4579,4851.1368836367365,4208.6
2680,1026,1045.4256517970007,917.08
2681,1176,803.4804341703266,1466.94
2682,8014,8311.922202153251,9587.14
2683,884,931.7711634382276,972.0
2684,745,801.7752676124119,787.95
2685,906,1541.8169810020845,1005.22
2686,6734,6110.375490683792,6408.585357142857
2687,7500,6527.58882118922,5998.13
2688,18304,16452.02346974591,15755.02
2689,754,530.6957789318385,787.03
2690,3520,3837.99809711712,3576.95
2691,1227,574.4148856302536,1188.49
2692,5292,5436.962846617875,5152.52
2693,4201,4990.543074763542,4329.28
2694,3535,4348.353486309801,3564.85
2695,979,1681.7534206453292,961.38
2696,5291,5572.4531091150675,5047.26
2697,4969,5904.801262523316,5054.1
2698,8828,10252.358276304712,11551.01
2699,2381,2999.8922988762693,2428.54
2700,7695,9652.162984510676,9928.51
2701,2564,2894.543228287651,2893.26
2702,5183,6926.747490289174,6318.0
2703,4252,5266.160847387037,4422.31
2704,13079,11495.675760419039,13880.81
2705,15917,13407.094556286154,14239.327999999998
2706,3812,4057.548508506919,4207.0
2707,4579,5756.051241817045,5278.4
2708,1991,2116.710067901166,1724.77
2709,678,991.2496967081224,855.57
2710,13474,8908.794996196833,11965.11
2711,3780,3375.721845799025,3681.66
2712,15354,23262.667922808512,15956.95
2713,760,1062.7523280878308,668.22
2714,5445,5717.950332223085,5227.29
2715,1187,2015.4499313124456,1163.97
2716,15760,15437.210781845368,15703.86
2717,5322,7082.323983256975,5504.13
2718,1293,1330.407854694242,1356.12
2719,863,1308.0754702132135,857.67
2720,645,516.6603232558446,643.1
2721,4595,4840.355798327557,4324.63
2722,9510,10912.917343303943,10167.14
2723,2551,3325.1147390952083,2540.17
2724,5490,5255.476361191744,4627.07
2725,2319,3470.0325374283148,2585.4
2726,2732,3238.0909122755425,2620.48
2727,1622,2436.8647143945127,1764.95
2728,7422,6973.5740070757865,6961.42
2729,1817,2565.93165382641,1823.59
2730,7636,9434.30476610575,9770.96
2731,545,-384.45495586381185,652.98
2732,1580,2267.549252850702,1649.26
2733,681,991.0218333413768,664.12
2734,574,-950.6042614124863,530.05
2735,18678,14334.714673310767,15017.83
2736,2817,2732.4108332378064,2389.22
2737,906,924.6243267907794,893.97
2738,898,-80.97313828552615,901.39
2739,4353,4118.7595592863245,4415.86
2740,526,186.80124722440905,593.15
2741,1046,1113.164547155815,965.91
2742,5535,5662.059004162371,4852.3
2743,5210,5829.859193504638,5373.9
2744,2076,2255.246150237907,2343.42
2745,684,1022.9124768856573,774.46
2746,14192,12307.755338038749,13661.56
2747,1124,1578.9992328699273,1234.53
2748,1592,2105.8045882546994,1578.47
2749,4229,3616.167266314604,7025.6
2750,6887,7403.909048027879,6651.13
2751,5548,5449.437265439793,4548.28
2752,5456,5692.62899478006,5427.06
2753,7018,6558.4231832789765,5833.05
2754,6841,6093.258867724111,6652.41
2755,2072,2731.4732429468813,2311.55
2756,7655,6670.3981896000105,7389.0
2757,410,-1943.8961450726683,490.83
2758,1868,2226.2460298894466,1732.45
2759,833,790.8345677212669,1019.67
2760,3852,4492.6868920337065,4159.67
2761,4260,4543.003759304482,4429.37
2762,1305,1373.8239876557022,1369.47
2763,7418,8790.243570746417,7532.69
2764,903,1349.4689809559086,892.28
2765,2737,3177.1998187026134,2707.27
2766,1607,2181.566976900567,1692.48
2767,7928,8038.4532886247125,7570.58
2768,536,619.5802104828999,546.56
2769,1020,1516.8151971616476,943.9245714285715
2770,589,330.37393704334954,645.15
2771,726,904.9928550442005,835.23
2772,16215,12177.360507566716,15116.56
2773,3773,3818.248020071591,3073.53
2774,1847,2466.7993259177433,1756.66
2775,2239,2188.203649034895,2175.01
2776,1240,1829.3463563368105,1038.53
2777,3442,4402.657959880851,3470.3
2778,7722,9270.615459817582,8276.86
2779,984,1481.0888400496815,976.05
2780,703,266.37551000570147,721.12
2781,605,578.395574426786,705.45
2782,862,1277.9271874341657,858.77
2783,3468,3386.512905895176,3304.17
2784,1591,2192.1321888114,1852.48
2785,14502,14251.504801805722,14363.9
2786,1591,2134.036169511918,1667.78
2787,2569,2856.868091933297,2453.68
2788,15092,14338.903233066083,15675.58
2789,548,403.28589731015927,659.695
2790,11115,8181.380878529892,10780.03
2791,5294,5015.434214091983,4967.95
2792,1883,2737.6847787254924,1964.33
2793,16626,14533.789960236509,16922.43
2794,5249,5961.398650436309,5372.81
2795,745,854.6021288890042,790.12
2796,18575,15374.942229319471,15290.204642857143
2797,1338,1057.0655316931984,1312.62
2798,1258,915.9112576950802,1279.2
2799,10302,10275.058776919333,11871.98
2800,723,849.9525992822,742.63
2801,2362,2120.101705017955,2344.94
2802,6532,6856.356767032299,6919.45
2803,7181,7543.551535171331,7188.03
2804,713,1174.8885175508854,812.16
2805,13811,11019.961146397272,13605.59
2806,3071,3751.073843163588,3253.96
2807,3881,4538.196007554805,3958.74
2808,2788,3687.6122317485306,2703.66
2809,781,955.8036492211868,768.75
2810,921,1887.101362809528,1070.94
2811,1094,329.2603246542935,1144.4
2812,2761,3451.4054674838735,2534.87
2813,5769,6355.138396742572,5339.61
2814,1786,2081.6465219912902,1738.85
2815,3270,4210.922234782011,3326.78
2816,17168,17730.42603438127,17956.55
2817,449,-662.6755089142962,545.68
2818,15852,15409.93733468525,15900.76
2819,1822,2419.4779812266424,1718.89
2820,2975,3780.588034978376,2896.65
2821,5224,5720.012424732497,5551.51
2822,2165,2925.6279855039256,2905.68
2823,6184,7375.3444508115335,6658.98
2824,10833,13838.420528412245,12094.16
2825,1577,1799.7758817945132,1559.44
2826,4791,5217.1460374629505,4938.28
2827,3609,2452.617411255266,5620.91
2828,2827,4148.986583309597,3298.83
2829,1207,1754.2066630029494,1024.21
2830,1584,1712.6866769418784,1857.3
2831,9540,11988.897187022558,12189.99
2832,1443,1452.6841771814015,1439.49
2833,749,394.90665173276375,786.34
2834,4582,4794.680193628645,4531.27
2835,1624,2034.20267977919,1649.15
2836,776,1382.8975169588216,942.77
2837,10832,10408.275158634278,11481.17
2838,1286,2131.486499483075,1222.9
2839,1601,1921.2329746769074,1538.03
2840,15654,15916.799346778766,13542.83
2841,8499,8716.165724486142,8270.306666666667
2842,1993,2197.177481272104,1827.5
2843,2705,3243.2943157164555,2325.34
2844,599,-885.5344613365278,708.76
2845,579,348.1370408250641,706.42
2846,504,701.331366372086,523.81
2847,3437,4182.044659591085,3735.62
2848,2203,490.02634297035274,1882.99
2849,6612,6454.6464645607975,6519.61
2850,4540,4624.807045317766,4431.58
2851,4323,4173.680185398948,3361.4666666666667
2852,4418,5242.932860864652,4856.31
2853,6088,6076.082175242385,4880.08
2854,972,914.5792097103622,849.87
2855,691,40.64265367241751,751.09
2856,1004,1564.4190354587963,999.3
2857,2812,3540.603823542227,2491.92
2858,544,1008.0214768656529,633.9
2859,3521,3549.6123137300083,4104.07
2860,894,870.2250741865055,907.38
2861,1235,-1219.9685485243945,1202.19
2862,10609,9919.452307435164,10728.3
2863,16287,14420.97320761658,15987.38
2864,574,-861.1815307487541,543.99
2865,9207,10215.375674521332,9179.18
2866,4704,4365.125162107865,5312.86
2867,1687,2043.4169186881136,1623.81
2868,1551,1642.4773857207806,1542.49
2869,741,249.42461309442388,808.4
2870,1781,2111.2703147965176,1681.77
2871,1238,1919.7999487194525,1146.29
2872,899,1287.492421637311,893.81
2873,3160,2978.3624590521536,3358.37
2874,1778,2402.226665627035,1700.48
2875,4172,5463.5538580705825,5236.53
2876,1300,1895.5653641449562,1252.86
2877,3473,3875.713219676186,3512.88
2878,2157,2959.426522177194,2049.73
2879,14292,12239.58576803238,12614.82
2880,645,714.7237910112708,654.14
2881,802,494.06322165745314,716.18
2882,789,943.8052061266644,859.72
2883,645,769.3573473015977,686.46
2884,13102,12285.741107404885,13002.06
2885,6221,6143.837238487182,6419.64
2886,462,-812.9006707169628,513.22
2887,750,936.4715299382337,849.88
2888,1141,-510.9101584257023,1025.65
2889,518,682.1267104869521,501.89
2890,773,490.9809428333533,773.54
2891,7501,8351.845913938054,6708.6
2892,6755,7925.795395843168,7118.676666666666
2893,8476,9164.487487134713,8650.62
2894,492,1109.9580268886866,522.86
2895,5174,5424.013499558438,4762.77
2896,16370,11313.712680455068,15677.31
2897,1415,1205.4200465503418,1294.7533333333333
2898,924,1407.1899660105883,895.47
2899,7938,7716.610363561618,7738.14
2900,11988,13418.769738246434,14334.315
2901,1300,1957.6998439313606,1235.03
2902,12927,12866.416813968854,14101.86
2903,1030,1618.5165522740235,1043.83
2904,13945,10823.704754700599,11977.18
2905,14543,18284.00038146424,15887.39
2906,911,664.2734852471485,795.15
2907,7812,6704.34899306998,5760.35
2908,768,538.965580478206,862.68
2909,4188,4657.716892022079,3943.35
2910,7357,8007.629008231633,6950.58
2911,1764,2180.3840612217646,1847.81
2912,3274,3423.9596058107145,3190.62
2913,2368,2060.919477712746,2249.07
2914,1419,2484.7297472526525,1242.17
2915,4735,5307.125701540311,4829.34
2916,3932,4965.719779227107,4017.57
2917,3267,3489.1790012029364,3653.7
2918,622,566.9166916523054,665.1
2919,1262,1565.4758303117897,1219.62
2920,15324,19477.399888903186,17109.62
2921,3915,4215.1304763168955,3013.61
2922,1911,2746.3240132977585,1919.93
2923,421,-919.670706318364,456.87
2924,18067,15934.147733271055,16127.5
2925,7969,6830.265062838868,7829.11
2926,723,815.2664854108316,756.68
2927,731,398.9657732050773,793.12
2928,2273,1957.855645975156,2239.54
2929,2093,950.0836230372697,2048.8
2930,7120,5712.82524084806,5197.82
2931,3640,4657.866076315095,3483.18
2932,3534,4416.145857548528,3207.66
2933,9729,9544.354045850301,10152.37
2934,2184,2708.543907320128,2318.84
2935,8629,6720.817006663842,7518.72
2936,605,427.93050484391006,634.56
2937,4466,4820.036719127202,4316.85
2938,7003,7547.334735594184,7364.44
2939,9282,8961.464306953105,8513.4
2940,3577,4501.6792064034835,3439.23
2941,4334,3784.0360912341766,3563.88
2942,1410,1473.276029211097,1465.07
2943,1031,1836.3667336292497,1045.81
2944,1865,1338.5699253747557,2044.9
2945,7796,7099.379153879116,8488.69
2946,8185,7930.454873285819,7924.27
2947,8228,8795.241139861137,7785.31
2948,759,1029.3136300561464,807.95
2949,732,104.02596691607869,677.14
2950,16778,14559.290631283448,15771.3
2951,677,-328.3855060371716,632.05
2952,7803,7472.738159032959,6771.61
2953,478,687.3634417542403,535.58
2954,921,1726.9280050012744,977.79
2955,15047,15075.252659224423,15152.91
2956,963,1087.3414096014994,925.82
2957,687,336.5897946306759,739.62
2958,2207,3280.03410734706,2130.27
2959,13513,11154.88190058159,16031.67
2960,6787,6133.912276957386,6344.57
2961,4712,6202.429259263445,5140.3
2962,4695,5101.041357942907,4746.75
2963,961,1216.3242939378142,1032.55
2964,7666,7785.347117658772,7065.19
2965,5061,5393.659969310415,4703.43
2966,2094,2773.5780471990042,2025.22
2967,5599,5715.999371611832,5524.46
2968,7744,6480.833350561687,7706.14
2969,4401,4863.1606824834835,4475.81
2970,687,536.1722938719922,760.68
2971,3360,1184.8221029410297,1307.69
2972,984,828.1850397560684,898.34
2973,904,428.526557176041,851.41
2974,673,1014.3320799527473,812.16
2975,3006,3852.941025575911,2887.31
2976,2561,3357.730464682267,2904.38
2977,3653,3780.2121702081677,3651.15
2978,825,751.5713087289168,1080.12
2979,1274,1321.6155462799702,1427.04
2980,776,467.59858357971143,734.91
2981,2652,3459.1760186992583,2502.76
2982,13542,13340.41644293516,13213.8
2983,10907,10712.536768915008,11302.03
2984,2905,3372.8446150930577,2606.1
2985,7587,6578.11904236787,7286.22
2986,9837,9016.410027463593,9533.23
2987,2317,2934.141891695751,2471.44
2988,1369,1802.8968894990403,1470.7
2989,13026,12171.646063034137,10657.36
2990,14341,12028.25366869431,15704.27
2991,8430,7438.368023942432,8687.91
2992,3527,3155.5478472033883,2835.31
2993,5690,6194.819883331066,5424.93
2994,2434,2363.5612333035706,2542.93
2995,10761,19984.400819772934,14769.02
2996,1378,1222.1477097168904,1458.79
2997,4200,3877.7796387146645,4010.67
2998,14031,11375.968960003294,12948.84
2999,3644,4699.495446617306,3179.46
3000,10321,9111.422705466539,10155.35
3001,3453,4223.7128653440195,3676.79
3002,7192,6419.5451007180545,6673.21
3003,15928,7233.539048521914,12342.58
3004,1740,2521.0365548430195,1849.09
3005,1746,1935.2465714683349,1628.05
3006,7270,6873.470103895505,7403.25
3007,2683,3653.8883656387643,2699.18
3008,3989,3972.8607118198524,3637.69
3009,5301,5731.57492684189,5564.31
3010,5047,5232.503908966221,5015.52
3011,11859,11135.346075893482,11713.14
3012,1140,1642.3357668271137,1084.23
3013,899,1326.0198867959762,945.13
3014,599,-184.36686840794027,646.16
3015,1716,2156.2782940728484,1607.89
3016,756,1231.0795402687854,768.19
3017,923,317.2988488389833,907.58
3018,2717,1539.6050759774398,3003.28
3019,1629,2119.737027702062,1665.71
3020,706,885.3276032096164,766.64
3021,2930,3963.852998942462,2985.85
3022,5179,5005.646340489515,4901.36
3023,770,292.04783703450084,709.09
3024,3382,3044.356826288055,3434.6
3025,461,-766.6034917422267,503.63
3026,803,-474.5751845335599,882.42
3027,1706,1833.3477859564555,1642.02
3028,544,-17.64050877417958,647.41
3029,16657,16084.082465104051,14819.39
3030,4318,4786.220805046058,4281.6
3031,2550,3447.433070935217,2647.73
3032,817,1451.4386353775417,979.8
3033,8264,10747.777130439692,9663.24
3034,2804,2894.5830288473126,2882.32
3035,5665,7031.007911003976,6085.02
3036,7740,6616.786955420221,7230.66
3037,8767,8387.302108691249,7513.05
3038,7695,8995.07689173739,7955.71
3039,507,-609.5929775111517,559.67
3040,487,-279.900840373989,501.87
3041,6825,6520.25452592392,7000.65
3042,4740,6446.4789948992875,5789.54
3043,2698,3310.802805889027,2721.44
3044,3223,3837.0176454694088,3232.69
3045,6132,8053.694374404291,7491.11
3046,8077,6715.759072104314,6801.5041666666675
3047,702,748.8879424187162,707.49
3048,3746,3874.211595010413,4136.92
3049,1125,1244.5726800703287,1001.94
3050,924,509.1018745476945,839.72
3051,12078,12165.829149656509,12090.81
3052,1051,-632.313460100575,1070.93
3053,10013,9902.8684804119,9314.33
3054,972,891.833603480015,867.14
3055,2142,2059.497952243389,2291.31
3056,4626,4820.866468457046,3877.44
3057,9139,6792.723173095249,8645.63
3058,7438,8257.961932231145,7898.68
3059,2440,3193.1356084802624,2462.11
3060,9483,10195.761071085431,10325.08
3061,1017,1787.9217217235132,1069.35
3062,489,-469.75624221723865,540.0
3063,526,-81.12821963933538,531.17
3064,696,627.545463276746,808.22
3065,1919,2316.5088468545864,1779.84
3066,730,1164.128163664754,762.77
3067,690,-401.7758271440962,804.2
3068,12912,8828.010923080767,11058.73
3069,605,359.27374383768347,607.43
3070,840,1363.6146794794186,843.94
3071,9027,9438.563877702789,8614.05
3072,896,1574.9533483392556,910.63
3073,10542,10266.72549881853,10144.44
3074,2657,3257.8135285818626,2460.24
3075,619,867.0947609732902,683.44
3076,5114,6595.534241343658,5410.1
3077,4297,4169.456322576881,4295.3
3078,780,1357.9688757940048,812.16
3079,11400,12867.194226060166,12569.393999999998
3080,3828,4087.6616244827383,3821.58
3081,9633,8529.215388738805,9244.49
3082,4714,5517.598035555147,5042.200833333333
3083,2822,2892.084266287909,3109.99
3084,854,736.9266386768932,832.54
3085,769,765.8801049883664,586.88
3086,2215,1962.615533370255,2256.94
3087,936,991.266644219801,820.2
3088,2826,3873.6707460746065,2843.85
3089,4960,6151.592090524296,5084.55
3090,1415,1505.0019825885984,1355.39
3091,969,623.0372298964558,918.8
3092,2650,2628.6581792556826,2679.51
3093,1115,-2003.1899699028609,1479.19
3094,1071,1154.0347113613643,961.29
3095,1364,1670.6214864802218,1368.91
3096,1046,1325.0580276560454,963.09
3097,7729,9768.06699925008,9750.52
3098,12964,12994.375082375662,13590.17
3099,1267,1238.7239137405677,1451.65
3100,10206,10021.153483003945,8857.17
3101,693,1078.3448829623867,866.245
3102,1099,1310.1340430667055,836.32
3103,1556,1951.0409264366072,1629.19
3104,2199,869.7672126240459,3759.16
3105,4183,4605.0694157452745,3729.085
3106,1125,-987.877707331575,1597.96
3107,906,982.9590231197826,864.35
3108,518,-318.5077237188707,513.66
3109,15718,14310.232705991077,14937.45
3110,3989,4398.501649731645,4025.903333333333
3111,882,468.82408796075106,894.27
3112,5232,5991.05840626449,5338.466666666666
3113,8820,7257.212145523864,8172.91
3114,758,1013.4911246624642,805.03
3115,1221,2013.3897514593232,1189.42
3116,2105,2561.211544058819,2065.59
3117,357,318.09107358641086,416.68
3118,2170,2739.2382396778366,2342.44
3119,5288,4780.821957427639,3897.81
3120,1563,2147.5603911838107,1827.37
3121,3975,4464.590949219459,4084.41
3122,3994,3514.2514081478284,3988.67
3123,1664,2342.2854024371245,1745.17
3124,709,126.87667398067242,688.92
3125,17995,14396.696175636733,14066.575
3126,3249,3874.7311156150336,3271.57
3127,547,153.72284290641892,580.61
3128,485,849.4894143102838,488.15
3129,1836,2319.6583641709967,1858.26
3130,3336,3799.34462721132,2842.44
3131,2379,2436.687017279846,2564.31
3132,15035,14760.791399821517,15193.46
3133,1186,1800.7174337160159,1217.76
3134,6600,6191.41387120322,6457.5
3135,1415,1268.4575960630427,1519.75
3136,616,-798.0848680697909,721.66
3137,1069,1112.6116298874372,965.89
3138,2479,3076.2003252994236,2684.41
3139,5166,5891.530480157904,5359.29
3140,7218,6696.505963402811,6245.15
3141,16483,14632.868955880518,16020.73
3142,680,798.6051028023794,603.95
3143,3423,4536.162715386157,3987.11
3144,10577,7765.85690658779,10086.4
3145,678,952.5625885045474,765.55
3146,872,585.7668811474068,852.84
3147,686,662.9996527336161,719.31
3148,12168,13314.267503080157,13014.352666666666
3149,1713,2441.7361039274283,2068.36
3150,3785,4077.795208088016,3714.29
3151,8295,7534.030046056399,8846.44
3152,3739,4581.754130131783,3517.43
3153,827,1093.502232755256,924.48
3154,10863,20040.744987488586,14952.45
3155,407,-788.6655781847048,508.74
3156,6670,6576.271736799007,6475.11
3157,449,157.53577729672634,522.8
3158,572,-1254.3009214991052,489.69
3159,5170,6349.128188037965,5219.02
3160,1968,1442.516252048811,1995.79
3161,14421,19315.735206697078,17083.07
3162,3961,4755.267395800771,4102.75
3163,367,-2180.441320537925,459.59
3164,844,1576.2497287064584,932.93
3165,977,847.4649111439348,959.55
3166,2313,2052.6913927303617,2335.99
3167,11105,11601.85267507494,11126.35
3168,5174,5334.181822752194,4877.76
3169,2402,2898.049400987743,2580.42
3170,898,-182.8849094690895,855.65
3171,2979,3636.0492332860986,3043.7
3172,816,860.3139494067955,938.35
3173,16410,14165.877127005258,15384.99
3174,2147,1714.7327091573147,2112.58
3175,7338,7647.445155809717,6099.97
3176,9354,8949.60908824497,8701.48
3177,765,114.70817180321319,710.0695
3178,8024,11138.603464049178,12652.73
3179,4036,3878.3285403568293,4203.06
3180,4764,5491.652837501866,4886.66
3181,853,1419.0411792433952,889.25
3182,921,1552.9257471607107,957.88
3183,1715,2094.012847255354,1784.95
3184,9016,8251.476549072342,8805.91
3185,1050,1441.7165089981136,1017.23
3186,956,1460.9260720811726,969.96
3187,990,1093.475368736168,1069.64
3188,3971,4929.3817295823665,4371.37
3189,3146,4042.8940581341176,4184.38
3190,1721,2265.7825450349274,1723.3
3191,8513,7537.192095388529,7986.18
3192,603,-606.9209253816607,669.09
3193,5606,6117.63288676672,6295.17
3194,561,35.66529537733459,636.43
3195,17892,12832.402152364895,16980.83
3196,4640,5201.445244674647,4483.12
3197,579,162.834039529017,596.78
3198,11068,10254.399237740738,10808.6
3199,3279,3927.8310737164184,3314.56
3200,9243,8708.662629420538,9402.42
3201,10536,10198.945604684504,11037.32
3202,2109,1713.0660340183813,2113.86
3203,1235,903.7887117257887,1230.87
3204,18594,17446.054114810395,16906.29
3205,4101,3090.46352392999,3862.36
3206,5799,6604.655583579566,5347.31
3207,15225,11646.981497357972,14726.3
3208,1904,1797.8484693609007,1982.33
3209,698,357.4013756815284,695.26
3210,12996,11993.722395148317,12824.99
3211,2015,2145.8431759826017,1994.8
3212,855,-240.63079222405122,753.93
3213,3696,5002.758384386417,7707.44
3214,8205,9266.958184448154,8973.49
3215,1052,1554.1854447904243,1012.45
3216,791,1066.6514251035487,882.25
3217,17258,15690.292689265209,17200.243333333332
3218,3263,2105.450575956817,4001.63
3219,1399,1168.5387822172388,1288.96
3220,2822,3505.504689038168,2803.74
3221,18784,14524.89538463039,16333.62
3222,5175,5496.265441421874,5309.75
3223,3205,3028.258794712324,3089.74
3224,16988,11128.866107876303,15093.54
3225,6441,6289.304868121708,6628.37
3226,2911,3446.33144841283,2639.71
3227,7762,6556.089994919653,7302.42
3228,2381,2855.76342957839,2422.38
3229,1094,390.9772920941796,1140.37
3230,3782,3901.792587670311,3908.66
3231,591,-934.3399896014889,559.49
3232,470,588.7446892452399,617.47
3233,602,-708.8114921458682,658.73
3234,1031,1881.2297881631243,1068.28
3235,3894,3583.798613396315,6005.51
3236,6888,8976.103011102336,8833.52
3237,1058,1494.8221128810442,1060.28
3238,769,875.8632616872255,633.54
3239,1636,2022.4136078097572,1813.4
3240,1963,2548.076039523471,1733.31
3241,2459,2667.3926166209203,1868.58
3242,1786,2395.862150551514,1679.7
3243,2423,2853.92289029106,2307.12
3244,6007,9804.441596814366,9070.44
3245,9833,9687.877982632304,11038.62
3246,650,968.8821575746151,614.55
3247,2160,2517.4917204032995,1934.72
3248,1975,2785.450691009684,1924.5
3249,1668,2134.9574666877816,1676.7
3250,4478,5267.939292084519,4637.53
3251,827,505.8053236489709,872.63
3252,3704,3750.8348232483695,3436.61
3253,678,961.03677608816,639.0
3254,13711,13060.870820588354,13921.35
3255,1914,2687.436380362353,1886.345
3256,13824,8927.700560036163,12130.01
3257,605,-724.3963277381208,603.62
3258,721,1270.8439261376084,766.74
3259,3017,3856.0543518783143,2903.72
3260,6474,7028.601370699996,10149.67
3261,778,571.285018849569,673.54
3262,3633,4464.7316020252,4299.14
3263,2393,2452.927408039985,2344.78
3264,7369,7438.569443135175,8116.98
3265,746,-819.4642357035718,780.3366666666666
3266,8299,8088.985696391462,8016.45
3267,10546,7083.958617386723,9719.87
3268,1069,166.55944604138313,880.2
3269,8870,8514.019231312499,9329.98
3270,5290,6716.898999167601,5688.22
3271,943,1363.2560134956639,973.37
3272,2147,2905.6993700945354,2070.19
3273,658,640.6504594636126,667.14
3274,4497,4546.363847970356,4246.65
3275,2564,2862.0504947935574,2780.82
3276,5532,5948.113306466981,5201.97
3277,2066,2713.148123544061,1980.09
3278,3801,4802.209106707001,4092.07
3279,9581,8585.994923819002,9516.82
3280,11195,7805.529757812164,12198.04
3281,8282,10419.459731725998,8531.17
3282,7587,7429.226244044042,7645.55
3283,1599,2219.063994604622,1657.24
3284,1052,1502.8049207842719,922.24
3285,956,1400.7107888734226,887.97
3286,8624,7168.6266178094165,9043.55
3287,3295,3022.0489736988875,3699.87
3288,1318,2329.971028347172,1320.01
3289,2351,2467.9267804410492,2633.8
3290,15214,14200.837234946386,12386.298
3291,2772,3759.944342942049,3317.01
3292,10094,9039.251154400323,8302.16
3293,907,660.406966011471,744.49
3294,7063,6707.55190609218,6796.27
3295,7218,7805.8534771292825,6887.54
3296,942,1445.5665789852828,902.68
3297,1727,2133.0289783072903,1655.17
3298,4328,4916.638960364299,4390.86
3299,847,1101.5840455805865,876.06
3300,5455,6493.760876962571,5253.4
3301,789,1060.6636934219068,812.7080000000001
3302,1582,2236.1908061185823,1348.86
3303,11209,13882.657771537515,13891.19
3304,11739,10152.641482339859,11181.42
3305,936,1146.3199055647187,826.63
3306,13609,12166.529744842655,13177.95
3307,4627,5181.8968844918845,4589.87
3308,13768,10742.110505668748,12618.44
3309,2271,2097.071302023477,2256.89
3310,3528,4464.415346625204,4207.28
3311,1087,1009.9097587229735,986.22
3312,3743,3796.998271095157,3944.89
3313,743,151.04287369469876,716.23
3314,844,578.6532035580822,811.04
3315,5259,5667.749331914233,5190.83
3316,4770,5646.711654088305,4797.58
3317,13686,11023.734572378235,13479.11
3318,527,-508.7366808127417,616.85
3319,2367,2800.3935971991414,2602.07
3320,4082,4579.749272258391,4048.87
3321,9095,9735.190025393913,9503.95
3322,3942,2953.8010637852576,5107.89
3323,2824,4009.9496572239937,3134.68
3324,720,116.0842822002246,675.53
3325,689,-10.543870376998711,680.42
3326,742,1098.5189620157935,642.16
3327,3863,4668.095978430174,4386.28
3328,7832,9366.67200984144,8366.13
3329,665,566.7228457776982,664.91
3330,1807,2123.2713946532303,1739.7
3331,15745,18488.96681452079,16370.41
3332,376,98.54708002572079,437.59
3333,609,-66.13599679585695,522.48
3334,11268,10108.374198182824,10519.7
3335,2292,3007.9568787430235,1929.26
3336,2303,2529.538361912008,1947.2
3337,2039,2836.8320151976363,2517.06
3338,3052,3981.164045159254,2819.97
3339,440,82.70799081988889,522.6
3340,14597,13725.897346050742,15807.58
3341,4157,4261.124075517193,3916.96
3342,872,639.9241817093589,827.62
3343,383,94.18918736298838,403.71
3344,5761,7301.781883314019,7892.77
3345,5005,5498.482615985178,4909.91
3346,2854,2189.9554971275024,4767.16
3347,2609,3079.7140981680423,2280.63
3348,3164,3032.3387619298146,3701.26
3349,1800,2204.5196390387105,1785.62
3350,498,-1122.9851750692023,457.47
3351,3673,4465.040058388986,3480.97
3352,1197,2022.5888880864147,1174.24
3353,4540,5307.487247595551,4610.5
3354,2041,2653.890976585151,2067.52
3355,14709,10926.814451034672,13557.56
3356,6301,6087.315922856191,6066.35
3357,14180,11616.338066871955,13928.01
3358,694,576.0711812045029,753.15
3359,686,768.2315410008291,743.1
3360,1134,784.76208669568,1271.48
3361,3276,3956.429678726604,3061.34
3362,11091,11129.072809556073,10133.84
3363,6783,6762.048040689352,7337.47
3364,8645,7048.076839008089,7785.94
3365,900,207.42679076270088,888.62
3366,6720,6239.33671134059,6637.79
3367,1200,2062.894929248357,1039.72
3368,626,335.374307812207,601.91
3369,3595,5100.576314564785,4416.25
3370,5085,4702.479661217469,4689.92
3371,2177,3125.4071085672467,2358.8
3372,1192,807.3389930949002,1357.29
3373,2573,3730.079566957991,2952.225
3374,8743,10056.89010185975,9420.5
3375,4381,4853.412010813444,4044.02
3376,2487,2185.603345168359,2577.39
3377,1625,2041.5229234040862,1656.61
3378,675,688.9386914023735,700.03
3379,702,-1648.7154545792737,714.93
3380,4309,4514.859858661687,4006.9
3381,3740,2973.9062437116854,3699.25
3382,7594,6918.995582191772,7589.72
3383,6399,6357.782194697152,6518.48
3384,898,-105.0916859098852,833.41
3385,778,784.8159477139088,818.39
3386,863,1173.1133188271351,943.68
3387,2652,3183.1100808097863,2575.63
3388,5602,6434.721637031305,5713.39
3389,3852,4294.673761320839,4072.21
3390,3456,4032.9810309724426,3715.98
3391,1668,1634.5706718800698,1610.56
3392,5174,6049.08028885828,6066.725
3393,744,332.8445971173669,680.54
3394,1662,2257.764681518761,1748.75
3395,5485,6149.854521552138,5540.86
3396,2106,2147.9243441597728,2133.48
3397,928,1236.8741610016914,834.72
3398,421,-1156.5364645042864,430.61
3399,854,553.3187708509804,710.04
3400,6040,6625.485089511991,6451.72
3401,12336,10340.267289171574,11871.84
3402,10346,7281.239083773693,10424.27
3403,2869,4280.167838743124,3180.6
3404,9278,9421.535102365488,8779.62
3405,7229,7825.56462954526,10757.23
3406,1816,2328.341390836023,1846.44
3407,8349,8030.830823807352,8539.53
3408,1886,962.8671138934251,1963.04
3409,898,1037.6603205621368,801.4
3410,2136,2408.372380865781,2317.57
3411,2314,3181.9995342361817,2538.61
3412,1591,1959.2484250612115,1645.875
3413,1020,199.9028668728397,1154.06
3414,491,-299.8304485221561,456.62
3415,14948,13288.424401727882,13846.48
3416,1192,1876.6736060137077,1173.45
3417,798,807.9090038901231,906.19
3418,652,699.6800487276687,676.25
3419,1103,1272.915975465506,905.34
3420,678,1223.284044381678,592.46
3421,698,-168.16678348318328,700.19
3422,4720,5749.933984110759,4882.11
3423,18029,15539.888153804493,15985.6
3424,792,724.7249032716477,888.73
3425,2953,4234.405854741114,3197.78
3426,8475,9049.59398814902,9144.48
3427,17811,14805.258801102938,17266.51
3428,2311,3110.264743366549,2068.65
3429,1831,2080.136419721135,1658.77
3430,6237,7589.288816538615,6179.45
3431,1016,811.9235880722917,923.12
3432,625,570.2323191602391,636.21
3433,1125,1487.1076040680791,1102.06
3434,1781,1899.5061671533504,1600.62
3435,4989,5781.220477994669,7137.21
3436,983,806.0584197453954,901.49
3437,3265,4305.995413804124,4027.29
3438,720,387.8187829935814,715.91
3439,1216,1758.8017743220885,1220.63
3440,3461,4382.623252949506,3077.28
3441,6270,5780.674134164818,5387.04
3442,2309,3054.44148802841,2368.31
3443,11480,7249.038060948888,8858.46
3444,6691,7336.610325225151,6842.6
3445,1040,899.1565278205085,904.7
3446,2631,2804.893259839989,2217.59
3447,3050,2900.6129616914805,2960.53
3448,4117,4702.479464072498,3420.21
3449,810,392.85641466038305,715.95
3450,11182,8493.510879815898,9795.18
3451,1264,1833.1244328722814,1241.69
3452,895,1331.6035287371442,862.29
3453,6530,6723.066466072707,6653.84
3454,15530,14383.105813273558,15469.965
3455,2737,3213.7703082142157,2758.7
3456,1633,2187.207459480812,1801.14
3457,935,1490.5114089908893,1139.01
3458,6476,7260.244910618991,6821.02
3459,3429,4330.922893625057,3420.71
3460,1629,1855.6515944351586,1699.46
3461,2656,3052.019275612296,2677.71
3462,8702,9020.832578829639,8003.41
3463,586,1307.4318995786825,709.88
3464,2560,2111.139987750812,2323.73
3465,844,544.8325558636598,834.81
3466,4314,4595.194847588871,3721.8
3467,8013,9610.300925421718,8599.4275
3468,1228,1664.7541672629045,1219.858
3469,2725,4136.785404925706,3455.78
3470,1166,-931.5891862629533,2524.4
3471,5854,5307.668044355578,5006.85
3472,4427,5311.673117393491,4393.19
3473,890,1436.9117926944718,980.32
3474,4642,3892.3604866684045,4035.39
3475,2062,1767.1842344159836,2075.61
3476,1715,1735.6889841406028,1641.42
3477,1005,1605.0834827481704,1062.05
3478,4239,4909.573912994264,4530.14
3479,895,1429.3338304104427,959.34
3480,436,-1181.2213894766483,470.22
3481,8365,8125.7465901887035,7925.63
3482,6288,6164.198876028321,6168.7
3483,5991,6264.480834160796,5429.0
3484,513,-1692.0819085541143,625.74
3485,573,-870.4994981950331,572.03
3486,1356,2025.480256083466,1377.48
3487,1577,1474.6653675236353,1405.6116666666667
3488,1389,-126.8224549181923,1240.9
3489,8874,9546.55404928792,10112.22
3490,9326,7936.93904256304,8270.78
3491,2276,3125.589242430016,2402.84
3492,665,525.2876540699317,679.12
3493,4545,5105.889437761141,4475.13
3494,2938,3028.4501546104557,2991.54
3495,5846,6190.189072792926,4927.66
3496,2268,3060.0037471253486,2322.89
3497,4672,4931.532466302049,4360.73
3498,3387,3833.214530542986,3544.78
3499,5588,6868.961181506534,5896.16
3500,561,442.2229104807584,618.06
3501,2681,3247.067741697416,2294.21
3502,476,-71.06933690167807,573.984
3503,2766,3391.7225150346,2831.06
3504,561,25.117697443617544,572.56
3505,6460,6439.147418431029,6682.55
3506,526,143.54954312525115,591.53
3507,17265,17931.088951525802,14046.9
3508,5393,4973.9450790374785,4665.47
3509,4459,4729.658579094593,4381.49
3510,7161,8427.007808871855,7835.38
3511,2018,2035.7453422036428,1642.93
3512,462,-337.80389818873937,497.8
3513,2690,3082.7098074481937,2615.22
3514,2614,3059.4331247568925,2720.05
3515,485,707.2076500567714,491.98
3516,605,635.4529445337175,619.42
3517,13530,9639.986114609786,12116.9
3518,12646,10799.206481851394,12093.27
3519,628,-160.2988893736374,595.64
3520,583,287.53452225655747,671.98
3521,4209,4449.884700437468,4597.5
3522,687,358.3286215725384,711.77
3523,1909,1679.2342242851673,2013.29
3524,1397,1802.1185469768561,1467.36
3525,10331,10602.430006747432,11021.97
3526,4786,6110.643108543096,5528.91
3527,8291,9156.145502232139,8594.45
3528,6558,7584.827192859783,7558.98
3529,589,178.9779037373637,628.07
3530,776,443.7766105572009,764.71
3531,840,1339.4510379742997,902.76
3532,1227,363.15523501760435,1148.93
3533,1577,1704.3035413494117,1473.89
3534,1454,1944.886787274037,1740.91
3535,6841,5940.736481502641,6186.11
3536,8207,9605.78512462261,9469.31
3537,4805,5448.720311055827,4921.49
3538,3472,4298.8081151814695,3914.18
3539,4608,5325.342326353935,4775.61
3540,4838,5237.837846715461,4932.69
3541,1990,1176.9808434775023,2106.68
3542,11221,14077.968053792834,14162.05
3543,575,-330.5975535805028,569.97
3544,18394,14273.439483089407,16789.17
3545,2331,2136.4388033890864,2241.47
3546,4540,5394.913648139801,4307.6475
3547,1350,-360.01701468291503,2889.67
3548,3287,4164.880479492329,3309.79
3549,6410,6203.462620515749,6248.19
3550,1403,1737.444505073689,1574.04
3551,5311,7022.765512460437,5591.295
3552,2058,1648.7433369461978,2163.78
3553,2551,2414.031228577088,2459.61
3554,2998,3379.949431167104,3082.66
3555,1326,2265.1257147134943,1172.29
3556,9368,9947.940174892985,10153.7
3557,422,-1296.7982360505002,418.22
3558,5832,5781.125857572502,5243.6
3559,912,1513.5034340013399,1010.98
3560,16650,14123.213125946708,15382.42
3561,1754,2403.553450127004,1793.6
3562,10342,8401.007229612082,8986.55
3563,604,-450.68229576644717,696.9
3564,6065,6293.916850637164,5975.94
3565,403,-2038.320225028986,473.2
3566,2756,3792.6973017069404,3285.88
3567,633,855.2908282526869,587.29
3568,1779,2512.9615298968793,2005.08
3569,7038,6686.934884300458,6284.02
3570,2536,3166.471046459218,2584.3925
3571,7549,8636.3956408545,8391.48
3572,1063,1112.8170709826327,910.85
3573,2930,4181.657033942898,3440.49
3574,4258,4448.262187549275,4093.21
3575,6494,7004.333302844311,6312.19
3576,4249,4953.74290083008,4716.81
3577,4445,5618.1793238853115,6727.05
3578,819,528.599350405123,716.6
3579,3528,5499.320806060796,4614.76
3580,886,1602.6583231935779,889.24
3581,765,-143.66469334702697,724.91
3582,14488,14274.756637689892,15477.335
3583,2811,4270.783103529675,3074.88
3584,1121,312.14500465635774,1177.81
3585,5599,5541.653969595172,5418.67
3586,926,1369.7485477698028,916.61
3587,2871,3559.7689414390147,3099.42
3588,3121,4281.589578902999,3379.3
3589,1138,-987.4690929803692,1991.69
3590,1100,1811.288902104497,1080.95
3591,645,779.2634231321244,678.71
3592,1853,2563.48615850815,1782.07
3593,4211,4360.294243383631,3974.674333333333
3594,1748,2210.4658441630845,1931.26
3595,1221,1226.6105481869954,1285.39
3596,878,901.543654605864,823.6
3597,1439,2384.0909302254286,1305.85
3598,2721,3917.848234665042,2825.64
3599,1039,357.22025712787763,1066.95
3600,1787,2377.0555862336832,1724.915
3601,4541,4772.635449095521,4282.68
3602,3666,4210.409170795674,3530.24
3603,976,1817.8217400505841,998.32
3604,1615,1949.4836343145016,1557.6
3605,4167,6129.82856407731,5122.0
3606,2016,1687.0472772982184,2156.96
3607,1115,2001.1687422840728,1171.81
3608,2947,3497.239071881606,3262.16
3609,605,606.6967972352395,597.4766666666667
3610,548,426.76450889305215,518.32
3611,471,-739.5862841493472,560.44
3612,8444,8698.074507773446,8075.55
3613,4791,6474.481624585745,5910.06
3614,2268,1764.1541283657134,2028.61
3615,1846,2351.112515318092,2005.01
3616,2203,2623.6933007399207,2255.36
3617,408,-1325.2428966593443,508.09
3618,810,1040.7087991359613,840.7
3619,13344,7940.4248474078895,12537.84
3620,9850,13386.000542188378,11249.79
3621,452,-3690.018601739578,783.91
3622,1100,378.86862324034337,1151.0
3623,8818,7016.064495392302,7877.94
3624,3105,6731.4368615848825,4736.05
3625,2166,2286.5939042630516,2320.08
3626,4258,4886.350194927661,4394.35
3627,4841,6009.50277537486,4809.1275
3628,17893,14941.105706213542,16760.54
3629,624,88.6367339313565,599.43
3630,816,783.0468814478072,813.41
3631,3665,2965.418532969493,6006.74
3632,5935,5707.308894321753,5365.57
3633,552,814.1776244661073,568.93
3634,7418,8934.42453626334,7776.97
3635,4584,4961.910085419165,4286.44
3636,593,-293.16742043834256,581.71
3637,746,931.5270806256203,821.41
3638,2460,2762.9625965166133,2047.11
3639,1087,1212.9939044536768,1170.96
3640,1053,565.3856531305273,884.58
3641,5587,6397.020138087719,5309.79
3642,2946,3817.809420118374,3100.64
3643,3800,3901.0786564226196,3959.49
3644,17164,19348.586574157343,14246.24
3645,4613,6024.596684826718,5267.51
3646,1415,1699.23505260021,1559.32
3647,5225,5769.024519746383,5220.56
3648,586,-893.2433881632933,644.7
3649,17049,13051.66845923057,15711.93
3650,2756,3580.5095669195466,2987.44
3651,3644,4055.5616479162964,4273.07
3652,1787,2317.143856949009,1745.95
3653,5457,6034.773530084876,5551.63
3654,11486,13870.484293402364,13015.55
3655,2029,3125.1090487897886,2528.94
3656,14258,15168.959377462621,14153.47
3657,579,-137.23004467378541,590.36
3658,6377,5960.556310608956,6033.1
3659,3510,4232.8689525700765,3505.32
3660,1557,1869.532105568942,1650.3
3661,15515,15284.12365604942,14461.44
3662,5161,6343.7254130653,5454.34
3663,3924,5006.3058016883115,3954.16
3664,3713,4642.203938601887,4490.29
3665,3593,4215.413432260283,3263.72
3666,4513,6090.490897907898,4770.43
3667,7862,7251.028232591894,8144.67
3668,802,249.66299127737284,672.5
3669,1725,2341.844351003134,1807.27
3670,2579,3117.442115245879,2548.57
3671,557,241.5264239895614,589.05
3672,1140,1583.5033909818694,1095.55
3673,1656,2102.17721974906,1675.42
3674,1007,1800.1851560624195,1101.24
3675,3369,4465.849026279504,3539.99
3676,4078,3962.892728829441,4537.34
3677,11519,11578.332310573162,11270.15
3678,1356,1479.283946727447,1383.03
3679,5390,5859.6100816119615,5501.01
3680,3210,4378.161556745372,2990.834166666667
3681,12229,10656.734400053008,12057.91
3682,1755,2404.771597057701,1773.18
3683,4504,4804.4358525102725,3907.44
3684,956,691.660526615974,910.06
3685,4798,6406.975648568133,7143.29
3686,2618,2767.4005083905427,2712.66
3687,1966,1669.5216658412696,2020.69
3688,1664,1995.3991292640526,1661.53
3689,1831,2325.4797652467273,1843.74
3690,974,1679.632122597137,977.58
3691,6484,6843.3212621047305,6372.06
3692,1656,2040.3784995654914,1646.63
3693,4078,4594.997774848732,4165.12
3694,3997,2735.1012808417463,3857.46
3695,1268,1238.0739643170123,1345.0408333333335
3696,4072,4612.682086548347,4124.45
3697,10308,9687.111789394941,9177.35
3698,802,596.0588892559072,766.76
3699,9442,7924.62765349891,7868.27
3700,811,1013.5866910168743,900.24
3701,4989,5367.584259700925,4815.9
3702,6058,6689.674049265663,5695.68
3703,1197,814.5731649389245,1285.95
3704,4197,4920.870128587628,4494.94
3705,684,380.58838018637744,675.19
3706,4264,4751.864877462722,4445.72
3707,10362,11035.41720233142,10319.87
3708,789,1134.925245804542,818.59
3709,4961,5542.474415715828,5064.62
3710,11263,9461.357869327687,10132.87
3711,1623,2373.803038400785,1649.49
3712,3456,4281.97029185897,3285.82
3713,4093,3646.2318910329514,4028.2
3714,6200,6291.615149934713,5739.57
3715,837,442.1727119696516,701.26
3716,5624,5960.903817740626,5619.54
3717,7665,6586.635451166304,7303.62
3718,2400,3521.9201508451115,2680.93
3719,4228,4479.470272088876,3842.1
3720,4653,5518.781986080887,5139.005
3721,3863,4660.1184513986445,4160.02
3722,1134,-1577.043692365717,2313.51
3723,1972,1297.071285079077,2013.89
3724,705,-35.40287404658238,811.13
3725,4324,4739.703076678081,4257.26
3726,2398,2077.817872399662,2229.2875
3727,620,294.68770002649626,606.63
3728,838,1233.9115471764644,888.7
3729,1962,1503.9069908574052,1976.39
3730,1814,1434.9480985372984,1931.09
3731,4242,5013.278729448692,4424.62
3732,825,1334.6835057350804,791.41
3733,5732,6398.93944339058,6008.84
3734,625,364.219141917677,614.68
3735,666,729.5860487063924,708.56
3736,6494,7610.784297043834,6531.85
3737,552,743.6940017063125,528.75
3738,2070,2139.6009180910087,2006.62
3739,666,752.4267297490405,711.99
3740,575,923.1966515978888,595.76
3741,1633,1662.223559238631,1518.96
3742,703,225.3988141833047,682.53
3743,628,-312.74353978952513,601.6
3744,505,626.0363218023081,496.92
3745,15857,13968.615293727076,15457.43
3746,8529,8859.067236774012,8396.45
3747,7962,7704.547218852757,8039.32
3748,700,96.91834777904296,863.1
3749,664,1355.0476931819107,724.93
3750,1007,1819.6903446346755,1010.76
3751,15291,11073.897032813216,14984.95
3752,928,1695.6768930261073,913.49
3753,6199,6962.15198921127,6605.32
3754,825,764.8692256448394,1013.43
3755,434,534.7606104387605,492.54
3756,1594,2111.180460844222,1749.72
3757,3197,4289.649119625284,3321.77
3758,4227,4472.165571400884,4263.12
3759,2553,2290.453994250892,2342.35
3760,1207,1821.5756204425925,1192.74
3761,17849,14298.928404687262,15125.572666666667
3762,4642,5037.149023535568,4986.79
3763,596,-1066.0358732192517,728.27
3764,1851,2443.5786840565333,1709.46
3765,4326,4604.709014135569,4293.56
3766,921,1354.0232424625297,936.29
3767,3615,4466.947320214405,3923.89
3768,3447,3832.034291081324,3719.52
3769,4693,4799.496303779345,4290.12
3770,16728,14204.812687564785,16083.86
3771,657,997.2146005500772,597.49
3772,1327,940.1778863377504,1437.35
3773,4242,3948.5563351567325,3703.75
3774,1217,2209.7127857980913,1225.36
3775,6246,9377.601940462166,8866.1
3776,521,842.8262321087632,500.87
3777,5179,5204.261846341382,4928.81
3778,1715,1674.932346878798,2008.82
3779,12792,15239.888397597244,15816.74
3780,9274,7099.019336604955,7472.67
3781,2649,3333.6486161494504,2662.87
3782,1998,2720.8649419443577,2134.61
3783,5889,6814.823667692997,6076.83
3784,4092,4080.3262827970334,4112.78
3785,770,12.906739950840347,784.38
3786,16703,14342.147819071559,14451.46
3787,1323,945.1265586809332,1245.3
3788,5174,5569.752298957665,5202.58
3789,2636,3240.6098650318313,2629.51
3790,4592,5026.627959994058,4572.3
3791,975,788.6295998816217,885.39
3792,8931,9482.365657337556,8983.99
3793,6640,6762.874393071172,6321.02
3794,3933,4431.01572518946,3780.14
3795,6467,6508.992101756031,6782.88
3796,756,187.66169746113565,676.83
3797,3183,4351.1533507730055,3261.99
3798,574,-957.3005105085776,600.51
3799,642,1023.0557309323281,681.51
3800,8868,9516.315770638212,8442.93
3801,454,-606.5566412950757,484.92
3802,15776,11240.41335607195,13346.92
3803,530,762.4128255464593,502.45
3804,3074,3964.889231161292,3139.12
3805,702,740.7152749129918,698.26
3806,828,613.1748714833593,776.68
3807,1348,2421.5539940145627,1348.06
3808,780,536.9774653839122,679.18
3809,11500,7530.802433605741,11577.2
3810,1963,1278.226751850556,2342.77
3811,4332,4224.092777189389,4262.52
3812,3966,4686.927251637548,3567.48
3813,1279,1427.1909247552826,1539.65
3814,10179,13875.852743362504,12858.64
3815,1906,2587.0623206834816,1783.41
3816,1698,2102.9535512954362,1734.96
3817,16431,13828.978070114621,13767.741666666665
3818,7201,7281.031798030419,6459.69
3819,6814,7621.010445579077,7096.88
3820,506,-1216.5961566564038,525.6
3821,6964,6094.077173999832,6379.895
3822,8951,9625.049488827675,9093.89
3823,561,8.54362528682259,589.35
3824,12284,15122.240728133498,15456.05
3825,462,461.09157960547054,505.12
3826,684,686.6909030681595,676.63
3827,1046,1719.6242664860047,1044.54
3828,491,-224.3611732750287,515.37
3829,3651,4277.90589569838,3885.585
3830,948,810.9437787733505,896.61
3831,1878,2601.5942673002814,1987.79
3832,918,1556.2635774250302,930.39
3833,2393,2117.2978068956545,2132.62
3834,571,-6.977759882403916,545.74
3835,2641,3336.8605846076493,2706.11
3836,6001,6821.990894137061,6128.01
3837,6638,6535.658998531096,6907.71
3838,4366,5248.262204920544,4450.94
3839,4197,4611.387089401514,4178.06
3840,4821,5581.609774778119,5233.16
3841,4120,4269.216551723023,4230.76
3842,1942,2390.841114908532,2143.61
3843,4826,5205.176828307188,4602.48
3844,3831,5090.7609331808935,4266.75
3845,12738,10551.003957882429,11612.8
3846,3774,4830.936022206773,4050.27
3847,6152,7574.024549266991,5785.27
3848,6962,6729.780440981099,5335.865
3849,4530,5558.244779401659,5028.18
3850,11578,11210.00141876794,11784.91
3851,4081,3809.0195374478444,3838.56
3852,7742,7998.07693013597,8046.11
3853,3633,3947.340446971247,3689.47
3854,3219,3456.6487077672396,4781.02
3855,1755,2451.3951509585077,1798.11
3856,5051,5307.498242587439,5106.08
3857,15848,11236.884934399415,14487.74
3858,2373,1856.6961840547856,2095.22
3859,2607,1113.8796124561218,3791.91
3860,514,458.413867488101,544.15
3861,1654,1578.2972999460626,1582.9
3862,6169,6188.857988401077,5971.48
3863,2781,3013.488849241504,3019.52
3864,523,-1420.9409027427473,516.22
3865,828,732.2985246650805,798.5
3866,8970,7511.3922071677935,9066.23
3867,684,992.8151439815788,687.27
3868,7310,7454.757013318769,6322.24
3869,3528,3588.839411369697,3806.45
3870,5604,6477.059633483925,5792.14
3871,5739,6364.967935940635,5715.82
3872,945,596.4809156954657,950.08
3873,1308,1344.1220782951195,1303.92
3874,1753,2657.904599122265,1872.5
3875,645,750.0299496934649,698.13
3876,14558,13995.09849450632,15792.11
3877,5214,6884.144698904761,6126.13
3878,4238,4564.716350933445,4169.42
3879,6563,6504.42719825318,6848.86
3880,791,799.4821481114636,890.51
3881,1229,2083.816683939076,1226.04
3882,7372,7541.187740954821,7431.58
3883,1382,1994.6162170446182,1562.24
3884,761,1283.2407517731058,800.25
3885,1143,1274.0190041674637,1285.39
3886,1388,1464.8492592260482,1457.63
3887,3897,4609.695497043836,4325.62
3888,4870,5433.730998958246,4922.45
3889,992,629.5953112637303,937.06
3890,1359,817.643474459584,1230.32
3891,676,783.8614093985179,723.15
3892,1433,2257.603550004394,1348.93
3893,1825,2249.9758093548025,1682.68
3894,776,645.4207911783033,687.635
3895,3066,2838.4419474712968,2687.86
3896,1020,279.6096657019334,1134.33
3897,499,-130.5280082370382,534.68
3898,11873,10788.92173524708,11935.24
3899,1084,1590.6847967978247,1060.14
3900,1949,2969.3022307236056,2123.02
3901,504,-518.2751135786893,583.85
3902,9659,11870.300386498566,11251.05
3903,1875,2386.431772577825,1906.71
3904,15282,15060.630228784905,15652.48
3905,852,1093.4377473009172,903.23
3906,3864,2918.649012309812,5695.01
3907,2104,2666.047925195217,2324.0
3908,754,707.6699787989019,879.87
3909,3561,3677.082613127154,2684.73
3910,5299,5449.456887567823,5192.53
3911,5906,6356.891472653502,6543.85
3912,4834,6839.835153001766,6496.27
3913,710,617.2783733279148,650.96
3914,3550,3486.353796245895,2981.57
3915,7459,9422.780862963516,8720.92
3916,600,131.39639582871587,583.4
3917,9494,10015.494154125408,8940.3
3918,746,-955.2253900306241,684.39
3919,935,-342.5392178676884,774.35
3920,6398,5949.641157238593,5793.03
3921,3607,5006.9122756134175,3988.44
3922,2805,4087.9975535114554,3109.6
3923,3104,2705.552920121823,3162.24
3924,473,-462.6840125420613,506.19
3925,2401,2740.0627132099535,2181.73
3926,764,1052.8793888099053,822.05
3927,11580,9133.143255379702,11347.83
3928,4588,5257.69960838702,4712.57
3929,10636,9052.058883012654,11115.17
3930,2236,2800.753530203483,2112.87
3931,678,796.4033682477407,567.11
3932,1005,1593.4691419832316,1054.32
3933,710,601.5125774038379,650.13
3934,945,934.0434458603113,952.88
3935,2847,3601.308374471949,2841.84
3936,7836,8889.66360033424,7735.85
3937,449,107.64036257759926,482.34
3938,4548,4902.99819686125,4373.39
3939,709,24.29035850574246,672.1
3940,1814,1935.1569631849784,1744.37
3941,1637,1659.9112035858489,1745.46
3942,3170,3519.664306870327,3038.91
3943,699,845.0880297693657,675.79
3944,14740,15041.078425218771,16084.71
3945,2735,2941.746425316193,2569.27
3946,624,-966.4658445948626,599.89
3947,526,-2017.6312780591225,520.7
3948,617,787.7428167994917,630.3833333333333
3949,787,1052.6221497880474,703.26
3950,3763,3829.2231666880753,4039.95
3951,13109,13245.904352749962,14276.186666666668
3952,1993,2550.2208192671224,1884.18
3953,3944,4429.637232435103,4338.41
3954,8362,7876.119375258052,7270.4
3955,2681,2527.2149010305325,2465.67
3956,1192,1979.910972508022,1055.75
3957,3640,4335.449723395773,4571.371666666666
3958,1656,1976.0286735632462,1625.42
3959,4872,5855.851032949462,4886.69
3960,4229,4529.906897348555,3863.2
3961,557,171.80891797106779,620.3
3962,6048,7678.613469755223,7086.13
3963,4871,4766.241431179371,4516.39
3964,503,-254.60001965416905,511.63
3965,4200,4725.060686722269,4294.77
3966,3602,4759.759665370757,3433.79
3967,1781,2078.7034961727613,1752.14
3968,612,334.28785509690897,625.3
3969,11767,7317.296573368841,9380.71
3970,6073,6276.439705479177,6390.07
3971,2177,2512.3885721237593,1797.05
3972,7504,6478.395338229812,7275.373333333334
3973,3936,4058.361363928113,3503.42
3974,509,-48.14956139381138,480.45
3975,5384,6510.241338844222,5449.38
3976,1668,2356.3653929008633,1889.0
3977,1929,2585.8197726806993,2217.46
3978,895,-680.8536534858576,1123.37
3979,4413,4526.988606264309,4367.15
3980,6791,7065.052422956593,6455.39
3981,1389,1352.2310607091053,1389.48
3982,1808,1809.553133365176,2072.15
3983,2329,2787.3985259580368,2489.92
3984,2224,3305.2003668534617,2407.82
3985,2763,3703.0387064918973,2526.03
3986,8145,7394.47513867958,8727.74
3987,10977,10446.741940464879,11014.01
3988,751,495.4271419813117,777.94
3989,802,530.4602788999782,774.75
3990,2622,2781.008282701417,3703.62
3991,1020,-799.7744122152653,1134.99
3992,507,-306.20705374176487,555.92
3993,710,620.398893469458,649.11
3994,8058,9261.249919233023,8616.74
3995,936,1025.454005958039,884.63
3996,5808,7407.265133570698,6217.34
3997,8736,8864.170738215722,8083.95
3998,1731,2308.269275402893,1791.19
3999,2440,3622.627203525055,2474.06
4000,1766,1472.747989190725,1706.51
4001,3035,3799.1587942747474,3036.01
4002,1892,2571.691636943685,1785.32
4003,3387,3006.737492262194,3228.36
4004,401,-146.99519696849984,519.36
4005,9072,9035.42613002628,8544.81
4006,13287,10690.022404017383,12770.94
4007,433,-1519.832320992945,465.45
4008,438,-822.4798657150814,560.04
4009,1141,1227.2464377050237,1373.27
4010,732,202.0966200672583,700.1
4011,3606,2571.752858030156,5453.37
4012,4958,5114.185819419742,4923.8
4013,1187,947.783790850377,1227.33
4014,675,-195.72264880687726,654.83
4015,540,-1126.8444966983907,543.9
4016,15032,14774.277375528187,14889.39
4017,6140,6907.433628558596,6123.24
4018,2908,3206.159467546623,2925.12
4019,4544,5200.860266884072,4658.96
4020,5768,6439.334325668082,5905.55
4021,6981,6427.476069275657,6795.94
4022,16280,14462.667440573865,13064.96
4023,802,415.8594786683266,763.74
4024,4183,4684.794568831801,4122.39
4025,10236,10187.915202743756,9918.11
4026,4054,4756.352008872253,4248.19
4027,1197,1033.4082032205952,1233.97
4028,15508,11058.413687261153,14941.76
4029,729,205.19656717080488,815.725
4030,2562,2241.6005555979236,2232.3
4031,6597,6377.122245161645,6810.94
4032,5980,6071.151955911046,5300.24
4033,479,-611.4860046654921,502.93
4034,8840,9750.002152727335,8756.07
4035,1923,231.9233160777776,2129.22
4036,3118,3924.030233210565,3194.64
4037,4662,4826.871955373317,4581.81
4038,3689,3939.937921650032,3492.24
4039,2129,2823.6627985200835,1974.08
4040,637,720.695250150211,699.17
4041,835,1242.1328147439144,831.93
4042,666,906.0619558191847,799.45
4043,2423,2082.5595998760937,2274.93
4044,2309,3109.088802629186,2282.92
4045,2373,2292.767500931981,2185.08
4046,622,1053.8839550038206,703.61
4047,673,426.6061645878781,735.68
4048,605,446.6266454625302,683.39
4049,1444,1342.301609049673,1343.0
4050,11437,10931.48305790681,11154.5
4051,4873,6020.5470048525585,4911.59
4052,1838,2378.3656985407547,1890.75
4053,628,-219.0214924844904,627.35
4054,12648,10968.860892722163,11495.25
4055,10538,8500.097119123875,8686.0
4056,612,830.7869264795454,670.51
4057,2512,2359.3270241465834,2333.15
4058,5746,6735.894119529205,5988.46
4059,1311,621.9092705511011,1223.18
4060,5058,7003.9356645076,5497.35
4061,2781,2919.621014865348,2866.52
4062,2061,2103.2831966254153,1600.45
4063,3238,4044.2722525094478,3060.09
4064,4641,4541.281754804811,4278.55
4065,1815,2178.283814352666,1731.55
4066,1781,1997.2118879408513,1719.93
4067,544,-101.74781560465044,559.78
4068,6207,5532.012176420589,5278.99
4069,891,1433.9465023822022,922.75
4070,537,-101.88164624502951,556.51
4071,999,1127.8440196507568,1069.97
4072,2394,1999.5153008867208,2152.7
4073,2197,2156.5507989537195,2294.71
4074,4273,4291.032208484987,4683.74
4075,777,1314.571381052921,576.27
4076,710,617.3552063995667,671.23
4077,567,183.460941245527,584.26
4078,581,324.69517820180727,612.3
4079,1104,464.2933034222642,1190.71
4080,530,673.3679796683323,513.68
4081,3838,4740.6850728052605,3868.995000000001
4082,487,-743.0101018786127,605.16
4083,4580,5136.734828229899,4446.99
4084,723,809.2289743531583,760.2559999999999
4085,4465,4372.336364485215,4490.36
4086,2866,4058.2046698775303,3145.26
4087,1056,1719.8298130931466,1029.91
4088,789,1111.2210230132869,823.4
4089,953,396.74023040143175,1282.97
4090,1864,2798.6856455144334,1894.63
4091,3354,3999.56311295423,3229.6
4092,707,264.94791370710846,620.41
4093,3928,4789.186417540228,4225.206666666667
4094,899,1288.8605938299725,895.86
4095,1389,2305.5270719832865,1314.67
4096,4480,4321.708169796308,4245.81
4097,3218,3102.4319995688584,2482.97
4098,1226,1645.7784528932843,1302.32
4099,2482,2487.221107504181,2387.83
4100,4234,4821.164355403399,4001.86
4101,2954,3949.334432370394,3406.31
4102,2332,2078.3172900365626,2390.33
4103,15757,15022.337683901229,15890.49
4104,2444,3365.250423913322,3229.77
4105,9625,8177.289893695052,8400.0
4106,3950,4566.923298260183,4027.45
4107,2327,2144.9864261720977,2398.08
4108,758,988.5048430821062,835.69
4109,471,248.5029641033707,593.53
4110,648,-713.6612635832334,621.53
4111,3231,4018.970663839962,2738.8
4112,7392,6395.958910679479,6291.65
4113,942,978.008983699553,772.06
4114,373,510.2100639537948,426.64
4115,4304,4907.996495251233,4209.03
4116,4854,6016.146119997122,5605.15
4117,3284,3752.2786457360517,3342.22
4118,716,967.0650256738536,773.77
4119,4105,5073.970148416237,4123.62
4120,4857,5291.434549109527,4479.48
4121,1060,-469.9923699203464,1189.8766666666668
4122,13812,13741.14143259185,13749.406666666668
4123,8113,8234.862886794766,8342.32
4124,14386,10804.180477598158,14043.87
4125,1253,2202.9541306440874,1299.33
4126,9781,8253.562496715705,10136.05
4127,1723,2125.3452274522824,1696.21
4128,844,516.3660666803871,849.05
4129,11986,10673.182312604466,12282.1
4130,7234,6729.819678500158,7565.74
4131,3139,3515.4784276129494,3337.64
4132,735,-577.8068135092435,815.34
4133,2553,2853.1685237734646,2358.81
4134,1124,1913.0819279285388,1150.8
4135,1235,1894.8870351598298,1229.08
4136,1179,1774.9029294403636,1203.55
4137,1267,1774.5146844003611,1198.56
4138,7216,7431.510531957993,6161.88
4139,720,269.58679196808043,710.5
4140,981,1261.5858719957,815.0
4141,1724,2645.941426469663,1930.89
4142,4038,4393.012952129631,4057.61
4143,812,-245.45754215101533,762.0
4144,16466,16616.072151115033,15836.87
4145,1088,1724.6740743936653,1113.19
4146,1013,1185.779485561266,951.25
4147,4452,4638.867801911853,4417.21
4148,4258,4460.130235566139,3402.86
4149,838,1257.8840124879353,861.77
4150,2808,696.3144825994991,3461.58
4151,612,-578.058732440697,641.2375
4152,1304,2113.5491176575183,1250.04
4153,3740,4529.226458941461,3504.53
4154,8981,9564.362439628214,9204.73
4155,1438,2370.2945491117043,1593.14
4156,1554,2137.015402699662,1839.8
4157,5898,6354.135374696324,5924.71
4158,3404,4026.835383854099,3224.0
4159,4559,5084.5574795160355,5152.73
4160,1619,2268.3095394375696,1779.59
4161,11654,8125.998642199725,11270.26
4162,1061,1074.540733087203,993.12
4163,6129,6669.599580738032,5737.57
4164,4400,5087.211909506445,4152.55
4165,1875,2444.7819744401754,1853.43
4166,4276,5361.812379663759,4626.22
4167,6134,7160.194125810392,6149.02
4168,4242,4542.219090479736,4095.76
4169,4312,4587.863721757965,4086.39
4170,2094,1264.1305812822116,1967.56
4171,7223,7620.243641048214,7031.29
4172,683,-337.4078355558904,700.41
4173,1002,977.496166825249,906.61
4174,4475,4880.052380872028,4803.38
4175,5906,6047.403409119559,5920.03
4176,3534,3778.1711847600263,3396.15
4177,907,1067.1693906363048,825.37
4178,9541,9648.655429644192,9156.45
4179,593,-257.7289797567237,534.38
4180,8836,10207.321877617353,11254.45
4181,580,556.3382010326413,512.19
4182,3296,4971.992964552535,4306.82
4183,14148,10274.348109311817,10870.3
4184,904,735.4304766537307,894.06
4185,5018,5489.213983597641,5128.02
4186,1624,2527.0312347107115,1829.28
4187,790,1179.4095968623596,946.7
4188,852,1117.5636558987344,880.94
4189,16304,16923.918687859412,15593.01
4190,3746,3725.5015863074345,3593.01
4191,553,-355.1863147958211,579.73
4192,1838,2476.325485287501,1876.2
4193,10571,9963.243283764928,10000.47
4194,1724,2408.306786639123,1799.63
4195,926,982.06066348883,1088.98
4196,791,1392.4527293745818,787.99
4197,439,354.1624248990429,457.27
4198,11434,7958.2743134760985,11457.84
4199,8033,8575.227819578133,7887.54
4200,5495,6029.598573906861,5758.22
4201,7291,8520.953865714404,7867.62
4202,885,-1568.0802382350394,1093.75
4203,5833,5583.878854207077,5366.63
4204,1817,810.2825321208961,1917.73
4205,4242,4369.17659318509,4034.603333333333
4206,1013,984.7532976673074,968.39
4207,2862,3757.086604931341,3298.53
4208,10053,9574.106486683713,9033.68
4209,11314,9770.183731008889,10616.13
4210,4489,5314.453092168553,4511.31
4211,936,1142.9311429029608,885.02
4212,4836,4617.701995247928,4523.37
4213,645,540.5610537783423,644.36
4214,2275,2393.8391010842965,2645.14
4215,2084,3165.5951228283584,3001.02
4216,812,-507.66235288565076,732.34
4217,5884,5713.753606883928,5151.9
4218,7044,7635.908512576965,5802.62
4219,676,1099.6167395765424,780.99
4220,13278,17523.579374914145,14043.14
4221,2346,2128.284199035486,1729.88
4222,5520,5943.915871243893,5306.17
4223,672,590.1231439087696,729.12
4224,9370,8159.746789876936,8628.59
4225,13701,15440.902728478226,14122.85
4226,3216,4400.462149309613,4441.83
4227,5434,6246.64559637364,5756.33
4228,4124,5110.609262609447,4457.71
4229,540,-134.01104261068485,580.66
4230,9821,9966.249787948782,10680.0
4231,1572,2043.6389827761864,1608.26
4232,965,1061.937148957923,906.32
4233,745,769.325096524024,850.23
4234,5249,5841.2094294556755,5228.272666666667
4235,4838,5056.868602069962,4698.33
4236,12607,12090.29795013732,12843.98
4237,3206,3755.3705746349315,3238.5
4238,15824,15176.819744284823,14586.55
4239,8316,9450.345348538978,9039.38
4240,686,777.9788416181482,728.05
4241,8217,9269.429369153182,8554.38
4242,462,-361.6492112345777,504.9
4243,1330,1402.570849533996,1350.56
4244,7614,6727.219656127534,7587.46
4245,732,-33.87934628481253,598.21
4246,10412,9639.339270859182,10373.38
4247,15825,15802.494908450384,15980.79
4248,958,1300.6760093485545,961.55
4249,1424,1982.4861124283416,1611.64
4250,572,928.5149167934346,614.51
4251,6070,6334.773311899343,6305.86
4252,2610,2401.957573718789,2485.32
4253,7001,6578.23969731622,6916.64
4254,1654,1539.9530468905878,1492.15
4255,10165,10945.430031972788,9909.03
4256,928,638.6225088728042,866.5
4257,2216,2772.0907738695673,2224.0
4258,18364,16396.333254942867,15776.93
4259,1069,1453.5045607382008,1031.49
4260,395,-562.0385953600835,396.02
4261,4821,3917.534603530432,3936.08
4262,2459,2704.164030352563,2540.36
4263,960,945.3437007516354,1155.89
4264,13421,11763.71996674296,12837.3
4265,5989,5301.614351077531,4583.54
4266,3743,5047.978766034892,4076.21
4267,6987,8129.121219716796,7066.82
4268,996,-28.92816113524259,846.97
4269,8104,6859.536691282248,8395.615
4270,815,1067.1976674163025,911.14
4271,3122,3383.370691540213,3675.63
4272,6300,5852.868123550055,5839.66
4273,719,365.2614954823953,740.97
4274,5880,5868.386254701258,5725.13
4275,1433,2206.9331989000393,1265.55
4276,574,-367.21104949474284,562.16
4277,828,590.0147592855446,778.29
4278,720,-1425.0942207376374,678.15
4279,746,405.5610390923184,646.79
4280,2791,3129.266972067281,3177.22
4281,6086,8627.801760881852,8387.126666666667
4282,7418,8874.897407024975,7616.85
4283,5953,6781.589759301977,6142.99
4284,726,1061.3288434217461,755.98
4285,432,-829.8202897396022,504.88
4286,15649,11051.348077175935,13859.61
4287,15959,11687.593460133248,14789.22
4288,798,-275.13082818445037,794.605
4289,811,920.4800166327377,779.59
4290,552,42.077201010787576,610.35
4291,7780,9807.490300957852,8539.42
4292,2869,3848.0220617383875,2643.78
4293,5125,5759.648291201829,5588.21
4294,4078,3973.027846442595,3761.85
4295,526,153.09983988671502,537.07
4296,686,1099.6214498971467,826.58
4297,1013,1080.6066518581192,799.63
4298,8416,8232.598249221006,8299.89
4299,4620,5954.962122061112,5122.1775
4300,911,759.547044998747,834.39
4301,4611,4381.177782055892,4432.35
4302,971,1254.7849079413818,918.44
4303,1400,2217.5147019148612,1292.64
4304,2821,3182.1864853155603,2645.46
4305,4590,5510.778234774192,5267.75
4306,18028,16742.408960491317,15639.88
4307,3992,4084.5816944396233,3832.47
4308,1289,1357.3776196491244,1420.34
4309,505,-825.2350674453774,595.67
4310,583,450.90065277036047,600.35
4311,761,922.8799478754981,903.25
4312,4864,5367.314099095476,4598.43
4313,5710,5819.711133226835,5286.18
4314,906,699.1805198805032,813.32
4315,9003,8539.09608566447,9985.35
4316,2095,3062.539295673233,2186.13
4317,2996,4169.081411639598,3490.1
4318,1031,1668.2716053131935,947.77
4319,792,805.5649407819737,795.42
4320,1699,1437.845532081909,1949.94
4321,2238,2053.5568589073064,2310.36
4322,1328,1532.1375383978725,1455.47
4323,4633,4771.504508418952,4368.65
4324,1010,1440.6565230798074,860.86
4325,773,902.5138280529782,875.25
4326,3435,3988.4959885490616,3492.18
4327,5579,5695.6521959772,5319.2
4328,571,242.41046650758653,573.96
4329,9295,10252.941041523081,9773.7
4330,736,904.7332511222849,717.45
4331,12493,12103.553067314373,13246.05
4332,4234,4574.735182288928,3785.8
4333,14735,14624.374245852507,15183.93
4334,17955,16888.363208211747,16490.81
4335,11220,10461.927016592199,10008.41
4336,4801,5321.714486030415,4895.41
4337,4304,4840.199252439215,4082.94
4338,2131,1887.3807047152964,2159.2
4339,1340,793.092661012603,1284.34
4340,4739,5321.120448799846,4612.95
4341,5190,5446.674606385977,5084.84
4342,675,44.24385648764746,648.12
4343,1970,2282.985754945276,1727.74
4344,589,12.4363407545452,606.83
4345,765,482.1650199034075,766.03
4346,1861,872.2951146520218,1940.54
4347,14687,13355.966565355398,13080.12
4348,544,905.9251013952403,583.34
4349,3994,4453.948481272688,3776.5
4350,825,1094.3409176089017,805.1
4351,7692,6646.198065224437,7101.97
4352,12098,11445.052994258966,11573.23
4353,647,-519.4737363483291,566.92
4354,1410,641.223833196183,1405.09
4355,2368,3449.9506241315553,2616.25
4356,1264,1954.8611197955433,1219.99
4357,14402,13254.199250594802,11978.54
4358,1258,1391.0070306222924,1426.33
4359,5543,5857.351277178591,5005.2
4360,16427,17109.20625919479,16264.8
4361,2507,3463.0639335807073,2842.79
4362,1408,1729.7512609722276,1678.04
4363,1221,2033.354358745442,1181.9
4364,848,1121.3623828133323,757.49
4365,4928,4665.544581604902,4590.47
4366,2274,2680.3393478619614,2319.22
4367,811,1006.5905633982929,956.24
4368,8489,8522.72370705234,9365.21
4369,3175,3461.820924460817,3481.92
4370,6871,6250.1085567702485,6537.65
4371,4121,4615.160515382474,4575.58
4372,460,-1115.8052887435206,526.85
4373,1145,1633.213793015474,1079.8
4374,789,1125.8871121218735,823.53
4375,4328,5947.201311479643,4730.0
4376,644,220.45244991755044,599.49
4377,579,380.7895225846387,637.57
4378,732,190.18455991335577,693.81
4379,4608,5294.729578468582,4865.06
4380,10214,9494.406758364683,9405.01
4381,499,199.70236425836993,490.94
4382,1786,2277.905573755659,1747.82
4383,5194,5963.032070503859,5091.880833333333
4384,8795,8272.636490280955,8904.62
4385,819,1217.6688591447992,849.54
4386,477,-500.16985899280826,505.74
4387,1911,2628.748001767551,1965.22
4388,12489,10851.938420880637,12628.93
4389,4580,5038.904491367942,4512.08
4390,1902,3050.320800328131,2181.54
4391,4004,4724.304374857609,4026.85
4392,809,1030.2607991827763,749.8033333333334
4393,810,1026.0981275040358,869.13
4394,2251,2641.8800083928963,2319.37
4395,625,627.6110977562048,666.23
4396,2573,3534.5922016643317,2833.56
4397,645,786.2807434887391,705.33
4398,1838,2100.9037557169954,1762.01
4399,1040,1376.9658117629256,956.37
4400,677,1120.5937088245405,792.88
4401,3450,4853.770262049527,3511.08
4402,8271,9414.742184575607,9808.66
4403,6776,6931.407586866436,6435.71
4404,1121,1448.1058364486098,976.04
4405,1899,1645.2906187221906,2114.46
4406,3710,4373.551660774946,3778.32
4407,2762,2767.4856953681206,2656.04
4408,6703,7319.6605045302995,6675.96
4409,14790,10845.174153940126,14429.75
4410,470,855.8977082143092,485.71
4411,729,-352.52008979573293,865.38
4412,6786,6194.1348066385945,6066.98
4413,4728,4990.713162263441,4558.84
4414,2506,2404.189293427952,1373.18
4415,5280,6477.70524498368,5609.6
4416,7290,6472.040430811189,6584.54
4417,4384,4977.840293123641,4922.34
4418,645,474.8025669211265,636.56
4419,3780,3969.75952959631,3409.58
4420,1914,2628.374951023216,1897.85
4421,852,1195.438969293924,879.18
4422,1050,1578.0201360967517,1024.5
4423,11764,13572.9078689148,13883.39
4424,10317,8840.66274935902,10574.56
4425,884,596.3448725319822,986.09
4426,10316,7973.410362990991,9049.59
4427,3750,4146.90331414336,3755.75
4428,6052,6464.1293038873,5863.96
4429,2202,2189.208981900132,2334.23
4430,1914,1595.148756120111,2005.53
4431,3516,3690.703885616327,3297.1
4432,17365,17854.106413442896,16972.34
4433,17078,14301.568591986992,15754.41
4434,4386,5005.162430304803,4294.15
4435,12747,15260.632614141805,15613.97
4436,1060,1690.0388812648794,994.14
4437,7091,6750.337422379627,7523.23
4438,4325,4025.156020431463,4037.43
4439,14900,14195.678194815386,14212.51
4440,593,-238.05403058581123,530.5
4441,666,723.7117224671224,704.75
4442,4816,4461.347084244568,3767.78
4443,8969,9299.47071369582,8521.649
4444,1754,2495.244399506025,1703.26
4445,1168,1909.4819569579658,1169.77
4446,593,-392.51562266855035,578.73
4447,772,502.70770578151223,725.11
4448,559,1057.204951469499,553.01
4449,4649,4481.179150646416,4373.77
4450,2266,2738.658043325714,2497.89
4451,1153,1563.9811933250285,1073.6
4452,1729,2411.9877674876607,1807.88
4453,626,305.112639490073,595.08
4454,854,704.7483400749356,746.47
4455,765,248.81462105187347,684.23
4456,733,826.194386326536,780.77
4457,926,555.418240247066,914.07
4458,6194,5958.719361954217,6072.48
4459,725,445.05163236590124,741.3666666666666
4460,863,1393.4685236964037,849.03
4461,791,194.67472905330715,768.93
4462,4798,5553.528687222417,5297.51
4463,707,988.9815296139373,634.59
4464,842,1086.523574878589,897.51
4465,420,692.9373449784298,453.9
4466,3006,3534.8991697384477,3545.02
4467,1582,2277.4506828331405,1317.78
4468,6644,6506.37550213474,6178.46
4469,1625,2167.619415817757,1851.88
4470,13178,9297.49540358472,11333.58
4471,830,-530.1210853302418,731.8
4472,3696,5001.006989841805,4443.88
4473,1008,1506.1380032785773,1042.92
4474,706,703.4996848709661,724.78
4475,12829,13941.103754757505,15693.83
4476,1847,2346.2418503987956,1791.69
4477,9295,8953.134158277675,8133.5
4478,1656,2044.6203439213186,1666.22
4479,2122,1422.9261878159841,2228.54
4480,1307,880.7268496044562,1195.91
4481,9468,9388.327125512176,8809.53
4482,3084,3704.6110380920964,3489.79
4483,373,262.10062772337915,416.38
4484,2800,3538.798391886322,2593.03
4485,1250,1210.413282173241,1331.95
4486,2381,2817.6996514378725,2324.07
4487,1882,2308.219833133422,1845.78
4488,645,696.2920818241182,719.19
4489,17938,14345.262881597662,16177.41
4490,1605,1984.8733184636685,1672.19
4491,540,-1290.7536073939254,549.41
4492,1024,1288.8806172706418,1013.97
4493,552,-60.71251333670989,584.87
4494,3584,4337.742445573765,4163.19
4495,15584,10909.76926994596,14642.6
4496,11531,10775.02749568384,12057.66
4497,2355,3169.658782095583,2304.85
4498,596,384.81648011028665,587.1
4499,7314,9138.629451506491,8182.59
4500,1787,2177.3605156007743,1634.31
4501,800,1004.4542608934589,788.08
4502,4639,5055.844551851938,4352.09
4503,1929,2616.1479160254107,1993.22
4504,6425,6269.84261131102,6710.88
4505,802,547.385979500491,752.9283333333333
4506,15939,14513.141321435034,16130.66
4507,5673,6643.150278902787,5820.33
4508,10962,10133.068992596016,9837.21
4509,2858,3480.8137989035117,2960.7
4510,616,-869.3964971403138,661.05
4511,854,572.6576755421411,849.73
4512,5382,6189.435458107791,5809.36
4513,2469,3602.100591430073,2861.35
4514,802,523.1689387716369,798.11
4515,9727,9405.234174799254,9834.99
4516,1680,2408.7108726222395,1855.35
4517,7885,6692.301791457279,7205.11
4518,4779,5928.205563609001,5806.73
4519,4798,4810.708333271636,4327.57
4520,756,332.99548219480675,695.62
4521,1834,2678.5273070617955,2063.31
4522,1363,718.1979014691779,1805.7
4523,2586,3601.8801852973447,2808.08
4524,1746,1996.2759149948156,1696.19
4525,1338,1432.1059847318747,1470.63
4526,8915,8606.879372173426,7966.54
4527,4902,5239.35785078271,4416.63
4528,7494,9604.427777274672,8080.27
4529,4707,5777.099152435103,4759.09
4530,1047,285.1885737557395,849.06
4531,1792,1781.1861485871768,1631.96
4532,3710,4011.291959328557,3232.25
4533,13316,10758.506909774416,10910.89
4534,597,-357.31719118581805,683.92
4535,3848,4049.1682200709142,3759.17
4536,2399,2277.8266877533256,2496.79
4537,1842,2583.8719396178017,1748.42
4538,629,268.4920811351785,743.8
4539,3142,3266.140585327695,4108.375
4540,4118,3865.3828725480416,4019.39
4541,483,212.6622958536309,436.92
4542,891,804.6049800361839,1007.95
4543,844,407.19385818746196,831.18
4544,5864,5992.539572334401,5884.9225
4545,2307,2584.3483424704777,2292.365
4546,1847,2358.2682536746934,1745.19
4547,6803,6654.645721868968,6652.68
4548,4854,6131.04696075855,5306.2
4549,1786,1833.57053225659,1690.29
4550,720,376.08434224625944,636.29
4551,447,-296.42786914103544,389.55
4552,577,341.6792635231059,514.99
4553,666,574.9683802383151,803.09
4554,5780,5898.155936792997,5327.82
4555,3271,3522.640945962979,3600.93
4556,523,-26.12515159445411,578.61
4557,1077,193.5976774290284,1133.47
4558,732,22.033434160364777,674.4
4559,876,-291.1340319474393,791.79
4560,2114,1923.510147244489,2361.27
4561,1101,278.91408262206005,1098.2861666666668
4562,1218,2179.973188319334,1227.9
4563,1795,838.564797144234,1992.2
4564,3780,4731.472229277499,3906.95
4565,8518,9299.973433593219,6949.59
4566,772,309.78380754882346,690.02
4567,1050,1291.737963924228,1008.33
4568,12787,8622.246017361327,11010.85
4569,1604,2152.846008429873,1700.63
4570,5169,6269.476251164061,5910.155
4571,758,938.4534263551905,740.8
4572,684,413.7402922920555,683.54
4573,2098,2723.218477830515,2195.84
4574,565,1085.7662818416343,700.0
4575,1982,2593.747409720463,1947.17
4576,7885,6705.960448466082,8053.400500000001
4577,3950,4685.60510509507,4316.72
4578,1431,2135.430878758007,1382.6
4579,878,876.9274244752046,768.32
4580,17422,14531.146976036021,14949.78
4581,8983,8504.470865051415,9461.9
4582,1332,629.190383214067,1245.26
4583,1013,963.7479092110325,946.74
4584,942,872.9831807299979,866.0
4585,17515,11556.940433821368,13921.15
4586,8528,7523.053177168639,7979.38
4587,1867,2581.459233150074,1744.69
4588,16941,14600.858452981453,16099.97
4589,776,459.6190166959723,749.54
4590,8873,9502.674847795526,8706.07
4591,13942,11440.747676467032,12728.79
4592,1153,1120.2310271848196,1295.38
4593,2187,1806.756374469906,2273.58
4594,741,1341.3734367258799,916.75
4595,612,-626.0567315846511,569.51
4596,8079,8370.727912796083,9157.05
4597,11596,10813.12095173441,11209.98
4598,3268,3678.6653852734266,2965.57
4599,2885,4384.0263297600395,3914.22
4600,7495,7449.291893968549,7784.22
4601,694,885.8038706117668,694.05
4602,6989,6223.420007932455,6040.226666666667
4603,698,199.58015703508045,629.26
4604,15076,14195.128969731251,13066.8
4605,9513,9297.752335846315,8466.83
4606,9471,9836.377807294262,8851.16
4607,828,611.3555691297934,759.51
4608,17898,15286.630650396937,14601.3
4609,10913,16049.255823174457,15120.39
4610,18535,14461.22035719824,16279.23
4611,1912,1545.5024271956709,2088.58
4612,6368,7187.23957007868,6705.83
4613,16793,11337.302193576612,14021.4
4614,931,1042.3654610295594,847.65
4615,10957,11227.838500676418,10982.11
4616,418,286.67182205966947,422.3
4617,625,497.5290506457777,653.74
4618,4386,4335.215885273174,3951.5
4619,2394,1128.7475577718633,2085.44
4620,4543,7200.9941782061305,5671.593333333332
4621,1421,1306.6901899852714,1385.28
4622,2198,1329.8716332609324,2136.38
4623,5816,6486.74278164855,5765.33
4624,6342,9401.273715254956,8637.17
4625,1947,2193.3715892678156,1792.25
4626,871,1494.4223456065674,924.1733333333334
4627,9361,8309.665243685264,8647.02
4628,7445,7691.137748975984,7037.41
4629,10833,11931.311519162988,11780.39
4630,4652,4497.3626059311355,4649.39
4631,2048,2605.682102483356,2370.91
4632,1299,377.60677307751666,1006.51
4633,6159,6407.282599899993,5634.32
4634,789,735.8284514360785,771.83
4635,2869,2763.2649859926546,4193.95
4636,3681,4380.56408948306,3850.2
4637,3353,4072.157289092136,3299.3
4638,966,1508.9720632880762,892.77
4639,1882,2452.839163965775,1699.45
4640,1439,2348.594767653778,1391.79
4641,680,560.7186622837226,722.64
4642,876,1344.2322639869344,884.46
4643,3998,4015.8026528494734,4004.01
4644,596,-506.7013805090919,685.56
4645,1179,1931.9050464654038,1185.29
4646,5327,7199.102031486246,6831.29
4647,6019,6684.956085736381,5779.13
4648,2381,3902.852776341782,2874.55
4649,14857,14727.699855215118,16292.99
4650,984,844.9934651517988,924.25
4651,2825,3615.4779732190455,2721.05
4652,2201,2515.206526826084,2335.47
4653,1629,2063.6798817424124,1668.09
4654,11180,10090.3594931513,10743.78
4655,5002,5803.494451444718,4982.8
4656,525,368.6497021138398,614.01
4657,15897,14931.510937609573,16287.88
4658,7393,5888.184036714737,5031.65
4659,1450,2052.2297433616177,1510.48
4660,961,1294.5688590451064,974.94
4661,4267,4441.9927901702595,4466.47
4662,3452,3224.8912376844096,3766.81
4663,11206,10362.781494582609,11088.52
4664,565,262.2055360520062,580.07
4665,932,1411.0707798353978,974.89
4666,11116,7451.590913698311,11097.05
4667,4849,5412.701870235997,5018.213166666666
4668,1052,124.77151835799486,1140.57
4669,4413,4510.069434045836,4299.58
4670,828,574.9848778179703,808.48
4671,1340,1850.0198406407253,1564.67
4672,6209,7349.293860576872,6804.96
4673,825,1025.7482604082334,804.18
4674,1676,1791.8564518919493,1519.85
4675,1017,732.8021587310946,925.22
4676,7496,7892.523134187317,7140.503333333332
4677,544,211.4493859990016,601.84
4678,446,-736.2690195155501,644.46
4679,874,1364.314687233189,966.93
4680,4401,4462.8156003919585,3968.92
4681,766,1314.1532029025016,855.14
4682,1129,1782.6517365912314,987.92
4683,5914,8510.630531877128,8249.02
4684,4092,6167.755328861684,5199.45
4685,16768,14811.797054151883,15869.56
4686,947,813.507747314623,887.71
4687,15801,11621.503399607951,15306.68
4688,5353,5532.427043832219,5166.57
4689,1777,2392.2530234274227,1805.17
4690,945,482.8342959793972,907.51
4691,972,837.1614667275371,860.35
4692,4274,4842.9314486980165,4365.71
4693,729,61.634228231394445,726.84
4694,544,-260.1980967773634,568.55
4695,1709,2235.833264149647,1857.75
4696,11033,10705.55703720944,10825.94
4697,1238,1294.1103891279317,1085.05
4698,1915,2669.829135905944,2477.45
4699,9266,11615.73622765236,10147.6
4700,403,-2027.316918353884,489.54
4701,730,954.5849106488936,716.13
4702,547,-1504.5415545125925,615.26
4703,3541,3679.3610545280403,2376.665
4704,965,1204.5471966461023,831.96
4705,6065,6546.4543138133895,5472.38
4706,1020,399.1704391357698,873.88
4707,8852,9129.309076881207,8983.945
4708,1358,2171.392355758082,1362.72
4709,1154,756.5974251842499,1360.43
4710,16357,15053.02282492117,15927.94
4711,17837,15353.579391763635,17008.25
4712,2083,1843.9532417518635,2404.71
4713,506,-1440.311716077842,503.87
4714,589,230.78166841316033,682.76
4715,1017,1165.8430372014263,1071.74
4716,3604,4338.061832853075,3659.22
4717,1024,1211.7958197048765,1016.02
4718,3959,4610.216592448723,4216.78
4719,1993,2525.8204451832753,1446.41
4720,4668,5761.230795275382,5378.47
4721,4078,4122.633135724608,4151.0
4722,631,861.2943318473999,776.08
4723,2793,3470.796305766903,2993.13
4724,2447,2961.864077306287,2519.76
4725,8575,8162.626792407687,7366.48
4726,863,1410.854417021049,862.69
4727,500,-390.3498118638381,495.38
4728,566,75.59679359849224,592.68
4729,7802,8751.087587869497,14283.97
4730,5646,5721.448782485948,5346.58
4731,890,1742.2866410522656,1059.98
4732,482,-744.4860434386983,482.54
4733,8470,6840.564443400259,8480.39
4734,5218,5723.210814121327,4859.45
4735,5103,7236.173533946897,6517.06
4736,882,320.40185678816397,844.3
4737,18299,16295.685869687388,17344.02
4738,2836,3448.9159918817886,2613.04
4739,3542,3164.4344888086052,6043.31
4740,575,838.0606133827582,565.0
4741,11837,7710.31837461765,10723.15
4742,904,420.0806568896287,831.33
4743,1400,1149.611438851498,1526.25
4744,6754,7462.570136758461,6559.34
4745,1122,17.838972058451873,1265.38
4746,10412,13200.776330609633,12849.97
4747,1625,2146.5841233277615,1685.18
4748,1323,2133.91721419781,1183.37
4749,485,639.8060104638594,512.29
4750,500,-398.58578279503126,543.18
4751,4596,5079.322787092091,4999.92
4752,402,-53.546133577990076,422.63
4753,7056,6594.40952063503,7457.13
4754,1367,1344.7432280778553,1328.26
4755,15318,11870.845581898724,13971.6
4756,610,626.9570179691673,684.48
4757,537,110.02069705154008,591.7
4758,9030,9601.98591287784,8414.56
4759,1837,2675.691241466937,1894.1
4760,5141,5212.516039554613,4909.63
4761,1402,1464.5529500334487,1490.27
4762,7413,7624.203940640207,7453.8
4763,2453,2598.596079631106,2755.69
4764,3845,3735.0210038338837,3684.71
4765,658,532.7079039211176,698.15
4766,852,1236.4857981079685,865.76
4767,12341,14685.80631560094,16526.326666666668
4768,6025,6856.721503922616,6470.25
4769,11105,10343.027166201859,10596.4
4770,8442,8119.084445664302,7796.83
4771,17250,14890.680229422915,16313.18
4772,1156,574.5152859341256,1216.86
4773,8193,9133.658748686117,8586.79
4774,689,-51.218995740580795,679.368
4775,4279,3823.953950543972,3624.11
4776,2649,2897.1484115624794,2738.77
4777,4767,5171.169572709209,4716.95
4778,936,1112.034284761879,875.4
4779,591,-821.1275167459517,612.05
4780,12654,11201.3197998695,13273.68
4781,5494,6582.10157008282,5818.92
4782,1428,1934.3280612108365,1618.59
4783,2042,2713.4114677783655,2433.78
4784,2459,2765.659068011039,2849.54
4785,900,656.7325983952896,882.07
4786,734,811.9501061778847,766.04
4787,674,-427.1705003377165,684.05
4788,3649,4508.818649809007,3516.54
4789,4737,5081.704627938036,4554.72
4790,445,178.41315763462853,529.23
4791,7639,7264.50067293277,7749.69
4792,1007,1786.40640483764,1042.87
4793,14372,10868.773438216158,13753.16
4794,8341,7018.935783454172,7254.66
4795,1220,845.3079844025933,1197.81
4796,4022,5635.7414140701085,7825.51
4797,2026,2096.3556182183565,2231.5
4798,7515,8809.380735626451,8196.8
4799,10100,8542.972724368592,9123.87
4800,6352,6259.257518971288,5407.08
4801,1582,2230.9079262845326,1309.29
4802,6752,6391.248828997439,6322.53
4803,561,280.08298295571876,625.99
4804,942,381.52559910905165,815.0
4805,13135,10763.724378197247,13296.646666666667
4806,6199,6118.165798467495,5569.75
4807,940,989.0875890182215,831.91
4808,1649,1927.1299727268615,1608.12
4809,477,-838.6496729009914,586.56
4810,1356,2005.4211311563358,1312.74
4811,407,-1128.5154785985324,480.5516666666666
4812,1662,2153.4389449898736,1701.57
4813,6096,6497.7057306817405,6265.68
4814,1621,1872.8180379267028,1648.27
4815,1000,1367.8451759859245,975.08
4816,6604,6442.687695589944,6625.3
4817,2032,2027.091406252304,2162.79
4818,1135,333.7531553593608,1211.36
4819,1207,1870.280249120723,1260.89
4820,2002,1023.5380518879356,2081.62
4821,921,1682.3722931519642,1012.09
4822,938,782.8177078269018,881.63
4823,1637,1546.8313359572212,1570.83
4824,865,1444.7105750270866,892.72
4825,4602,4540.548287826559,4407.96
4826,583,-1245.7502100382399,602.93
4827,8975,9923.678849709944,8047.5
4828,1848,1735.5088333700492,1647.21
4829,6808,7030.927360630773,6463.42
4830,648,-98.41437025332016,634.97
4831,12271,13899.948978266717,14694.3
4832,684,646.3397798324027,712.03
4833,14177,12901.3614762306,12997.24
4834,4436,5007.9225102515275,4317.22
4835,6854,10852.44340042456,12076.62
4836,4472,6547.887043223479,5770.0
4837,730,1146.9387780713519,784.12
4838,645,649.2823339141669,693.265
4839,2068,2292.827103043973,2123.96
4840,470,457.931404783767,514.99
4841,14137,12414.070995830689,12476.49
4842,1607,1643.709104996713,1610.42
4843,1912,2331.0437333396785,1778.11
4844,6077,6699.758404150036,6122.1
4845,633,-168.09849155861139,787.35
4846,15773,13495.437670321406,14165.4
4847,574,-936.5448831846161,515.96
4848,7607,6180.755438316181,6290.64
4849,3713,4417.311762980335,3663.49
4850,900,1240.7119014225373,848.16
4851,351,-2518.327276260993,429.09
4852,2193,2739.6912587056113,2452.03
4853,4836,5005.4851811391,4898.5
4854,1274,1084.5848306793973,1294.335
4855,6922,6348.949067029569,6086.34
4856,526,50.262256363701454,587.55
4857,3406,4136.380655714895,2956.54
4858,911,880.7391369609068,829.8799999999999
4859,1402,1412.8060765450236,1662.01
4860,1814,2411.970539082291,1824.13
4861,444,-3692.5790578484466,796.3
4862,802,217.73090636069128,686.5
4863,4321,4640.336509202227,4239.04
4864,743,268.7988043412852,703.53
4865,5817,6034.727929944769,6134.74
4866,5149,5553.668395023038,5220.97
4867,1153,1561.4187966758655,1097.7
4868,4777,4678.253769787709,4397.52
4869,610,-774.8083529890346,599.69
4870,473,-880.5322191592986,613.53
4871,596,591.7598264266408,692.51
4872,1188,1741.2087379177765,1198.37
4873,2137,1990.7200011925038,2289.69
4874,1154,1450.2894197902178,1158.51
4875,8750,6754.537382809829,8100.36
4876,16174,16626.478136714402,16582.35
4877,1809,1114.7867532876044,2075.51
4878,1611,2037.211996317863,1614.36
4879,9660,8733.229835537812,9347.13
4880,449,514.1131290872268,471.83
4881,1806,2308.1562587242342,1816.8
4882,6415,6686.18237118893,6493.09
4883,17773,11748.904458058947,13653.82
4884,2784,3705.51965043014,3025.9
4885,4068,4704.232569789181,4236.41
4886,7279,7627.427478540839,6956.86
4887,9343,9185.253709250295,9057.88
4888,646,1076.0634515720517,740.44
4889,717,731.6401893049838,744.14
4890,9301,9667.610716400119,9013.87
4891,2960,3932.7860543721063,3109.32
4892,2808,3660.2816352905265,2519.32
4893,2471,2312.9498438854685,2276.0
4894,1069,1291.433979036669,1063.87
4895,5483,5013.03090767936,4720.72
4896,810,-577.2626822703187,678.7
4897,9634,7993.686888333834,10004.22
4898,1046,1301.994315823375,872.42
4899,1153,1534.6711096716763,1115.3
4900,13132,13264.152714100428,13248.0
4901,1336,1289.1879405790746,1342.15
4902,921,1638.6952248904572,1004.0
4903,462,-781.032811532099,495.06
4904,1080,1197.6193575132702,870.3
4905,7147,7216.943228618476,7173.99
4906,1634,1790.0542570837379,1648.02
4907,756,272.2932370807066,666.86
4908,1031,1659.8598721866456,1058.63
4909,4766,4766.6093563221075,4616.65
4910,405,-1394.8779203137965,407.8
4911,11255,13006.062030060379,14392.48
4912,2862,3692.451366478747,2955.51
4913,1689,2072.163824762137,1770.87
4914,984,805.7150787419878,843.09
4915,10618,9941.93959926374,10532.54
4916,1436,1035.9802548421148,2005.11
4917,5232,5384.0032758084035,4950.42
4918,3282,2932.5688073503807,3319.69
4919,10085,11570.12130881579,11721.27
4920,935,1357.3103660402558,955.22
4921,854,815.8664532505991,833.4
4922,2106,2156.563956085857,1715.21
4923,1927,2803.6725839430105,1941.9
4924,5570,6342.884713592326,5360.52
4925,15684,14612.827470223781,15390.52
4926,363,-2273.77299327286,405.57
4927,605,207.875563246404,659.18
4928,953,356.14484791539326,1054.33
4929,687,345.72641023490223,712.87
4930,655,555.839813425689,696.97
4931,468,-1201.5697671998032,549.14
4932,1791,2846.810399152503,2059.8
4933,2862,3796.493064814655,3146.6
4934,2398,2273.780576846113,2388.61
4935,642,711.5731122665975,730.63
4936,506,-1389.0497575821137,483.73
4937,7964,6474.538028550643,7155.045
4938,5200,5036.35531702176,4943.01
4939,6050,6172.875238309936,6169.76
4940,5292,5737.861299796702,5203.57
4941,1071,646.7923540270604,1246.34
4942,1370,1370.2968993802901,1357.93
4943,1819,2383.1808780935685,1877.86
4944,1264,661.5878542186024,1207.96
4945,2115,2852.909071813541,2059.62
4946,2164,1486.530281069805,2257.05
4947,749,1376.8551918596258,811.39
4948,2464,1941.8730711249354,2301.33
4949,4724,4764.030136256518,4626.24
4950,3234,4034.402670111943,3228.04
4951,1956,2417.1097343649585,1899.56
4952,8485,8041.963365965641,8773.86
4953,689,-112.18987553839906,576.23
4954,1053,1528.6322465852882,1081.67
4955,2357,2879.0689952477173,2090.09
4956,4138,4765.2990590711925,3906.8
4957,9921,8883.832837701224,10544.3
4958,831,1259.8924540045018,848.87
4959,487,282.37127663892534,503.52
4960,17237,14523.763329854026,16043.45
4961,15178,11232.308193383262,14939.54
4962,10483,11873.164916939848,10939.81
4963,730,746.5018540424217,773.98
4964,1755,1763.9539069583307,1631.12
4965,18108,16491.510702442523,16016.29
4966,12872,10603.909763352061,12577.86
4967,2300,2373.677938103239,2312.79
4968,2066,2705.099540692391,1947.58
4969,628,544.6658359360335,665.09
4970,878,966.3354662426905,798.13
4971,5670,6208.024755179169,5876.66
4972,3881,4554.900674147324,4415.49
4973,2160,2886.414024627669,2243.04
4974,1017,1266.9412829671446,1075.01
4975,958,1445.6743296445475,974.4
4976,1940,2483.48819966454,1807.21
4977,2406,3307.5444874287664,2240.08
4978,1588,2067.1436378841245,1665.96
4979,710,689.8446323641956,735.57
4980,1238,2257.0351582866265,1175.82
4981,4559,4682.7608456496655,4415.69
4982,3577,2945.9813244231586,2889.65
4983,872,532.2735886954424,843.27
4984,4312,5215.675873993407,5571.67
4985,1345,1535.345761704732,1529.1
4986,1825,2433.4349977323113,1908.27
4987,15370,7548.70718793606,11221.48
4988,3874,3723.2523592308944,3881.31
4989,10947,10172.10523430636,10675.41
4990,10065,7809.84717818954,10570.94
4991,14634,14703.279836950014,16130.56
4992,473,-520.5965669526295,516.56
4993,828,1101.878654691121,687.65
4994,1314,1067.3169927643698,1425.57
4995,1960,1614.5541292861035,2129.37
4996,11435,10302.73589393663,11305.22
4997,1007,1519.9212479603666,945.88
4998,2622,3587.7976843025886,2845.3
4999,10206,9248.899225657542,8395.11
5000,1836,2192.661803122682,1849.61
5001,5445,5664.382397399801,5364.07
5002,984,1590.633425285771,990.53
5003,9074,7897.7508236715275,8393.34
5004,12315,7434.135556562886,10356.63
5005,5237,6218.294242303307,6113.22
5006,7779,6719.488074580596,7714.36
5007,1094,1302.676761783181,930.9
5008,1330,2169.3288384738808,1244.52
5009,4307,4753.331066574902,4655.9
5010,1009,1478.5503686549405,734.36
5011,749,163.7219816956749,772.34
5012,2172,2388.345722679608,1971.23
5013,15585,11197.93816832199,15260.72
5014,1430,1927.586244773628,1381.55
5015,4325,4250.454582879715,4484.81
5016,707,1092.83901967491,701.02
5017,614,575.022497984532,642.69
5018,1013,990.474180620231,855.03
5019,960,1776.75495304289,1029.2
5020,1784,2623.567790992562,1905.01
5021,5055,5429.1067449203565,4891.34
5022,9138,7382.795512476202,9470.76
5023,1365,1369.120887391019,1473.73
5024,912,1301.9406841177934,958.51
5025,6462,6199.324785873605,6598.32
5026,1813,2321.831152557657,1752.47
5027,770,216.00566894039048,757.93
5028,5510,6162.720372928083,5319.94
5029,3342,3647.8452257994063,3433.05
5030,631,395.78498466220026,694.68
5031,17485,12801.245165796407,12666.63
5032,523,-1312.9340378619945,492.71
5033,4724,5610.03407157476,5025.77
5034,1778,2475.6724351903113,1802.37
5035,692,1094.2104735444827,767.65
5036,794,983.2078301672636,853.12
5037,5944,7196.715733950913,6063.5
5038,1922,1929.4188114536087,2081.021666666667
5039,3089,2943.145735525889,2946.99
5040,9279,8892.460513254086,8697.18
5041,6019,6644.707646035894,6202.27
5042,4185,4410.959327597565,4603.139166666666
5043,408,-1363.4670560071627,472.61
5044,1569,1578.0080862614059,1404.52
5045,1663,678.2868050519119,1818.77
5046,944,1679.1284459368112,992.78
5047,461,-87.20608814897605,493.33
5048,8770,9451.793314275355,9058.145
5049,1987,2289.1618959914385,1840.97
5050,6209,6215.10442313908,6242.37
5051,4638,3946.1951039643973,4076.8
5052,6626,6276.59584317712,6474.65
5053,10311,9726.935070928323,11729.52
5054,13155,11109.57776101717,12840.19
5055,461,-760.4392845307912,521.39
5056,552,-107.1779807017947,626.37
5057,1076,1753.374156993596,1068.84
5058,965,73.26425232880092,1114.55
5059,8076,9335.518578422187,9576.88
5060,5534,6354.406054878069,6009.3
5061,12304,11070.621536624854,12256.39
5062,1415,1217.106897177814,1405.21
5063,6181,6296.974579074666,6179.76
5064,463,-876.94473701281,508.3
5065,6854,6442.200196720372,6597.53
5066,17433,14576.695770339042,16577.256666666668
5067,2900,4240.602855207283,2894.22
5068,1010,1327.150776879043,901.87
5069,9610,11948.412645352928,12437.49
5070,11161,12241.070311531787,13829.32
5071,1176,577.3447741776217,1173.38
5072,4129,4047.7324723749134,3996.76
5073,3983,4692.042763540163,4643.62
5074,800,981.3174051209871,765.74
5075,5708,6133.834837560287,5386.18
5076,3214,3935.8627074682768,2916.43
5077,1795,2552.6506549862875,1994.8
5078,570,308.7521428606733,659.45
5079,2839,3952.966407337506,3077.66
5080,4144,4600.901085309376,4220.68
5081,1843,2429.0034467926907,1935.55
5082,5100,5565.807364720538,5325.01
5083,5292,4602.575606100066,4742.49
5084,903,430.3878157406316,872.11
5085,654,454.52017709068605,757.94
5086,1021,1484.6078170585042,998.37
5087,2339,3198.20791914774,2436.38
5088,8049,8310.41867316727,7678.33
5089,947,1568.9361574207142,956.285
5090,645,508.47527126724435,678.71
5091,633,-310.81478278990653,646.2
5092,3350,3430.800567337127,3519.93
5093,3962,3872.7690628232112,3603.15
5094,3883,6064.744102655933,4663.74
5095,2293,3330.88757818438,2437.03
5096,3941,4227.46197409315,4046.38
5097,696,875.9260515524802,675.3
5098,434,-1195.4150710165632,484.91
5099,18795,14768.268891054131,15761.275
5100,1709,2378.7022213538444,1706.43
5101,2227,2911.5926013977814,2043.9
5102,1746,1912.3107758869346,1674.84
5103,1359,1560.3614416824248,1519.44
5104,625,474.0932932316964,679.17
5105,2882,3778.3895518243403,2922.58
5106,1437,1757.2361841913953,1450.1
5107,12437,11404.375500523889,12206.08
5108,12401,13814.593727535046,13541.47
5109,847,986.6407194928488,1039.48
5110,4851,5490.167474436233,4900.79
5111,1069,1172.246027347665,1033.99
5112,1000,1693.4682558403929,1053.73
5113,951,1865.205559485103,1097.06
5114,4318,4765.619634106998,4369.03
5115,1170,1310.9652422354793,1429.85
5116,789,1236.2132297429011,845.05
5117,658,431.69887570992887,655.73
5118,3937,4481.821810925601,3447.04
5119,689,-45.874777004514726,715.91
5120,394,-1384.6108657767318,448.63
5121,5192,5815.304111389501,5279.78
5122,7145,9189.306730456985,9057.31
5123,537,-383.5330591623042,599.53
5124,11248,11088.778779147091,11165.51
5125,2617,3131.0737494868736,2703.54
5126,1376,1558.2388427347873,1374.64
5127,698,79.03769456832106,612.97
5128,5202,5615.532619596637,4908.81
5129,5419,6520.862699775686,5728.6
5130,492,-683.0442583365475,559.58
5131,485,779.7506953806924,495.34
5132,1263,2162.3622877860903,1096.63
5133,3669,3915.9130286710138,3748.81
5134,2352,2711.285401797643,2354.44
5135,1331,1830.5756984552168,889.2
5136,1574,1714.2646267501004,1620.73
5137,7292,8099.369317230151,7247.87
5138,1348,1571.7111749872465,1417.23
5139,4585,5269.750591576376,5103.42
5140,7096,6754.762396837439,5920.18
5141,2165,1555.2721328931598,1872.295
5142,1985,2753.488683412867,2013.47
5143,2083,1767.9902272271215,2262.03
5144,2484,3003.9620478017373,2524.29
5145,4959,5312.616449096755,5063.23
5146,547,50.364973388152976,607.015
5147,2093,2728.534903434363,2108.95
5148,2428,2885.4591458955415,2420.62
5149,814,1267.0780483694043,831.86
5150,2600,2789.3737770269445,2766.94
5151,6871,6273.761326365389,6415.34
5152,468,544.9760785083927,417.75
5153,6762,7390.281088476201,6415.13
5154,710,808.132040866356,705.22
5155,2964,2728.3816263588833,3115.33
5156,2164,1377.264926903781,2357.17
5157,2872,3329.5788022604993,2564.22
5158,4136,4781.038729829881,4443.266666666666
5159,4707,5352.363642003785,4758.53
5160,3691,4263.400811242378,3698.77
5161,1318,2359.225917380821,1357.27
5162,1129,1884.5270067777033,1206.38
5163,781,1023.0928930996288,865.94
5164,17278,14819.11891567331,16590.205
5165,944,1536.5900748186118,872.27
5166,12605,11930.272846390711,11328.02
5167,3487,4417.742987336194,3619.09
5168,1289,2279.5335962723398,1279.27
5169,7955,6586.584420354416,6973.41
5170,11840,9090.566926031315,11001.53
5171,11081,8814.877237381348,11230.01
5172,939,1513.074306241776,955.0
5173,1356,1889.964361823554,1314.69
5174,7821,6828.040646482126,7385.59
5175,4387,6125.130455646103,4711.87
5176,11382,7249.018499719809,10602.84
5177,13799,11294.296833561602,13397.98
5178,5232,5638.503569608304,5247.9
5179,12770,12654.740578664952,12228.24
5180,14558,13903.114566557078,15420.54
5181,1081,505.8780360066362,1209.11
5182,6494,6669.157878297908,10603.03
5183,3333,3909.3856536242515,3774.44
5184,1822,2431.181180617538,1696.81
5185,5277,6128.310606624124,5910.76
5186,942,845.4252221685665,846.73
5187,1272,1777.3050755859667,1068.05
5188,844,406.84878259559446,810.98
5189,1043,1793.799579221528,1051.34
5190,10080,8350.03249387417,6961.08
5191,8580,9078.524948401515,8813.41
5192,2071,2589.8278916784043,1866.25
5193,3622,4307.4893132747675,4318.63
5194,4771,4919.384864849314,4542.7
5195,680,687.1573226966166,685.02
5196,2726,3104.858577828116,2581.72
5197,789,952.318644013184,823.1
5198,2207,2129.354655446777,2301.1733333333336
5199,2264,2808.8945270020586,2328.36
5200,6543,8703.75697994306,9068.85
5201,2511,3236.104903288639,2190.635
5202,1035,649.3799101191426,998.35
5203,7351,6641.30866790987,7179.51
5204,3763,3959.139522729052,4115.01
5205,3547,2149.3110158903437,4249.96
5206,5220,5867.766578467574,5005.74
5207,617,893.910933297388,700.09
5208,1070,1999.4526680785116,1058.34
5209,1069,-2039.056835673041,1376.14
5210,574,-947.9056499344615,524.07
5211,1078,377.47207008457826,1020.6
5212,7739,9442.168935912832,8215.58
5213,548,825.2581632882452,550.8
5214,4276,4786.335120487773,5082.51
5215,1002,1146.0652684123243,854.0
5216,838,715.2438468113369,765.6
5217,887,1410.0422507283156,939.99
5218,393,-1502.5298658077973,437.78
5219,2939,3743.1220594981246,3003.08
5220,2332,2723.7011237977295,2455.72
5221,3750,4011.480545346172,3899.39
5222,1976,2485.7514137322473,1917.35
5223,2792,3218.2944027949457,2743.19
5224,7743,8021.902291240081,7626.62
5225,3014,1600.804600164161,3543.22
5226,868,1147.359493002784,1019.2
5227,8112,9348.831134096059,8357.32
5228,486,-957.7450075427005,632.88
5229,6951,6672.162887202442,6547.44
5230,5255,5435.274253322953,5254.05
5231,3607,3117.026032828137,5686.04
5232,3299,3803.544620568992,3164.07
5233,8454,7989.031491099412,8237.84
5234,936,969.774867060119,856.62
5235,803,338.0553125694496,695.66
5236,649,-1167.570880024702,810.4
5237,8486,8205.114176847208,8086.83
5238,1691,624.5715496294806,1691.63
5239,584,358.15229435910715,677.85
5240,11419,10952.377789091523,11551.93
5241,3261,1420.4286702449808,3637.64
5242,705,558.2628660679779,729.79
5243,2394,2921.768591093285,2599.77
5244,2229,2009.3599715550895,2024.54
5245,15802,10121.172574068258,11542.57
5246,388,617.3599702682131,453.8
5247,8257,10485.629031418794,13318.96
5248,3692,4772.458723485215,4450.79
5249,6097,6153.869425698338,6457.04
5250,899,1438.969220844383,1006.96
5251,338,-443.40803851072906,415.85
5252,2211,2658.980365787553,2098.56
5253,9576,9431.515807573798,9004.48
5254,3514,3297.277797981017,3089.16
5255,3374,4011.0509254805133,3264.5
5256,2831,3567.6636248924665,3041.27
5257,5678,7517.755850627275,6807.45
5258,16970,22137.632754044345,16135.31
5259,1046,1144.2311658955532,924.07
5260,984,1287.6514040898742,979.32
5261,1246,843.276561542747,1276.98
5262,983,743.656939745706,953.77
5263,3388,3527.5880041291216,3482.08
5264,2515,3272.5081729636213,2587.44
5265,7119,6612.844732390047,6928.06
5266,1179,1954.219225357133,1190.43
5267,2386,1798.2456801488797,2416.07
5268,1076,1346.451040432753,974.32
5269,1668,2346.3252477421806,1951.76
5270,2867,3578.258538279175,2962.3
5271,8005,6852.511710575249,8006.5
5272,920,1681.1844956889186,908.83
5273,10517,9459.02651425482,8461.23
5274,839,-1024.0460952609556,872.02
5275,4196,4370.806946931959,4086.11
5276,9961,10456.040560178124,10453.13
5277,540,-1242.3914839500121,523.59
5278,11437,11315.712684136593,12028.18
5279,4309,5020.2794094629935,4296.42
5280,731,1247.9285593086029,773.55
5281,544,-219.62837124654106,547.17
5282,823,1318.290797856832,940.06
5283,512,1059.397717087426,621.88
5284,9116,9505.609502171548,8926.92
5285,11935,13993.56618389577,13030.39
5286,7575,6803.722040600883,7373.61
5287,709,124.79138061473168,577.82
5288,957,1797.414271420127,1145.2
5289,1080,214.78619467125282,1120.12
5290,3924,3783.499855581561,3633.15
5291,1808,2415.355959803817,1810.56
5292,554,-1289.4499152411518,552.47
5293,3286,3051.0838209714952,3254.33
5294,1919,2319.6086277738495,2496.76
5295,743,1135.2042015317115,758.05
5296,5617,5985.580278588039,5104.62
5297,2872,3336.016573131786,2707.69
5298,917,1646.4908246224154,977.21
5299,944,1834.5606021012745,1055.59
5300,878,900.1200649365396,845.54
5301,755,633.5063209872906,814.73
5302,1291,2056.3641861789706,1203.76
5303,5936,6824.643918756889,6233.58
5304,7113,7496.196689553252,7587.64
5305,2485,3241.2337921152825,2596.26
5306,8576,8119.3053706977735,8816.5
5307,9479,9599.06119170936,8977.48
5308,5744,6225.503558785455,5513.8025
5309,18559,17318.796279810762,16521.47
5310,12730,10802.143313477995,12952.14
5311,1148,2159.2015296206832,1155.01
5312,5438,5633.613930574091,4658.11
5313,1085,1451.2618337757203,992.05
5314,14623,12333.413638088268,13845.68
5315,1872,2375.5507410919085,1808.64
5316,3282,2957.640979477341,3206.45
5317,2897,3299.7666517336684,2443.72
5318,16992,14503.868076646913,15673.26
5319,16776,14225.420666017135,14873.41
5320,2800,2568.379212807741,3340.79
5321,1094,1521.8638591950794,861.0
5322,984,1548.2917845125762,937.08
5323,3250,3489.3418649572814,3144.18
5324,3797,4180.115461551629,3412.91
5325,1410,1494.032663318957,1512.74
5326,3878,4447.1606822390295,3989.88
5327,837,1257.862817050955,917.16
5328,8287,8472.158388949822,7420.41
5329,904,637.1451955126636,883.3
5330,828,645.5719295084591,804.14
5331,5534,6418.122377254603,5503.03
5332,2080,2999.548252520038,2185.45
5333,1847,2280.1545125034545,1823.94
5334,821,1310.9291792811173,873.5
5335,571,276.71750290541604,614.03
5336,477,-289.56974348318363,477.39
5337,1356,2051.439309982362,1346.63
5338,3808,4328.223006994161,4053.28
5339,4693,4355.16053891422,4025.11
5340,1836,2066.824031970883,1750.11
5341,544,393.8493561768755,597.63
5342,3456,4446.800536674935,3759.43
5343,2966,3539.7954157388294,2663.98
5344,1087,1106.978730868348,1056.92
5345,594,-674.1154352284466,604.94
5346,544,13.81874422616238,574.89
5347,10567,6844.023706867697,8722.37
5348,686,664.5859500563165,751.4
5349,17909,8171.2157684150425,12270.3
5350,1013,1549.3539025218915,947.45
5351,5278,5471.612105086797,5019.07
5352,1758,2103.0136995462008,1655.19
5353,3669,4351.379768706569,3802.87
5354,1316,1533.4470561768803,1368.27
5355,10534,10508.19946022093,10272.97
5356,2259,1265.3266453304113,2003.55
5357,7523,6864.832798465834,6835.33
5358,7548,7577.734052882704,7823.63
5359,789,861.0240402656591,804.13
5360,9698,8097.757570644596,9413.52
5361,11279,7324.872029288557,10498.81
5362,3145,3798.29851655411,3238.83
5363,1755,2284.9866930630333,1746.15
5364,1097,1062.4355794554167,991.8
5365,3299,3654.3250660080867,2955.63
5366,1387,1419.7316950710956,1345.22
5367,15651,14978.434133302724,16152.34
5368,1133,307.4482224395624,1299.36
5369,11825,14382.923563866787,16045.69
5370,2343,2012.0348738171242,2239.17
5371,4959,5800.183621359953,5202.19
5372,2404,3110.031918281207,2574.94
5373,828,623.95778046743,729.545
5374,8736,10280.063015902211,8169.56
5375,4796,4927.399146998082,4787.75
5376,2559,2888.24487314759,2803.56
5377,3577,4374.898086639138,3979.38
5378,1307,2237.142524453491,1405.67
5379,6781,7711.835322041033,6128.28
5380,8467,9275.460289772098,9121.91
5381,1112,1175.106309957362,874.42
5382,922,-427.9324344829947,750.87
5383,726,1034.136130421498,714.17
5384,3739,4577.033501016827,4583.85
5385,7778,6795.20388211837,7577.23
5386,1754,2175.0534081790283,1703.81
5387,2834,4246.878135938973,3268.84
5388,3968,3993.337700948273,3198.28
5389,17019,15071.555579403275,17606.31
5390,381,200.1918205733582,494.35
5391,1064,999.1804035138398,893.47
5392,3234,4427.418011853937,4164.1
5393,15888,13328.204199475045,13165.99
5394,10473,9778.29739870084,9147.06
5395,4909,5603.256613242253,5631.58
5396,2502,2686.346715115628,2343.88
5397,7716,7463.117896775729,8217.42
5398,1809,2169.551043040394,1864.84
5399,3443,3999.892898733662,3964.33
5400,3438,2711.2365570102043,2708.69
5401,1793,2250.910457884712,1789.34
5402,5037,5568.71222374098,5111.44
5403,3512,4119.585567628656,3626.09
5404,507,-60.16150354241381,639.97
5405,894,793.6740179232952,966.59
5406,579,323.8912347106975,598.55
5407,12633,14415.914773724095,13196.239
5408,625,429.16182582849797,614.86
5409,784,1130.322011482619,751.79
5410,984,1449.7275401859588,993.89
5411,1923,2752.359011018492,1966.79
5412,407,-754.5506917465445,507.45
5413,1031,369.0404764561267,1187.06
5414,579,354.5191931717418,596.52
5415,4733,4918.703915787217,4598.39
5416,777,1537.483917056738,798.11
5417,6097,6228.514335631194,6299.18
5418,2088,1591.3614781686501,2247.51
5419,715,339.43394243288185,606.925
5420,2352,2440.846168300809,2393.63
5421,17235,14431.66458306934,16129.87
5422,4714,5130.702067324458,4828.41
5423,6535,7291.0714282090075,7869.38
5424,1006,922.881765387916,959.0
5425,942,800.9463433909104,881.85
5426,3130,3444.1092235536994,2779.83
5427,776,386.70790492478227,710.15
5428,10184,12698.167544595717,10802.19
5429,4443,5476.957541084828,5061.37
5430,1073,1494.900943563217,1066.52
5431,5704,5360.077105947793,5060.87
5432,5452,6377.811245423117,5451.74
5433,9694,9661.037130767945,10486.17
5434,1073,463.31532553979514,1094.32
5435,11262,11211.508233766013,10949.87
5436,698,1250.1952611956085,860.66
5437,5748,7627.729215651164,6153.67
5438,566,-1118.0577322360014,696.8
5439,17952,14684.627651777073,17311.15
5440,756,108.47528921711864,698.98
5441,2648,3212.293320384453,2645.52
5442,1919,2377.6206476004418,1867.12
5443,3246,3227.906406717827,3343.58
5444,630,574.4609564677726,661.22
5445,4781,4749.487507437316,3760.35
5446,2718,3254.1978195109405,2663.87
5447,17084,14383.882953416041,15868.61
5448,7983,9300.621823208294,8626.28
5449,450,-792.0122501675869,469.69
5450,459,-1002.4279677623745,540.87
5451,10357,10361.755082953932,9988.05
5452,1265,1179.918035104266,1409.39
5453,10463,6995.198604568296,10035.63
5454,4794,4527.284100775577,4619.6
5455,1239,678.6627169654835,1182.4
5456,2679,2985.9696706242557,2709.25
5457,1029,48.31325573339109,1125.15
5458,847,950.9478263329988,967.27
5459,525,723.9534342045449,530.34
5460,828,462.9553780645165,795.43
5461,2052,1952.6493863595706,2214.06
5462,603,-267.92989772581586,686.84
5463,3348,1701.269074253294,4104.43
5464,4458,4813.879740996988,4563.08
5465,3696,6620.574951984166,4105.4725
5466,2921,3589.5029568874934,2944.02
5467,3835,3831.09255358828,3994.646666666667
5468,6232,6761.275869561253,6661.49
5469,1590,2152.613035089151,1678.07
5470,2453,2018.1599501652227,2297.61
5471,6157,7328.154687934269,6355.9
5472,571,125.91378275753414,608.44
5473,621,803.1090704015669,683.54
5474,857,1281.420477481116,812.21
5475,816,1458.3662992582845,830.6
5476,12295,11261.938592572158,11994.38
5477,6817,11939.334015949244,11606.04
5478,827,967.1425213930625,857.01
5479,1596,2495.958594669486,1751.09
5480,2700,3660.574519314203,3049.12
5481,1605,1482.4059024998646,1380.216666666667
5482,5796,7003.996575884733,6350.31
5483,737,467.9556150821704,769.46
5484,432,540.3509489696207,513.78
5485,6381,6595.794613667089,6032.62
5486,1740,1725.6256580441236,2145.16
5487,4989,5604.771719454339,5082.67
5488,872,683.9380873786004,809.95
5489,1741,2404.500706935809,1992.75
5490,13445,12661.813000879398,15433.5
5491,2270,2434.23838329494,2636.84
5492,828,7.0723080329744334,886.42
5493,1337,1427.6048443231048,1522.31
5494,1107,1270.4717158328021,1039.45
5495,1123,1851.8837333412012,985.21
5496,1193,865.1771607854171,1335.61
5497,854,648.0123255515068,751.78
5498,886,1597.1842671658792,891.63
5499,1720,1717.0537484561542,1445.005
5500,1008,938.2318020241783,823.1113333333335
5501,2218,1121.9646227633393,2221.95
5502,5920,6119.014373514582,6077.6
5503,11302,10333.54734265893,11719.64
5504,2633,3175.2853220787656,2499.35
5505,3396,4313.200086587167,3291.44
5506,1250,1142.0478163700918,1293.72
5507,4885,6336.163703280942,5674.33
5508,593,-422.1586517389651,615.36
5509,3334,4209.4424412147655,3600.0
5510,1950,2744.292686051433,2010.16
5511,906,848.90103830926,898.6
5512,703,939.2521859765211,685.49
5513,961,1215.5736269947392,969.87
5514,1792,2458.700698157186,1864.92
5515,979,1507.2142338159665,981.52
5516,1381,1999.7605123481485,1214.27
5517,2383,2190.010113800148,2164.36
5518,734,847.3908512728749,720.16
5519,565,304.8698496054203,602.77
5520,4702,4796.766687799051,4648.58
5521,752,1089.131683938721,745.88
5522,750,419.9227364846888,908.525
5523,1940,1368.810211658848,1913.11
5524,7948,8243.818369057328,8045.48
5525,1240,406.80427272179804,1198.62
5526,2315,2402.274136088286,2309.02
5527,1332,625.4686751352465,1183.27
5528,1115,1968.2512936738963,1100.49
5529,1919,2392.9428860110925,1845.93
5530,3765,3734.9454359694887,3356.05
5531,12779,11572.796335221436,12686.43
5532,470,288.73433912740984,484.99
5533,4191,4501.398515447154,4071.93
5534,964,1677.8395141071496,1082.63
5535,2489,2884.403456627588,2503.65
5536,3459,3749.1059051674733,3646.8
5537,1724,715.6874079337449,1795.13
5538,6707,6783.5309393241705,7178.82
5539,1320,1672.9668225622072,1662.02
5540,949,1261.4607168630714,883.84
5541,4928,5714.169461165764,5264.595
5542,3265,4133.608598318625,3675.16
5543,876,-21.681887844270022,865.9
5544,1376,2327.323053541214,1271.68
5545,963,1752.3038790801052,1032.26
5546,4234,5483.26934775317,4560.97
5547,726,846.2459042555711,805.42
5548,8139,8029.661964892364,8893.35
5549,15185,8854.795573789856,11765.69
5550,1163,816.0124482340279,1247.96
5551,746,993.6971138560739,823.06
5552,5978,6071.83978504732,5990.035
5553,2409,2190.4557382649614,2306.02
5554,4633,5507.395834351126,4972.63
5555,3496,3417.9217661803395,2821.55
5556,952,1697.1879320710286,926.0
5557,1140,661.032660335874,1227.74
5558,3273,4001.310295504717,3362.38
5559,765,-748.5260641621344,767.37
5560,4452,4875.63971655955,4455.1
5561,4840,5648.980553381457,5050.24
5562,5226,5377.564500189756,5278.97
5563,1023,764.4875536960171,958.01
5564,13337,11338.524140395537,14845.15
5565,790,1196.0442769877636,907.1
5566,544,190.14685217937676,611.8
5567,407,487.7240712004941,476.94
5568,561,408.82462756172663,627.74
5569,3759,4117.416929450482,3552.23
5570,1264,1970.0359411677982,1220.32
5571,779,1403.595457727292,834.57
5572,4588,4915.067735813245,4458.97
5573,1420,1835.162409426458,1690.24
5574,675,152.40410285731468,701.06
5575,928,627.9642777895688,863.95
5576,4744,4413.823814404318,4778.14
5577,1715,2060.2305538322144,1900.28
5578,2666,2410.876821812627,2618.13
5579,2259,2694.7710065822603,2698.71
5580,670,794.7197808284363,696.92
5581,6125,7592.274508466172,6865.67
5582,588,98.91081390432737,586.4
5583,12565,12261.207472457032,12166.87
5584,5498,5994.607284592074,5427.46
5585,2386,2059.188057795872,2239.39
5586,1577,1628.704012290752,1526.85
5587,2512,3633.872563218844,2689.4
5588,2604,2778.489138498165,2321.77
5589,720,283.26729452621566,708.84
5590,1853,1096.4091672274499,1984.42
5591,6290,6396.969465462232,6394.33
5592,730,515.0249975724819,1012.96
5593,10090,10195.614111710122,10531.33
5594,6626,6472.356545227449,6868.24
5595,1819,1879.5255384678112,1869.54
5596,4973,5650.3225177378245,4662.08
5597,1893,2581.2186059815926,1867.01
5598,1063,17.734238690728944,939.53
5599,2298,2017.495401713983,2347.17
5600,603,844.8893377012009,674.11
5601,2834,2943.680953199455,2695.34
5602,854,734.9589897135438,830.6
5603,660,505.1413572722249,714.8683333333333
5604,2974,3951.451269961136,2799.04
5605,5724,6746.320976862005,5772.7
5606,2604,2969.9156691901626,2654.4
5607,1741,2698.099711490909,1951.24
5608,5222,5755.367890022647,5503.72
5609,3913,4427.070779134068,3702.58
5610,1331,1404.894151119604,1375.06
5611,3338,4313.897457090621,3230.55
5612,2515,3495.2617991856173,2263.28
5613,2111,2444.8751987831847,2721.31
5614,8227,6829.124393077275,8757.72
5615,3119,3030.2217912372207,2545.06
5616,702,637.5566242144623,792.115
5617,14654,11612.889474057556,11557.98
5618,526,-32.897785167038364,572.1
5619,17317,11521.060066686538,14106.02
5620,14720,13527.257713546258,14664.045
5621,8868,9606.385003425703,9122.23
5622,1116,1177.8395571262186,1132.33
5623,3848,4568.09585939057,3810.64
5624,3234,3965.0869731792877,3318.78
5625,6289,13383.49961192112,12194.11
5626,1046,998.0961407167551,998.49
5627,14837,18035.401677330825,16946.25
5628,4469,4780.2456124661,3885.69
5629,2753,3606.4435608495196,2900.29
5630,827,413.9844117216985,782.44
5631,17414,12258.951562663477,16397.34
5632,6271,6268.1675979008305,6145.22
5633,5134,5847.989361146318,4679.22
5634,591,642.0439784240089,670.22
5635,3524,4378.827166233174,4491.19
5636,4707,5258.6692456631135,4625.4
5637,2322,3193.965820483843,2443.88
5638,1667,2416.314770894925,1767.0
5639,5376,5763.8051576449,5178.09
5640,1320,630.7693030700711,1247.68
5641,1984,2619.797683567337,1940.26
5642,2224,2703.1634903013096,2208.27
5643,1981,2028.644823648042,2144.175
5644,1902,879.3628931229127,1909.97
5645,4209,4956.305674562831,3581.6
5646,912,1139.575144214573,908.44
5647,3002,3724.189021289736,2937.04
5648,979,193.76076967824838,1003.89
5649,10607,7103.0467997700325,7961.97
5650,1067,1490.2075905093852,955.69
5651,1906,2606.382592536666,1954.56
5652,4571,4844.352204652438,4318.68
5653,2352,2976.698379403821,2486.52
5654,2381,3576.848233663117,2508.48
5655,1397,1900.0905482737821,1556.5
5656,1605,2253.8621396051667,1803.38
5657,951,1066.5545803078548,970.59
5658,1389,2268.612726041895,1243.79
5659,6224,9017.88741782047,8106.39
5660,902,1655.5271187133862,1010.89
5661,5292,5485.77121166809,5068.17
5662,7695,7060.101691720893,8236.82
5663,706,728.2389115808664,742.42
5664,1388,1753.0801200334436,1537.79
5665,2613,3271.759914995554,2802.23
5666,4523,4968.693165137234,4235.46
5667,2693,3192.501233121624,2652.74
5668,1893,2569.192851345532,1844.06
5669,5384,6603.929073906597,5449.36
5670,3419,3726.9419620797316,3174.18
5671,5170,6514.443519229803,10000.2
5672,4140,5781.3335482675575,4901.28
5673,5817,6022.557735025139,6032.84
5674,4758,4926.7989058242365,4662.19
5675,6350,6476.640370975721,6708.54
5676,3787,3650.2134395532867,3519.08
5677,10556,9247.818046143275,10266.18
5678,3514,4648.830134343936,3691.06
5679,11605,10987.810792638913,11502.94
5680,8922,8858.782592622465,9318.85
5681,2030,2626.9288350629195,1928.33
5682,1017,1282.9753214114362,1048.98
5683,18447,17957.009800048414,16053.95
5684,5387,5758.990147191097,5202.82
5685,2672,2805.243408233551,2205.53
5686,1084,1626.6513619223256,1166.83
5687,1884,2760.271074273691,2055.92
5688,8866,9457.527260094976,8546.08
5689,945,1624.6846906581986,1016.67
5690,4244,3431.5921098004837,4075.62
5691,2914,3763.8001569318258,2933.95
5692,6833,6320.861614505233,6314.45
5693,11470,10692.125049888393,12212.47
5694,5147,5925.939008068224,5358.42
5695,1448,-710.638282439375,2573.44
5696,3205,3829.767686784307,3590.82
5697,557,-1206.4874343235842,556.89
5698,879,903.4576740956863,772.05
5699,1338,1134.375761642349,1323.68
5700,6910,6377.622426804354,6538.385
5701,1114,1200.2054654609947,1051.27
5702,945,1418.8213020641278,1099.37
5703,6389,6262.101043669148,5609.51
5704,854,737.4153317936698,832.85
5705,4404,4754.358250100424,4354.46
5706,13869,11144.745284064622,11749.37
5707,4600,4426.600451731486,7340.18
5708,1720,1731.8830921363142,1612.16
5709,556,316.8891923162164,614.33
5710,3131,3818.375051863939,2749.74
5711,8062,8640.193694441985,8397.34
5712,605,379.61390862459257,632.89
5713,3762,4037.3237492910735,3825.59
5714,3922,3790.7010278861426,3967.02
5715,939,1444.7218781067986,920.26
5716,12654,14445.140246753663,15495.378
5717,1695,2296.0456854269205,1719.05
5718,6727,6172.048775644995,6360.19
5719,3095,3567.227905795842,3086.87
5720,18242,22190.521624176843,16522.55
5721,663,524.6078261078446,670.04
5722,752,1320.3955591129338,708.22
5723,2241,2200.121200639928,2337.9
5724,1624,1930.0290838979163,1645.83
5725,2596,3008.5973074173535,2548.85
5726,11251,10231.414943531046,10345.96
5727,642,625.4338637058536,706.87
5728,2021,3024.320106092248,2112.04
5729,2719,3363.2743601379434,2709.17
5730,449,-614.6065248070345,516.52
5731,17036,13337.99795126205,15739.93
5732,2111,2420.0635517909805,2417.21
5733,1151,49.937552727195,1208.57
5734,10020,10094.759179106615,10208.65
5735,8736,10760.772009333768,10938.6
5736,9253,9147.381005806003,9412.42
5737,5451,6373.125620245536,5369.23
5738,505,-285.5978008527163,526.1
5739,2550,2692.330664047767,1995.13
5740,3225,2541.7898994998673,3067.91
5741,906,840.5958870003078,879.1
5742,6013,6975.440646344341,6354.65
5743,3878,3878.0102965673786,3586.53
5744,1166,1388.0820238001688,952.36
5745,2692,2339.304156829871,2353.69
5746,3463,3836.7747967234936,3010.91
5747,414,-415.2493050907451,506.26
5748,1053,1984.929268432467,1110.33
5749,4836,4820.595922612313,4660.83
5750,2224,1725.2629117589718,2326.29
5751,689,38.07677684150076,633.73
5752,2527,2855.547174829131,2388.16
5753,4395,3842.036088427891,4180.09
5754,15647,14190.106888656841,14257.48
5755,3495,4380.822717117896,3428.99
5756,648,-369.13337548440813,712.48
5757,1975,2902.2383066008465,2088.7
5758,2354,2209.57282414679,2106.12
5759,2455,3084.109202128464,2527.97
5760,9526,12483.137660270788,13341.0
5761,7711,6251.220331980054,4512.1
5762,2276,2741.405990263153,2455.76
5763,3004,3809.0273236556413,3076.98
5764,7695,9100.73538047809,7634.48
5765,5335,5560.848880177471,5213.87
5766,1084,1545.9376754999512,1049.13
5767,8266,8193.95848756269,9036.7
5768,2370,-325.75696102012625,3628.02
5769,11661,7364.705029349309,9356.84
5770,707,449.75856548095817,793.85
5771,1187,2038.0323527243904,1120.48
5772,2052,2771.7752698491995,2061.66
5773,2826,3757.8423627498087,2530.24
5774,1158,1807.2914574571678,1116.1
5775,6606,6114.900721341439,6363.81
5776,1949,2607.4864910481174,1905.15
5777,10693,10327.598017173299,11145.78
5778,671,1026.250858487983,723.48
5779,3429,4149.087655883704,3366.64
5780,757,999.8293553870863,902.38
5781,4207,4071.7011635283175,4042.31
5782,5167,7560.495048165375,5776.65
5783,5882,5990.8063429455415,5591.87
5784,4091,3907.2668600297666,3918.71
5785,4222,4407.798544484331,3993.23
5786,798,1176.5323262500137,791.07
5787,828,742.9786274551807,771.42
5788,788,883.1910804974041,788.725
5789,1944,647.8891459654687,1339.27
5790,1110,800.2062125735729,1101.95
5791,505,-876.2924249087737,591.61
5792,863,1428.9092687913935,843.02
5793,6776,6374.036836105062,6019.48
5794,1565,381.9383052357066,1492.53
5795,2518,2869.7170758659977,2754.33
5796,7230,7947.148735448189,6368.63
5797,4338,5399.827982901608,4511.08
5798,2604,3855.6902082372617,2856.57
5799,847,1175.3457523408297,831.38
5800,732,228.599784559593,642.89
5801,10314,9609.29088617838,9412.83
5802,6108,6033.347492386358,5772.861999999999
5803,6363,7078.474378558449,6661.42
5804,4466,4913.046782632591,4237.37
5805,10214,9394.732524469753,8972.2
5806,3304,4727.735881005207,3783.38
5807,14507,11054.465691057721,13694.79
5808,15322,15054.089483763795,16129.42
5809,561,-41.4189138450115,570.43
5810,4426,5943.177129282174,5731.45
5811,10716,15734.260349887614,15410.97
5812,16239,19790.854230097946,16294.02
5813,1112,1137.968634390154,880.09
5814,5504,6711.334187979111,5526.6
5815,9343,9941.648121977549,10006.94
5816,9555,8782.962793539558,7841.83
5817,5983,7326.509234598025,6193.07
5818,388,602.2719724961071,439.33
5819,936,1142.5860673110915,845.3
5820,3622,4335.899653922794,3600.4
5821,3909,4140.808775683494,3287.64
5822,423,135.98340224322055,498.09
5823,11500,14316.671297502342,14444.77
5824,912,1254.8994086909706,930.84
5825,3360,3157.517207333326,2562.48
5826,10773,7270.542555355768,10023.84
5827,3495,3975.1376900226855,2967.88
5828,2662,3584.8866922115594,2746.58
5829,1715,1651.4372077075072,2056.86
5830,1808,-368.78168215061305,2412.19
5831,738,71.66974559954815,772.165
5832,11155,10267.431964521065,10815.57
5833,11020,11306.940881829669,11652.97
5834,1408,1673.6824634576724,1505.18
5835,1410,1651.5083255643076,1401.54
5836,683,-2.718505452082809,831.79
5837,4276,4210.4458770978845,4526.21
5838,4746,5057.035627101944,4349.31
5839,1024,686.1181968584592,907.01
5840,1332,1010.2461493987744,1297.0
5841,1159,732.4213933397518,1245.58
5842,1813,2266.570944885306,1744.53
5843,777,443.83565291528157,773.68
5844,4997,6054.357278390818,5024.85
5845,562,-1241.8607544255947,646.55
5846,1009,741.5737402795312,887.9
5847,1630,2526.254731780225,1935.61
5848,728,334.6353266133874,684.98
5849,544,238.51326680507646,598.23
5850,3332,4217.4041132824605,3192.91
5851,3326,4448.27596760527,3652.05
5852,7546,7574.3102147827185,6689.77
5853,7834,12163.820013539824,13212.36
5854,16407,11289.031851467931,12138.01
5855,5262,5740.156352330306,5258.45
5856,4200,4599.685498756222,4226.57
5857,2376,2716.0876397386546,2692.56
5858,2279,2989.875745511644,2507.45
5859,1112,933.7671554025674,957.31
5860,3651,4163.422722521491,3788.18
5861,737,404.371960885248,768.21
5862,16808,10639.67799650599,14577.21
5863,7579,8512.478244506634,7127.9
5864,11132,8106.418149540427,10934.76
5865,6660,6580.407603597778,6833.11
5866,1237,952.7551408623585,1267.59
5867,467,115.79109651100816,503.24
5868,8940,6926.523905485263,8679.38
5869,707,533.333805146417,808.4
5870,1237,444.2793962575206,1270.815
5871,18709,15103.265996878488,16790.04
5872,3036,3681.588073664737,3099.51
5873,357,-1682.9024137154784,439.26
5874,3196,3862.2613137978865,4000.48
5875,800,1142.345504928442,965.99
5876,17053,16714.298382359644,16376.68
5877,9276,7396.229610942566,8402.44
5878,337,-1097.6891603870909,444.34
5879,6436,7057.674510325791,10219.6
5880,1200,1766.8268255086696,1138.87
5881,1056,-7.80419858606092,820.52
5882,975,-272.39188175739946,1072.66
5883,2352,2842.45395736661,2067.69
5884,1389,1446.3667378592559,1405.49
5885,3794,3053.292079736026,3647.68
5886,1781,2041.510403128891,1694.94
5887,2077,2928.2207984792904,2216.02
5888,561,250.171488508131,666.92
5889,7299,7888.392320633755,7972.98
5890,3004,4056.399954832963,3704.01
5891,5174,6376.740754246515,6249.03
5892,7275,7347.261604331985,7081.72
5893,3780,6601.850499709712,8209.56
5894,3053,3679.9274681458173,2849.87
5895,8220,9282.667768105895,9104.76
5896,1881,2333.272871486951,1847.78
5897,854,825.9828781537663,822.42
5898,5545,6365.051479578721,5467.913333333333
5899,945,1565.7255843130342,983.47
5900,2686,3188.086167010323,2501.61
5901,4931,4661.006472737507,3861.8
5902,6165,6234.014540884676,5940.66
5903,3007,2924.5431120166945,2899.94
5904,997,1509.0388434684578,914.12
5905,7652,6475.430491079964,7059.49
5906,427,-346.4093095605458,514.0
5907,5208,8253.257687856672,6282.17
5908,1235,906.3201140486754,1308.34
5909,4235,5165.759025435274,4686.46
5910,1602,2034.695093568369,1617.17
5911,1852,2194.989316345962,1711.25
5912,805,1071.7467641249423,838.27
5913,450,-980.2871854386485,449.81
5914,2756,2685.090057943291,2582.34
5915,791,1305.115069219833,854.93
5916,2614,2142.8598021581524,2347.36
5917,14542,11111.347672340024,14441.67
5918,2041,2480.214130432711,2005.66
5919,1601,2280.3783714244014,1698.93
5920,2401,2707.4797711784277,2363.42
5921,6206,6974.473823775635,6054.96
5922,802,387.0916671587411,742.08
5923,579,374.88429352638923,589.85
5924,533,1149.2843849466717,540.19
5925,2271,2407.1484796502746,2226.52
5926,1572,1546.094415921115,1531.52
5927,3318,4471.174044533087,3589.96
5928,5556,6226.276205311916,5409.59
5929,1605,1889.200300034846,1620.12
5930,645,622.930359594221,764.94
5931,2691,3403.760477681585,2884.03
5932,1902,2522.909181592158,1950.1
5933,4014,4510.974349347423,4364.4
5934,1774,2570.9498653071423,1923.11
5935,2469,2801.347797960786,2634.71
5936,1007,1513.133981104791,958.3
5937,2077,1191.2068766473963,2099.66
5938,8099,8105.194996298572,7663.31
5939,644,554.2434611920071,700.9
5940,1196,1905.3869652546377,1079.13
5941,3918,4857.127820241882,4213.35
5942,2739,3703.405605262988,3125.98
5943,16669,11219.502956913206,15766.85
5944,4243,4701.090440529685,3854.18
5945,2352,2088.8616179331157,2110.15
5946,508,177.48248317433627,551.5
5947,793,656.3002329779893,931.09
5948,521,924.6174602013475,500.28
5949,6250,7313.803862288233,6433.42
5950,15217,15028.16447692177,16183.63
5951,9208,10563.26267399099,9380.51
5952,544,-3.2568493343615046,545.39
5953,552,-219.05979141501302,661.13
5954,687,289.5664719853362,728.72
5955,1726,2377.744547235669,1938.54
5956,2074,2578.339831033446,2136.71
5957,18707,14926.475477877115,16013.68
5958,1080,994.4749770081507,978.24
5959,4620,4606.127937751051,4553.16
5960,675,126.58636206995743,689.13
5961,2239,2889.188320392839,2273.76
5962,16064,14207.31468522643,14885.21
5963,2640,2593.737091773043,2538.85
5964,1662,2061.0153584462305,1785.7
5965,8614,8666.152602151029,8444.8
5966,2797,3536.3658625267362,3012.47
5967,7464,9665.792127147644,9491.63
5968,15823,12221.99024678724,15062.3
5969,705,620.0940609493705,813.06
5970,1435,1531.6195492476018,1544.59
5971,4601,4653.496781796792,4316.19
5972,1585,2506.976478653988,1802.48
5973,3622,4389.6513631335365,3149.0
5974,1858,2571.426658273469,2317.97
5975,704,338.0547141564384,808.69
5976,756,302.1973288322415,721.91
5977,6783,7110.62895268323,6563.13
5978,9959,9660.5866374229,9861.12
5979,743,207.39345095284716,698.12
5980,2030,2757.5066087896275,2244.59
5981,7903,8117.1477530123475,7209.54
5982,491,-169.51372152934073,565.45
5983,4389,4684.709339235665,4492.53
5984,5996,6600.032066758144,6044.71
5985,3231,4165.19400636383,3451.92
5986,746,838.8259975926912,734.235
5987,1914,2567.5863541623653,1994.32
5988,2923,2943.093692240792,2546.28
5989,4455,4778.89968672904,4648.82
5990,4719,4987.32006142949,4618.85
5991,1743,2031.9386909282075,1803.79
5992,943,1755.9935574329738,964.03
5993,2612,3368.149717360264,2345.83
5994,658,432.17333604233136,708.94
5995,1154,420.0593898988518,1157.03
5996,5266,5921.585753784212,5122.005
5997,3528,3115.8318442601612,3508.76
5998,10457,13947.154432217363,14123.61
5999,3941,3962.3438469244293,4020.22
6000,1269,818.9592003639327,1264.28
6001,3763,5078.636939964502,4890.74
6002,1912,2671.079928145959,2110.15
6003,5619,5809.883242832121,5663.15
6004,8674,7342.151339085797,8991.47
6005,1560,1929.7771406520255,1697.52
6006,1736,2370.268588892458,1793.89
6007,1034,32.928427689195814,1193.28
6008,8057,7294.105099564185,8014.31
6009,2041,2829.7404099718315,2188.77
6010,1081,1893.0373957599986,1162.34
6011,3734,4193.29418881934,3841.94
6012,3073,3731.988873994298,2971.5
6013,3226,2810.664185791192,2760.54
6014,599,723.9142522133125,668.85
6015,2174,2337.5322026850754,2289.85
6016,814,1504.6575563818692,753.29
6017,841,76.84239472494392,952.78
6018,5139,6199.039148677875,5369.49
6019,4372,4531.328308557287,4322.39
6020,2441,2742.8372259061975,2386.47
6021,3504,5115.842369824599,7750.76
6022,2218,2834.8943332621366,2363.97
6023,2856,3476.667633912174,2794.17
6024,7550,6530.462686177678,6565.7
6025,905,1521.2993419461727,825.16
6026,5491,5217.892487227251,5079.24
6027,3858,4536.019038143122,3995.26
6028,2830,3329.6556052207516,2976.68
6029,749,297.18292402593124,673.58
6030,2293,3086.199984611758,2330.04
6031,2143,2599.0459321308126,1930.45
6032,625,453.93195535737595,617.44
6033,878,603.9956013909227,767.71
6034,3839,4887.177928134859,4037.52
6035,1192,1580.9528753510558,1192.15
6036,11460,10186.129254774283,10834.52
6037,2982,3753.7314464380015,3104.06
6038,773,664.592718196156,783.68
6039,1115,-1015.320200850776,2155.4466666666667
6040,7813,6972.926539922495,7080.39
6041,4718,5495.712443466313,4793.94
6042,3475,3786.3185351460947,3199.12
6043,1759,2458.586706143821,1858.89
6044,792,722.2354068647,797.35
6045,9214,7945.7520077133995,9544.61
6046,977,1264.277369380919,818.35
6047,3959,4254.832878745234,4210.5425
6048,2867,3063.8512958452093,2916.37
6049,11119,14030.658776158807,14195.53
6050,1807,1363.4936616756277,2303.06
6051,6328,11152.007764020582,11154.81
6052,1787,2356.1486796989675,1676.115
6053,14527,10784.025830619219,13758.94
6054,14275,12620.700059026529,11807.76
6055,791,937.8542842732522,835.73
6056,11580,10630.49541026065,11950.45
6057,2717,3515.586637548434,3772.59
6058,4898,5528.064752381002,5272.9
6059,3074,3866.2463149952528,3368.54
6060,1827,2541.1982740010476,1958.67
6061,13622,12129.986714035387,12652.65
6062,2235,2634.6038218991534,2294.66
6063,1035,1248.2922721700997,1030.65
6064,3388,4755.672011963099,4188.97
6065,4706,6351.944890945242,6546.721428571428
6066,3422,3025.0873951136073,3347.645
6067,4753,4800.8520005875125,4374.7
6068,1001,1579.1019510353517,1031.45
6069,18495,19667.25761025367,15321.99
6070,5722,8610.981000864356,7408.29
6071,8411,7591.655595005504,7522.8
6072,8334,8096.42571745985,8558.2
6073,2293,2628.63641265353,2304.99
6074,515,-62.9211097928046,635.18
6075,3702,3638.0147519150887,2959.65
6076,765,513.5529942266485,734.93
6077,1076,1497.184439587219,1078.74
6078,8645,7177.051012643372,8622.63
6079,1576,1927.8514417051338,1583.69
6080,3209,4060.542123112349,3646.04
6081,1031,1688.3263613699164,1070.6
6082,2277,2588.1199166819943,2012.43
6083,765,116.01389073162363,649.5
6084,591,-866.51514900241,556.72
6085,734,915.5951455798213,727.78
6086,1282,1310.6462950169293,1293.64
6087,975,1054.0468866112296,980.72
6088,505,-780.5297159285237,550.17
6089,2425,2713.510892790974,2498.02
6090,710,34.07749961690615,845.62
6091,1601,1430.2792253696957,1500.87
6092,921,1191.5072102703484,934.91
6093,1985,1711.8812866675612,2379.59
6094,2782,2980.0897538346144,3086.7
6095,544,181.5811788532692,606.22
6096,2429,2608.402963329439,2540.2
6097,4995,4829.061299622045,4658.19
6098,1397,1963.402469188457,1324.92
6099,1839,2276.54599421273,1764.31
6100,5164,5957.487463873662,4549.31
6101,4932,5037.795326685073,4691.86
6102,6199,6098.043090169445,5779.21
6103,3730,3970.1798213839643,4221.33
6104,666,938.2221753092435,652.57
6105,725,277.7775097178819,652.25
6106,893,495.95089575834754,981.65
6107,1857,2503.2883163449656,1860.13
6108,1981,2117.5802224041063,1724.64
6109,1214,1146.467507692782,1371.33
6110,8517,9286.984019316731,8842.8
6111,7996,7921.595791036446,7973.92
6112,7813,9343.60362580698,8027.04
6113,1080,249.07745868459278,1170.62
6114,6289,6240.099477849364,6357.07
6115,5712,5766.321563838755,5102.96
6116,4142,4322.185760642515,4294.72
6117,14024,14706.299680391416,15714.82
6118,4388,4463.106967832984,3934.7833333333333
6119,17103,17803.74943830305,14969.5
6120,7089,7509.346148511265,6155.73
6121,6623,6800.055171709617,7351.14
6122,630,-19.27293334047954,636.77
6123,17666,16197.056463817988,15708.5
6124,675,-161.83598185991514,665.06
6125,17315,14848.973420777462,16350.34
6126,2065,2849.1469657031394,2021.49
6127,5006,5358.934597373909,4720.33
6128,3528,3383.8996914458403,3763.17
6129,2451,2843.1469424855522,2210.26
6130,1378,1936.753930440258,1599.41
6131,901,981.6291621915539,905.24
6132,1389,2288.484405801009,1231.43
6133,5544,5447.146460334974,5011.61
6134,6438,7491.372827666345,6874.2
6135,906,695.6164422255351,847.51
6136,1904,2386.910886215537,1832.52
6137,3482,4110.297643168566,3334.3
6138,2246,2381.944780081445,2531.87
6139,1766,2202.8758474680026,1668.28
6140,5196,6194.724208000267,5324.61
6141,2116,2259.8522415349544,2449.29
6142,664,1159.9939385149942,667.05
6143,17917,14754.712396894638,10866.76
6144,1254,1625.1007112151938,1018.38
6145,593,-652.8437565417044,610.97
6146,2338,2375.4972666202157,2399.3
6147,9287,8290.16812879088,9410.59
6148,482,-133.3583143639571,469.17
6149,4997,6088.484453364065,4838.83
6150,1867,2721.2260006249303,1998.26
6151,3538,3733.118368552501,3623.27
6152,1728,2220.580346970677,1630.93
6153,10551,10234.283087866059,10912.24
6154,720,-2560.208798769914,1325.43
6155,1136,1125.671704989341,1196.7075
6156,3045,3947.3753868518434,3054.69
6157,4010,5596.3851476297405,4448.68
6158,3823,3996.9315667817036,3569.49
6159,9131,7235.4858819766305,9092.95
6160,4561,5219.919922744053,4630.0
6161,4704,4575.098595806743,4341.72
6162,3705,4838.684838931413,3859.66
6163,4312,5292.943879037982,4366.79
6164,8488,7320.839017986313,8691.2
6165,3867,4415.801621799697,3818.09
6166,730,1101.57301752176,799.81
6167,7503,8843.229155917412,8010.76
6168,6216,5964.506858035555,5980.05
6169,13369,11392.720680861024,11453.04
6170,1008,230.55625032600528,1052.7
6171,709,93.86837939990528,604.86
6172,1706,2613.2381424799983,1846.71
6173,3390,3717.828791819451,3204.81
6174,1289,2012.7110287182136,1095.78
6175,18485,18535.477934398943,15231.97
6176,734,829.2161019859805,730.11
6177,13619,13730.931965798676,13349.15
6178,7701,7321.211126886424,6945.61
6179,4959,5610.3878513951895,4896.15
6180,8610,9757.917956402816,8819.71
6181,700,-82.11648121179996,829.84
6182,4897,5917.092079523359,5417.65
6183,958,1697.735471318665,983.33
6184,746,890.519351975925,856.27
6185,1037,525.4846943243911,1062.62
6186,4573,5116.757012965643,4929.83
6187,2676,3571.3549481793475,2663.03
6188,1577,1942.046653650843,1830.53
6189,1569,2071.8619922763946,1597.97
6190,4477,5722.108347908457,5076.57
6191,9600,10521.459494610997,10533.85
6192,7032,6365.943960788614,6364.37
6193,645,628.6726581421362,672.79
6194,2323,3218.2853999939157,2459.46
6195,8924,6860.766332315767,8685.423333333334
6196,1103,1524.1483813406667,1057.37
6197,1895,2735.115363946073,1948.61
6198,5510,6688.804640887451,5920.19
6199,1053,1503.9479601870225,1069.58
6200,6060,6479.102828301799,6549.46
6201,819,994.703473504404,786.91
6202,675,-72.75248068437304,802.85
6203,1063,947.1609960311416,931.45
6204,9452,9058.713976463903,9118.84
6205,3897,4722.760119269824,3889.270833333334
6206,792,878.7820380053117,844.64
6207,791,1530.142925021924,764.44
6208,5407,7683.300855995832,6825.09
6209,1668,2416.8319984442483,1942.79
6210,4914,5473.948143930213,4658.86
6211,2967,3912.1358403214863,3222.1
6212,1949,1584.915380056812,1531.0
6213,1547,567.2759557501686,3359.521666666667
6214,924,1363.7758427195158,908.44
6215,16790,12402.073128495986,16934.8
6216,684,988.9059907347423,690.81
6217,3372,4276.717715975498,3548.23
6218,5106,6614.895875274838,6085.29
6219,3291,3963.132589269669,3274.67
6220,2418,1755.2644543613883,2349.05
6221,3377,3655.8729849602787,3522.88
6222,11934,10769.26782386081,11424.76
6223,1778,2466.2252296678516,1849.28
6224,710,808.4216989815632,677.86
6225,2524,3232.5062903777666,2680.76
6226,1033,720.5489337354793,952.72
6227,1229,570.0447666879827,1242.71
6228,11711,10946.110601873577,11179.96
6229,4939,4865.876625498497,4206.635
6230,1235,1534.9917110743645,1477.96
6231,475,-93.83526846882705,484.09
6232,5504,7907.8142610945815,6824.1
6233,3763,4563.921347972425,4387.83
6234,544,319.1497889940447,557.31
6235,666,-148.07517798905428,787.55
6236,6966,9073.982516978333,8259.88
6237,15829,15076.250565542427,15467.68
6238,969,1059.1708572519829,939.35
6239,2852,3362.8085155327317,2774.94
6240,2519,2579.7269738050773,2624.69
6241,6023,7337.8258799879095,6167.25
6242,2386,2651.859056458805,2461.74
6243,6843,6629.200874853669,7676.6
6244,1440,1727.2696665082167,1601.24
6245,4725,4334.7758418053445,4127.75
6246,911,584.8472819700337,838.65
6247,816,1045.8156704074208,953.19
6248,4466,5059.688007349965,4538.84
6249,829,1329.4239550092357,864.93
6250,5053,6749.033395313978,6240.02
6251,14188,11163.293662476284,14054.13
6252,961,1647.4415318501296,1018.38
6253,9897,7299.397962548227,9201.36
6254,16985,14454.112629244124,15833.086666666664
6255,1202,1162.6196545197809,1470.7
6256,8753,7556.472273882728,8721.03
6257,6819,8118.539768467536,6854.5
6258,11793,13810.321314500134,12499.81
6259,394,-1534.6198714370457,406.54
6260,13919,17124.02328684079,16105.69
6261,6030,5937.854389137147,6070.65
6262,6027,6006.50997034091,5929.08
6263,16956,15151.669588783489,17357.17
6264,531,122.67947165503847,565.49
6265,1694,2204.0208904711535,1719.91
6266,1629,1870.010372310292,1454.79
6267,1114,1440.8886390295024,940.27
6268,8457,8125.480685273035,6934.74
6269,13052,13042.387374743013,13725.87
6270,8204,9166.121067682003,8357.35
6271,928,743.3991754154877,893.88
6272,5466,6303.960066126107,5546.21
6273,6549,4372.418661985904,4417.15
6274,833,775.2382149514451,815.18
6275,6159,6186.799492046305,6554.92
6276,15696,14126.941032442317,15525.72
6277,611,-804.3559018153283,684.5266666666665
6278,2873,3912.0237084754513,3849.59
6279,5090,5534.735399372239,4859.57
6280,1179,1923.33210874811,1205.68
6281,7917,6974.978832118113,7320.78
6282,1235,2116.192794921026,1229.13
6283,680,614.211954735686,744.69
6284,10682,10532.798462287596,10284.08
6285,765,498.54205238315353,826.06
6286,10064,10398.853417356459,9625.48
6287,2968,1408.3976064158264,3708.58
6288,1453,1605.3607110451603,1570.13
6289,5797,6697.529426965172,6028.38
6290,492,-529.6397647362719,549.9033333333333
6291,12052,11770.239560907128,11066.62
6292,942,854.0414471877157,809.21
6293,4636,5064.83383861944,4693.45
6294,2944,3579.729584444587,3104.99
6295,1301,954.4014149604218,1317.81
6296,541,362.98080693187103,558.6
6297,576,-632.74490328509,577.66
6298,14071,13374.320821593255,14237.16
6299,3699,4657.096904247741,4010.83
6300,18059,15909.717111751392,17070.06
6301,648,-171.9491030630552,626.86
6302,10316,9475.094342046463,9316.81
6303,12551,10843.351292565887,13470.93
6304,702,627.8306437614301,795.48
6305,484,241.34850224996808,539.16
6306,530,714.8552530290576,511.04
6307,1192,1953.760286303605,1190.14
6308,4766,5660.39985776192,5322.64
6309,8709,7888.784760807794,9024.73
6310,721,345.00113281061886,757.39
6311,828,702.1641565555474,722.44
6312,489,-270.6085061382428,521.65
6313,1800,2535.160614914582,1890.35
6314,2753,2990.0541388643023,2698.45
6315,4212,4804.031858411617,4894.48
6316,3199,4070.9140304980233,3519.0453333333335
6317,1686,2018.409346776532,1757.33
6318,913,1365.6426639347656,886.97
6319,15281,12461.862030763574,15817.49
6320,13939,12980.721469408758,13375.21
6321,949,-2178.062643377937,1204.49
6322,645,668.955358656744,659.87
6323,1882,2556.8445923389577,2304.78
6324,3153,3773.0699713797885,3217.92
6325,16791,17379.039094529682,15981.4
6326,745,676.4705702047486,729.23
6327,1580,2038.3024585251924,1639.86
6328,3669,4297.927713451157,4002.92
6329,4914,5424.496225744428,4570.86
6330,9463,6976.054720451466,8557.4
6331,1752,2221.109931854713,1632.41
6332,5192,5788.023433037347,4749.510833333333
6333,3780,2684.908130187101,3918.49
6334,3229,3315.6778303908327,2925.68
6335,942,935.9390582847127,824.75
6336,1295,2052.8295871368045,1248.83
6337,461,-944.724423769956,490.65
6338,1868,2765.379327971778,1969.97
6339,1108,641.2903329665342,1143.21
6340,5502,6010.779760080599,5391.71
6341,3246,3963.720460829602,3364.03
6342,3603,2844.9630052024877,3654.81
6343,4177,5592.476460236415,4816.45
6344,758,211.52986791485637,845.57
6345,4542,4704.5035926420705,4556.59
6346,965,-465.5582670902131,1139.16
6347,3732,3939.0751145487193,3986.8946666666666
6348,3394,4256.249833844455,4103.83
6349,1869,1455.7713692258658,1993.86
6350,969,1299.794920925412,930.56
6351,8848,9489.498094749855,8667.15
6352,906,855.0652455206937,857.52
6353,1024,940.5771805183563,1061.25
6354,421,-1681.6852983299323,466.84
6355,3584,3762.2402382043933,4048.43
6356,2835,3694.3939251148886,2767.64
6357,4333,6140.073531304806,5395.66
6358,734,987.0042861922393,759.9
6359,945,1088.0700124819382,788.33
6360,7539,6381.555285789724,6501.66
6361,13363,11914.613380172512,12406.04
6362,13994,11302.232501546965,13922.59
6363,1124,1224.312656165187,899.56
6364,945,1357.6720647544003,845.95
6365,3733,3609.355368405168,3709.06
6366,4921,4811.052108529245,4682.13
6367,3624,4593.952700342277,4112.73
6368,4725,5188.1901274975935,4348.66
6369,971,-408.1235733599624,796.8
6370,6608,7687.8386201292515,7271.0
6371,3409,3305.6352697984407,2901.96
6372,1914,2775.7814467096046,1975.38
6373,5882,6515.2856688364955,5352.58
6374,3137,3719.9816296118715,3017.08
6375,861,1198.7742899597451,927.47
6376,2192,2916.4123646001417,2083.53
6377,2753,3902.0186675766527,2929.23
6378,1114,913.4138663891317,991.73
6379,15587,14272.436163814253,15066.99
6380,4704,6172.2234966940705,5127.67
6381,526,362.1781197941582,606.8
6382,7898,6896.893233098423,8174.64
6383,3518,4055.71783934559,3736.01
6384,1415,1676.27829807851,1567.37
6385,799,1103.8583054041687,712.52
6386,17816,15869.484539878466,15681.21
6387,2444,2943.311583053981,2467.03
6388,636,280.4411050832591,694.29
6389,1881,2320.2432944540624,2004.04
6390,1351,1667.677256044245,1464.58
6391,1094,1280.9379348413177,898.13
6392,1629,1841.6423650485785,1487.42
6393,942,647.459679081966,801.37
6394,633,773.2199700741553,571.58
6395,4309,4817.423121664038,3770.96
6396,15708,11082.257378741873,15284.59
6397,614,614.7821748150704,665.31
6398,827,522.9677484343492,753.11
6399,2583,3238.7220365684625,2816.51
6400,7477,8367.221619264641,7788.65
6401,10224,10414.150513873592,11103.68
6402,15818,14758.285741575555,15329.98
6403,1024,1286.9736350835547,1008.3
6404,1565,1732.5947431427367,1587.83
6405,2782,2970.3530147601527,2072.58
6406,2550,3422.2801014560573,2703.69
6407,3819,5210.46113758305,4601.98
6408,2086,2491.3660405009073,2321.42
6409,2493,2668.8309856239866,2723.46
6410,684,944.652290032403,716.12
6411,1752,2650.941368633642,1843.44
6412,814,1045.0944668800303,838.61
6413,2363,2795.0746141271434,2472.98
6414,4355,4722.024040904265,4438.13
6415,15505,11479.319788517152,14315.86
6416,2511,3435.150375589387,2950.81
6417,4532,4631.004753123805,4437.72
6418,734,894.4633398003352,755.27
6419,672,0.04900203421857441,675.02
6420,7037,6794.884883588765,7427.87
6421,2839,3818.485880935427,2843.97
6422,2968,3541.626387549306,3694.61
6423,1259,918.1054675556479,1287.3
6424,5051,5534.903539730058,5342.75
6425,1915,2492.2303270331895,1836.17
6426,7336,6834.63645491458,5867.52
6427,1654,2536.820927501088,1602.98
6428,1565,1826.8423682276498,1581.1
6429,9789,9578.62720481542,8804.316666666668
6430,1005,1123.931989990081,932.11
6431,3950,4367.655954251071,2952.17
6432,2192,3073.349781654297,2131.81
6433,645,635.6254984588641,689.5
6434,967,1067.9701943849186,949.94
6435,814,1233.947551858717,819.52
6436,1754,2192.679457769911,1844.85
6437,4834,5273.08072722223,4697.9
6438,4476,4877.226928612953,4160.22
6439,1443,1498.0100321694554,1551.12
6440,1939,16.280891617782345,3554.9483333333333
6441,8582,8707.985257349455,8149.43
6442,720,910.01204882207,793.26
6443,698,351.9487352488195,676.7
6444,2863,3217.095581147462,2536.46
6445,2898,3632.808035395069,3751.05
6446,7171,7924.677941567014,7361.66
6447,586,188.43303558492516,665.35
6448,3601,4218.639073047059,2904.05
6449,15717,14190.63560925874,16870.08
6450,827,68.54810386773715,875.94
6451,7950,6613.415554768534,7413.02
6452,3546,4512.5817305722285,4236.879333333333
6453,5094,6408.715166064842,5678.52
6454,16231,13973.995583647187,13991.68
6455,988,1241.8781059374442,885.34
6456,1155,1660.5017234926213,1122.17
6457,8348,8160.8412428473675,8908.43
6458,2504,3065.6595966029186,2599.23
6459,6072,6432.817400425276,6241.37
6460,7632,6394.175882436016,6800.97
6461,1009,803.9586486588423,913.21
6462,6121,6635.144395245114,5651.29
6463,607,979.2690166606039,698.81
6464,1175,630.2277080656381,1247.42
6465,3105,2839.240640923887,3256.4
6466,11565,10391.064923496728,11618.64
6467,4291,4468.030079410747,4222.1
6468,593,-349.2685457627267,618.28
6469,790,758.9914896408318,896.11
6470,1026,936.5083243863705,1113.39
6471,1183,1928.8255839336289,1235.15
6472,705,372.11476678356803,805.61
6473,1815,2056.032291238882,1638.76
6474,673,616.2213196213133,640.41
6475,4256,5369.706794905087,5123.8
6476,9761,8836.125056901656,9805.79
6477,2189,2840.2496354729956,2063.77
6478,1742,2545.312664921228,1910.9
6479,10973,10217.495951523295,10688.04
6480,603,180.17819967656033,634.73
6481,1720,1771.173608720932,1600.75
6482,1566,1769.9299341617602,1586.18
6483,3308,4067.5493405922525,3100.94
6484,872,614.4799640009869,835.63
6485,1049,-2816.4562601078096,1585.86
6486,658,834.5263191277236,662.18
6487,1778,2439.9211001770877,1827.84
6488,1007,1607.5338773340745,1057.31
6489,7882,6930.466857773193,8730.74
6490,6732,6499.090343896934,6793.44
6491,432,-505.66794905178085,439.89
6492,4455,4440.670709012111,3906.49
6493,1389,1227.4752462269535,1408.35
6494,5050,6826.360674098995,5949.348333333333
6495,4309,4835.984632046013,4403.43
6496,4579,5311.46434720188,4529.58
6497,521,-87.44419636857765,581.63
6498,2514,2894.922222428011,2255.68
6499,838,-206.2021183067618,797.97
6500,709,46.90404634442348,684.46
6501,855,-359.5331654086531,810.43
6502,3193,4182.294413157146,3265.9
6503,1117,1709.4197061461532,1000.505
6504,8637,7160.828927482462,8623.54
6505,6488,6254.662629686765,6490.97
6506,4118,5403.5276018979075,4535.49
6507,1407,1677.398899422099,1410.52
6508,1915,2508.2604011969347,1831.54
6509,10758,10363.65384102529,11047.78
6510,6355,6570.338641452647,6474.99
6511,9050,6817.05744041688,8611.02
6512,3674,4405.281399726141,3782.32
6513,981,1479.0585909548372,1004.36
6514,467,-297.7213661651158,496.77
6515,3037,4012.3019115023635,3235.3
6516,3729,3702.5577462502547,3966.5
6517,9188,8219.773078087188,8178.27
6518,16241,15305.407126465636,15288.39
6519,863,890.1588171455523,995.34
6520,1605,2086.5197406005145,1647.54
6521,2201,3522.634331060352,3126.74
6522,3619,4324.915014900693,3069.03
6523,746,1054.6533553365343,881.47
6524,4338,5403.04698496471,4516.37
6525,4625,5234.897196038155,4368.95
6526,1079,1506.900559321607,1100.98
6527,6416,6039.907466875723,5971.124
6528,1412,893.8170780615642,1281.64
6529,1351,1348.7188188099954,1368.17
6530,421,-1271.018181917012,483.16
6531,928,756.8333071602719,873.31
6532,4242,4498.7645076665285,3985.3458333333338
6533,3384,4342.7076297244375,3324.43
6534,2654,3064.0600387550885,2759.82
6535,6533,6249.148539844489,6672.91
6536,968,1090.9665295808436,1003.98
6537,1031,-599.8378434226861,1048.23
6538,1172,229.75266548315722,1266.74
6539,716,82.44539818631984,809.75
6540,666,592.733351036497,680.64
6541,5166,5339.594635315901,5068.23
6542,3136,4083.136412358037,3236.13
6543,10055,11852.434666026431,12374.61
6544,4494,6273.847296634506,5595.04
6545,689,-272.4432288791204,591.58
6546,5312,5694.20723384532,5727.68
6547,4842,5253.899992958358,4967.17
6548,18729,11394.274935716927,15565.37
6549,560,1315.8259770227796,596.86
6550,1308,1097.805914523669,1323.26
6551,3732,2927.4917681851184,6064.03
6552,600,560.7669400822024,654.07
6553,4866,5151.180966008273,4639.48
6554,13363,11565.187402639134,12375.33
6555,10243,9112.010805869619,9435.13
6556,833,624.9973059376116,844.8025
6557,3309,3929.5233620621952,3190.25
6558,7356,8434.418522340748,7562.85
6559,8276,9225.832499680666,8737.77
6560,746,1072.7951521004115,854.54
6561,4197,4710.526484399107,4644.42
6562,950,1343.5881995742689,797.4033333333334
6563,1332,1404.4869295503318,1411.83
6564,612,-225.9312700772025,595.88
6565,490,421.05559290605106,510.5175
6566,10436,8651.241607623408,10887.16
6567,4854,4841.096981040799,4561.39
6568,6446,6243.022794315931,6612.89
6569,690,901.9250880261989,762.62
6570,2124,1889.0214904064756,1591.7
6571,6958,7351.847523858056,6724.92
6572,1552,1800.7687718940606,1579.14
6573,728,1313.6367434901672,856.65
6574,921,1388.535206793933,948.75
6575,687,540.2602249255469,767.18
6576,526,308.2220890594308,577.51
6577,2902,3747.9315481159347,2923.65
6578,589,-28.533877844806284,578.97
6579,2666,3194.5808582644295,3289.39
6580,4278,6848.342987660857,4828.0375
6581,14889,14259.233135047076,15589.03
6582,948,448.65116550398307,805.24
6583,942,825.6303754811061,846.6
6584,844,531.7653714176058,847.75
6585,1954,587.6277007794929,3449.56
6586,2688,2517.670870717182,2431.31
6587,1061,954.3647618073,1026.35
6588,1248,906.329692779962,1251.04
6589,3189,3575.847987219014,3498.31
6590,886,1330.370051022369,863.95
6591,1712,1872.5433020162645,1645.45
6592,7541,6921.234228140874,6936.84
6593,6708,7530.104408835528,7412.01
6594,844,1384.3871027118812,863.72
6595,2333,2953.2736247855996,2313.36
6596,8574,8041.138341377857,8102.84
6597,7553,8899.569054632295,7289.49
6598,2229,2211.0127224430553,2581.55
6599,492,773.0908036477076,508.97
6600,1107,1306.257536519659,1010.35
6601,740,859.9379897736735,800.67
6602,7480,7123.818370362821,7167.5
6603,6763,8425.277993665957,7605.17
6604,5251,5120.037588729276,5072.52
6605,1949,2559.6873841027627,1907.01
6606,833,1594.3709044207344,976.96
6607,7840,9294.913557993163,8636.01
6608,2683,3818.3265490309213,2669.64
6609,705,-130.2016349283267,809.43
6610,16718,14350.259093593793,16015.1
6611,798,743.7121429477675,794.8
6612,4172,3823.577164247301,4229.2
6613,12308,11512.64998388707,11224.16
6614,4861,5421.757821656038,4617.0
6615,8042,6868.448159510142,8245.715
6616,992,-1809.0108789942697,1711.32
6617,4799,4959.435765161374,4514.77
6618,5586,5578.910308020078,5445.186666666667
6619,799,1031.0114193647973,700.55
6620,6579,8089.355801905318,7144.87
6621,10063,9619.728496272961,9547.03
6622,3880,4986.787332858333,4453.36
6623,15144,11984.74543807616,14799.73
6624,2406,3496.3332787016743,2550.72
6625,2057,3039.0234974827604,1956.3
6626,11025,7707.503128913638,11128.75
6627,2240,2693.5765261615875,2327.25
6628,3290,4085.1402737420467,3298.8
6629,8120,7112.866732649406,7534.67
6630,2889,3490.3220322707757,2947.99
6631,17041,12928.133292301953,15841.8
6632,897,1307.3990555410692,853.314
6633,9980,7017.926269512397,10069.01
6634,619,745.3492115314793,739.43
6635,8480,9354.258379727247,10059.32
6636,4925,5751.157986284516,5186.04
6637,2855,3543.4824003829667,3854.55
6638,1838,2352.5640207576403,1903.67
6639,754,-303.1154973993089,831.05
6640,8288,10400.767747983933,9625.25
6641,7146,8683.759831352716,7613.12
6642,5914,6024.9953772528825,6346.96
6643,7755,8528.240059571857,7868.22
6644,6976,7287.232300057941,7117.04
6645,1822,2374.4787118639074,1763.3383333333331
6646,1781,2151.954986720746,1728.11
6647,1271,1960.8634181198436,1216.74
6648,3026,3329.864319464677,2688.52
6649,3271,4238.89713285463,3880.22
6650,828,653.845554906653,790.98
6651,1238,1068.480776316046,1707.1
6652,1559,1540.1944917823048,1496.48
6653,3347,4378.3577759453365,3680.55
6654,3989,4302.959999353205,3993.53
6655,1922,1345.6675195919806,1987.55
6656,642,980.045340666335,613.43
6657,1576,2246.3861289673387,1745.14
6658,942,857.5070429211273,890.58
6659,4853,5655.603356233319,5493.66
6660,432,-1301.7873607761348,447.71
6661,1635,1903.6803731192213,1538.76
6662,3489,3791.2700031211075,3652.61
6663,639,569.0876042657746,737.55
6664,2937,3122.974123812467,3068.61
6665,2474,2371.7538571605705,2684.21
6666,631,518.5272854207005,774.68
6667,3119,1746.8766581102473,3382.34
6668,865,1182.6929259522249,907.8
6669,1654,1786.889444847956,1624.04
6670,15740,12442.92612525568,14116.37
6671,914,1668.8615511924863,922.18
6672,5525,5917.898888368563,5350.32
6673,713,1166.6765387051769,783.98
6674,1176,652.7410690796214,1234.6
6675,647,-588.1121012285257,733.88
6676,1769,2289.0747709094217,1832.865
6677,1196,1462.0420303982119,1262.73
6678,4523,4727.118535433595,4157.61
6679,10886,9096.462782786564,10982.23
6680,825,1144.599685850263,815.2
6681,1163,1959.3739296807378,1191.09
6682,1024,1390.4047359804254,1021.1
6683,5842,6129.354207079976,5739.32
6684,5556,7500.318421459941,5252.43
6685,3058,3200.3535993821642,3373.2
6686,1978,2824.782147350349,2049.39
6687,915,1703.7145371549386,1029.49
6688,18599,13438.435012241673,17688.31
6689,11508,10441.318107881194,11400.65
6690,4446,4828.687864943777,4311.13
6691,6215,6977.7682258536515,6674.1
6692,7000,7536.896830211605,6576.76
6693,435,448.4212219752353,534.7
6694,1196,1351.1006539504665,1282.43
6695,3077,3889.045816312514,3120.97
6696,2304,2881.6418446112857,2596.6
6697,814,1481.47394703265,734.45
6698,4953,5475.514102110226,5160.44
6699,1433,1862.8349793220077,1466.49
6700,603,144.06084543492125,787.59
6701,8011,6537.301377756918,7238.54
6702,944,1984.6098584176093,962.68
6703,880,793.2792083219356,805.1
6704,4648,5108.766535427328,5212.51
6705,1007,1612.1210515898365,1011.89
6706,716,958.1966525898433,715.53
6707,3373,4006.632899881051,3535.29
6708,1661,2363.6226826638585,1564.94
6709,2447,3260.664092300095,2513.98
6710,1778,2386.633321207114,1920.66
6711,5773,5832.974706589553,5717.58
6712,1008,1783.876134296957,1151.77
6713,852,783.4022594124981,922.76
6714,5134,5274.83099715694,4619.53
6715,818,-410.85217850690606,783.53
6716,3750,5480.769881754728,3651.56
6717,1342,948.3031485922511,1433.43
6718,7587,6640.1560972811685,7561.86
6719,906,859.904344984363,870.72
6720,4704,4657.239727874193,4431.22
6721,1007,1542.9666967298945,994.13
6722,6310,6247.721919544845,6427.91
6723,3879,4525.141990701415,3452.14
6724,4783,4798.97967888541,5111.31
6725,540,14.281982746120775,556.57
6726,2753,2993.831295870895,2651.27
6727,425,814.8649010090021,495.14
6728,886,1575.023531560496,889.54
6729,2173,2073.272571615841,2525.92
6730,18291,15490.180824110843,15982.15
6731,802,569.0261016638387,750.445
6732,8393,7415.271666372846,8585.83
6733,7233,9191.155268442744,8642.33
6734,950,1397.9222870270996,885.76
6735,4959,5733.684329077067,4861.4
6736,607,-140.3139414413472,657.69
6737,3737,4419.148493390321,3746.5
6738,12554,12493.289440512477,11718.45
6739,1306,623.4804581317576,1169.88
6740,6852,5586.038852848944,5166.19
6741,1389,1346.8017760320927,1477.0
6742,683,-289.45780665026905,681.34
6743,2543,2785.349084395101,2746.75
6744,3457,4021.9506465236636,3227.2375
6745,4201,5079.342113820195,4385.87
6746,2557,2548.257580175253,2516.72
6747,2230,2851.8259543132967,2306.46
6748,2366,2206.829635769385,2809.81
6749,18663,15339.11125981271,16662.99
6750,2182,3002.143820778155,2338.39
6751,4240,4589.503807015838,4486.9
6752,1279,2203.266196777071,1120.65
6753,730,1057.6725055272814,738.58
6754,6032,6707.8142977059515,5726.74
6755,3048,3294.5845347423738,2664.38
6756,17057,11718.55359771625,15493.81
6757,5243,5591.076880404687,5132.91
6758,1294,1307.3098159072615,1075.46
6759,2028,1587.598907006125,2175.76
6760,4877,6006.726174058283,4922.34
6761,550,502.35726887146257,584.03
6762,834,-229.36370740533312,741.2
6763,3447,4325.758390213266,3917.72
6764,7715,8002.8757401670755,7474.08
6765,5051,5248.019459970988,5061.59
6766,571,-957.1814098360574,492.22
6767,876,-241.37457774910126,782.34
6768,499,741.035209485045,582.41
6769,4662,4804.050635597245,4423.899
6770,2732,3358.053659024451,2553.04
6771,2951,3309.3767702504406,2856.05
6772,1698,2000.4324789555903,1727.96
6773,2743,2302.7478907308114,2306.02
6774,571,-55.02071631503077,562.46
6775,828,598.3994739451309,722.01
6776,14759,10887.098118542473,13887.41
6777,2762,2596.9247530642688,2413.19
6778,7276,8321.72952570338,9484.68
6779,1131,1383.8988166809177,1029.01
6780,561,154.01104698459812,642.15
6781,694,886.5585018353904,713.83
6782,512,-579.6071959433048,463.25
6783,6610,6209.065350617331,5957.42
6784,1009,1476.558573241413,978.1
6785,605,446.81682090952927,619.14
6786,6713,6943.2867601833,6779.64
6787,389,-705.2733986249877,476.13
6788,5001,5483.429835126308,4632.2
6789,908,1424.3790602161089,973.17
6790,957,842.861381029586,860.58
6791,5562,6252.080473033263,5437.68
6792,11302,10340.32747316311,11407.48
6793,687,675.7848551536981,697.6
6794,5455,5833.713943651663,5417.84
6795,6250,8476.376975603267,7127.74
6796,1061,753.0787298718751,893.54
6797,9235,9681.666554537456,10327.28
6798,1094,402.5256525661598,1000.41
6799,11519,10109.480068796278,11487.94
6800,12014,10615.835683739842,13677.44
6801,421,-791.9568326909248,481.78
6802,4672,4693.146124366549,3964.505
6803,1141,415.8832148948568,1103.6979999999999
6804,2624,1206.4379175966187,3575.03
6805,597,1055.9713730586095,658.39
6806,3689,4980.079023011133,4002.03
6807,5072,6004.89591985413,4659.99
6808,572,-1433.8021558943046,500.00333333333333
6809,673,260.0099345747185,727.57
6810,10659,9849.27766092381,10461.87
6811,2343,2006.6173088646897,2384.74
6812,3099,3822.6736172334613,3393.7
6813,873,1265.8116510154669,798.8275
6814,4586,4792.577635623726,4310.02
6815,1957,2424.218121271731,1936.15
6816,1326,2337.627525160999,1202.31
6817,723,821.6060076154772,789.03
6818,2406,3467.627174278781,2812.96
6819,2375,3007.9236216190907,2430.48
6820,11105,10272.343577935513,11166.6
6821,6237,6710.475958590988,5920.51
6822,3447,4084.2460404301055,3265.95
6823,2539,2733.27204841636,2470.6
6824,1709,1208.754176033195,1460.34
6825,2195,-744.7647519180946,3201.88
6826,2441,3450.2855818114595,2684.5
6827,6593,6942.149337435412,6680.68
6828,4596,5586.299482240584,4845.05
6829,988,1344.061082964311,940.72
6830,7761,7804.103991659395,6508.41
6831,866,1203.5513835456422,837.23
6832,10691,11596.010232607357,11578.05
6833,2397,1970.329269725099,2309.58
6834,2858,3595.4023982962754,2897.73
6835,540,191.3219443072794,587.11
6836,1132,2205.0977595826903,1169.73
6837,473,-933.1457782273092,574.34
6838,6399,5878.115614146002,4912.48
6839,3091,3519.356703250375,3864.96
6840,574,-970.2668261005228,529.6
6841,2744,3462.714211087653,2690.06
6842,571,-32.08347777916242,580.98
6843,854,1442.151653438792,935.3
6844,4967,6117.783288539782,5683.84
6845,15837,14321.725236483575,15762.3
6846,1286,380.06849303545823,1172.39
6847,4740,5670.759502143833,5019.77
6848,912,1398.4062131467226,882.56
6849,16900,14543.939282682086,16121.05
6850,5421,5725.7177788176205,4923.85
6851,491,-431.1481534504401,620.7
6852,5633,6128.517401547144,6407.03
6853,8851,8501.362418048187,9054.81
6854,13691,13904.99102653287,14926.485
6855,7477,6806.846611677243,7657.04
6856,1243,1174.2689505903481,1335.19
6857,477,-340.7137179755755,504.34
6858,6683,6376.764513115827,6778.84
6859,5385,6093.3300854173285,6029.45
6860,4414,4760.210607202262,4282.01
6861,984,505.1638169492753,1179.17
6862,1712,2011.5189711445782,1490.16
6863,5156,5421.0779727367335,5032.52
6864,1018,1830.9965244463065,1060.18
6865,919,1549.4647445716146,972.74
6866,13333,10726.608067567327,13707.12
6867,11190,13413.723302302953,13278.52
6868,3310,3828.347112567474,2719.5
6869,1607,2129.8739880457397,1723.73
6870,6233,6733.1038065597195,5380.4
6871,4125,4330.354521984653,4213.06
6872,591,-1055.680029546089,559.28
6873,1893,2957.2300672810984,2031.95
6874,11844,8248.584449035203,10870.8
6875,969,500.1414858516091,861.93
6876,17905,16311.022116177877,17523.94
6877,9596,9956.540362770833,9474.72
6878,6471,6497.235155504883,6188.23
6879,865,1302.9904362350653,844.65
6880,8254,8526.709726635429,7798.5
6881,446,-197.33040565676947,584.98
6882,8110,7341.418596817221,6966.4
6883,552,815.9030024254439,533.2
6884,2375,2930.9999209364773,2530.42
6885,924,1433.608563573467,905.34
6886,446,-838.2809986257907,453.85
6887,1181,1579.1140951337293,1097.18
6888,14220,15637.790197078075,14461.11
6889,4199,5016.219098819682,4737.5
6890,435,456.0087959990369,541.36
6891,4520,4592.862638557093,4353.71
6892,5687,5846.97201271616,5957.16
6893,933,1326.225327891173,884.51
6894,4612,5564.909721800089,4542.91
6895,2494,3142.561460109533,2576.615
6896,1027,632.4443621443047,1041.2
6897,802,537.5377971175394,759.7078333333333
6898,13423,11067.886542527966,13602.01
6899,14165,10932.864816591147,13911.24
6900,680,534.5842933916165,755.61
6901,972,1011.0605224497413,902.2
6902,2617,3536.163170883052,2451.6
6903,2196,2844.719416402154,2366.54
6904,4061,3585.0205559119086,3716.7
6905,2064,2743.2458965795454,2125.98
6906,692,968.2209304672806,866.66
6907,758,650.6252136079311,837.3
6908,3303,3004.6835288841485,2905.73
6909,15992,11719.152508781804,15320.76
6910,1645,2495.9400846617236,1857.59
6911,645,504.4327905986088,650.16
6912,2398,2741.20533620624,2416.28
6913,8887,8521.253343068465,7931.09
6914,7037,6372.551165361235,6623.96
6915,587,673.0199227506964,663.3
6916,3950,4562.919627372337,4052.49
6917,780,388.54047911047746,685.64
6918,7010,6735.831437670419,6881.54
6919,755,1348.839316773869,840.48
6920,1844,2181.4972989364505,2435.62
6921,5223,7192.684393765643,6100.89
6922,876,-166.9166004160361,861.72
6923,1236,1884.4417021847403,1183.88
6924,4480,5390.130820905071,4692.69
6925,468,-693.053561753929,472.43
6926,2246,1951.0177938178917,1789.98
6927,4876,4895.955149392767,4981.86
6928,606,491.2441088957503,688.38
6929,886,1570.4363573047322,887.77
6930,2818,3582.6097826729983,2721.59
6931,797,675.5719752863588,832.09
6932,1098,1027.1631986569623,1342.49
6933,1976,2930.7745112568696,2148.58
6934,1060,1179.2530219913724,916.05
6935,5207,5791.442833101143,5181.68
6936,1343,1093.9303045313968,1360.42
6937,723,475.3014696315404,943.58
6938,1956,2468.683222682755,1808.37
6939,17552,11978.396932588028,15989.47
6940,652,730.7948049310644,665.14
6941,3924,2852.9631740843733,3681.79
6942,9973,9659.139493745657,9849.073333333334
6943,6095,6704.447381157518,5981.72
6944,7589,7127.758554364835,7299.77
6945,9281,9045.249165788613,8829.95
6946,5405,7182.327050429996,6245.66
6947,4386,4166.746460708581,4469.87
6948,1084,1562.393622607763,1060.81
6949,3015,3768.755310751666,3548.28
6950,2933,3471.9501723529083,2353.52
6951,5967,5764.361236299152,5824.49
6952,4895,5366.691411305397,4882.76
6953,3705,4428.441465531621,3452.25
6954,4060,5168.457829211822,4943.76
6955,10800,7174.118366287987,8715.23
6956,2960,4040.3299742921913,3304.95
6957,6834,7813.935481687354,7595.55
6958,5969,7066.539181460917,5501.213333333334
6959,1892,2436.7476179160767,1831.35
6960,14548,14289.680738933015,14792.2
6961,1200,1649.645588235603,1160.15
6962,702,994.8358092788376,742.57
6963,5721,6784.115038481255,5760.12
6964,747,1066.0038169371892,793.63
6965,3668,3723.8685195001626,2837.55
6966,8154,6879.130413751619,8851.49
6967,1024,1415.3406932785265,1008.77
6968,1148,1751.5493295391284,1184.96
6969,8911,8104.614839412792,7862.23
6970,1081,1834.1958635901196,1134.68
6971,579,-466.28028460766654,672.47
6972,449,-481.26949923916527,483.29
6973,5273,5754.486492674202,5873.48
6974,3185,3236.0190550521484,2663.71
6975,16797,17990.95185463752,15778.88
6976,9236,7000.583399393912,8544.33
6977,4137,3614.618257680408,4035.89
6978,4979,5327.9554831810665,4891.17
6979,2202,2606.0593628388906,2358.31
6980,1008,1391.6646732109525,1030.19
6981,844,426.699046759717,817.2
6982,3577,4132.696626825475,3612.36
6983,878,973.8731771843836,825.54
6984,12900,10673.486877891315,12761.18
6985,1932,2106.621299892742,1702.29
6986,1017,1240.692348096084,1115.09
6987,4784,5750.8029093506075,5273.58
6988,585,542.698971294456,621.26
6989,2035,1418.9739701706635,2131.14
6990,744,899.2204293442674,822.75
6991,789,1139.1794746432452,836.44
6992,1636,2127.6548273967446,1637.53
6993,1307,1717.8871815576763,1421.16
6994,2192,2983.7313834719366,2061.66
6995,906,665.5729200865926,858.43
6996,9507,7648.096179306168,9372.79
6997,1363,1286.5696388902657,1308.11
6998,2870,3671.9900051223135,2645.235
6999,13127,12265.59591654993,12176.49
7000,1063,1100.790667706735,903.58
7001,892,1659.7231439633106,973.33
7002,2751,3844.9616375262026,2937.81
7003,774,994.554362348641,846.32
7004,5430,6264.969743220597,6571.75
7005,648,-183.63598514163914,610.44
7006,1449,1758.7512940138595,1496.64
7007,4560,4954.583006725445,9006.47
7008,2057,2475.942639190491,1857.25
7009,641,800.4292353387364,734.92
7010,4181,6053.415012249434,4604.18
7011,4443,6160.193304275579,5506.97
7012,3461,3558.2903775520117,3569.52
7013,3048,3340.5810502422846,2559.67
7014,480,-2176.9683528975456,483.85
7015,422,-303.25024604131977,501.92
7016,2058,2964.4924898922295,2165.05
7017,368,-2064.4581732819406,434.5
7018,9384,8961.464306953105,8513.4
7019,11163,7099.682734754548,10770.18
7020,1250,1194.6437866746446,1223.26
7021,2104,2846.6454618912194,2233.53
7022,5546,5851.097156003607,4833.87
7023,5504,6738.548474827479,5775.98
7024,1426,2047.399495261384,1774.41
7025,8943,7011.887091981428,7491.79
7026,3188,4413.632305784721,3423.73
7027,907,1070.8533658078218,742.44
7028,1776,2095.0645354393973,1875.92
7029,4265,5025.324384256648,4457.39
7030,3127,2588.4116972568286,4985.2
7031,1289,2288.0690239392893,1299.57
7032,1266,1114.016799944332,1368.73
7033,611,543.6332861912679,411.15
7034,1111,525.7657618153562,1172.17
7035,705,-87.7647622147565,899.6
7036,14837,14577.726976790198,16529.13
7037,11074,8022.240218483535,10044.35
7038,1008,1514.963089060734,982.91
7039,7094,6662.342240471513,7784.68
7040,1084,1227.0247519010827,1302.47
7041,14047,13618.72757836307,14287.765
7042,1289,2281.2859442212193,1285.04
7043,1668,2383.774453131459,1993.34
7044,4465,4930.733952667126,4824.24
7045,4469,4920.600533557032,4843.43
7046,1196,2099.581204448419,1197.03
7047,1179,1834.6998594911684,1220.28
7048,3819,4369.579175985258,4240.25
7049,2582,2998.0384306528326,2222.0
7050,1206,1178.4734172044668,1323.11
7051,1618,2156.8501709485827,1659.67
7052,16629,14313.166906677203,13723.415
7053,16169,12861.278546466603,16247.11
7054,3740,3773.4274747321697,3340.61
7055,794,1158.5175815705152,874.02
7056,1636,1518.565608359831,1356.64
7057,608,-408.91115244235334,606.79
7058,6106,6331.085701702537,6000.71
7059,2251,2781.9014424125203,2386.49
7060,631,908.6219782848061,687.23
7061,4580,4018.5015797369756,4448.84
7062,500,-298.2928283507099,518.32
7063,8106,8255.791812246673,7295.73
7064,3084,3815.3421980001604,3183.3
7065,2827,3638.53281654944,3276.74
7066,2723,3562.3986470702785,2854.82
7067,5852,6292.3372697280965,5787.91
7068,552,-97.462080318267,687.93
7069,2756,2693.574271504867,2757.86
7070,1130,1781.7399571550363,871.36
7071,9439,10173.18202209557,9862.09
7072,514,365.60237416260907,568.65
7073,781,878.329083202595,724.63
7074,7672,6474.286574255842,6181.095
7075,863,1378.1677008807433,865.44
7076,3618,3559.7308038767183,3649.16
7077,1847,2310.1484641704146,1758.52
7078,491,-389.5067398070696,533.34
7079,6378,7532.627899642734,8207.78
7080,12161,10862.397559633097,13143.998333333335
7081,15992,14451.700852935506,15024.861666666668
7082,4932,5065.382612427684,4642.06
7083,844,814.5989886370344,762.23
7084,1389,1407.3877378634907,1388.83
7085,907,588.7318167204367,900.51
7086,864,1390.9092421887094,807.59
7087,11820,10547.939678545139,11689.25
7088,11816,11373.127991194,11053.48
7089,1218,716.0504846225749,899.48
7090,3010,3991.553231594824,3236.25
7091,732,38.48869591854509,716.11
7092,1720,863.8921281668249,1920.53
7093,1654,2147.1692845041575,1754.52
7094,743,518.9646949033095,742.3
7095,1939,2526.981792441241,1840.58
7096,7560,9342.944225702588,9134.19
7097,552,-130.60715358847483,509.57
7098,2213,2165.841405463461,2135.98
7099,10481,11012.047786900122,11382.26
7100,2268,1792.6616004374678,2086.18
7101,7226,6715.00796786108,6853.91
7102,599,1085.9055211442837,638.13
7103,7418,7922.11569309789,7334.95
7104,530,641.3371446179685,504.31
7105,4018,4555.659868547995,4144.74
7106,404,261.5886150651213,460.43
7107,17548,11632.337475230584,14502.93
7108,4201,4566.182828477227,4142.47
7109,7588,6481.394982222741,7476.8
7110,666,853.0045849296812,703.11
7111,5093,6158.3076072935455,5262.32
7112,8879,9799.786784380429,9660.81
7113,9731,9394.183794891513,8706.33
7114,13588,10658.442841300468,12204.69
7115,698,111.60732887039467,692.66
7116,7528,6714.876414323376,7835.14
7117,1367,2152.2106108128146,1441.25
7118,2715,2893.914749370441,2899.84
7119,7367,6583.343816048608,7635.51
7120,790,1208.6834592731475,860.25
7121,1400,2191.187274104973,1303.38
7122,2262,2434.285964566495,2534.39
7123,686,699.5454047305793,804.63
7124,2724,3923.216368573182,3772.1
7125,6814,7941.455854141991,7124.54
7126,678,1005.8916647277756,648.41
7127,4276,4841.664832296905,4543.49
7128,5590,5731.363554941456,5436.63
7129,6985,7372.590769587907,6756.68
7130,8835,9940.246403587986,9877.72
7131,16128,14154.736508729775,15685.46
7132,1965,2908.6183184560823,2059.02
7133,5556,6279.716622033756,5341.61
7134,18369,18041.052373452592,16575.71
7135,2016,2780.2483421651114,2002.88
7136,1909,3007.375967533984,1995.06
7137,2394,2644.0162647405123,2204.97
7138,1335,1898.4614000393467,1613.44
7139,1326,2329.01130014185,1197.42
7140,3204,2732.5564004866746,3473.63
7141,4503,5361.520238844494,4540.96
7142,4882,5406.910354390419,4609.48
7143,4227,4659.433004951763,4293.84
7144,13905,12767.450474903728,13922.09
7145,3000,3627.4798811619107,3145.94
7146,942,945.6673431511163,852.14
7147,4724,5463.348747375991,4618.04
7148,933,1198.0996146097314,809.59
7149,17049,14600.309556924667,16359.69
7150,4327,4524.679545487997,4598.15
7151,1196,199.31717446128414,1139.63
7152,698,-133.20339597948578,674.14
7153,7059,6604.646451060991,7365.31
7154,3569,4372.772297562301,4112.17
7155,4123,3986.1140674867206,3886.63
7156,608,1380.3197253741037,719.37
7157,2290,2098.2500724377114,1739.92
7158,802,562.6820219318661,788.8
7159,459,-49.23519307016886,498.0
7160,15977,13999.91595236464,15982.48
7161,10742,8156.510125595674,9793.29
7162,2117,810.361373661528,1900.98
7163,582,748.000903019185,572.6
7164,1323,614.4307795570471,1163.1166666666668
7165,2800,3862.436589075915,2701.4
7166,1915,2383.8129726208444,1924.81
7167,732,173.7957294154503,648.87
7168,2852,3500.0890189320316,3452.93
7169,2698,3250.318588143539,2800.95
7170,18440,14488.983118629169,15427.29
7171,14341,20335.260794598536,15637.41
7172,8481,7210.0579305387655,7117.04
7173,3348,4359.185338589411,3765.32
7174,4840,5332.741276199764,4629.99
7175,645,801.4118057057412,649.4
7176,2218,3055.103382805597,2535.87
7177,9030,8407.267974323568,8831.39
7178,4637,4819.757365617191,4330.39
7179,4670,4922.53902133205,4108.09
7180,3096,3930.98524288339,3436.61
7181,8385,7017.29989371576,8273.999000000002
7182,1232,1977.5817703128582,1153.54
7183,4497,4864.625976746309,4438.6
7184,603,-217.63096813527318,652.63
7185,3199,1770.014158486364,3273.25
7186,6746,6976.287350163552,6780.29
7187,868,1130.9726440498494,913.69
7188,3584,3536.9154662647998,3542.53
7189,1094,429.3911123980497,1148.58
7190,935,1222.2005192434244,938.58
7191,579,26.493009314460323,693.03
7192,12105,12068.42747778244,12119.323
7193,5577,6251.874776062389,6319.59
7194,541,825.842682804579,599.73
7195,2993,3363.5314184989747,2760.43
7196,948,1544.699619623745,1015.36
7197,1348,1173.7435864160852,1287.09
7198,487,544.7629604320546,509.85
7199,17081,14637.543624207146,16416.34
7200,580,216.89099407666345,570.0
7201,1024,1416.8073473927461,1006.87
7202,3299,3413.4120538501593,3850.02
7203,612,-717.7193036523822,551.7416666666667
7204,10362,9539.855256199087,8504.91
7205,5211,6170.353074597562,5456.87
7206,605,416.92819891545514,646.39
7207,984,1461.9846759317288,998.17
7208,1048,1450.613517366557,1029.31
7209,5871,6314.752771932325,5048.87
7210,1097,1499.5659837336475,1069.4
7211,2596,2724.42761352045,4410.13
7212,864,602.3269192427215,724.63
7213,3417,3103.0340174082057,3424.98
7214,683,134.69085818102485,781.88
7215,540,-975.4607220186754,578.21
7216,532,1153.6266492406262,627.64
7217,705,638.0227818372086,804.56
7218,792,833.4791391765484,695.86
7219,1084,443.3314455660184,841.24
7220,1904,2506.983260697882,1929.0
7221,1316,1131.2616942530435,1312.85
7222,770,335.5250348063546,744.59
7223,10011,7356.366831821555,9428.44
7224,5944,5981.958439028845,6172.02
7225,4984,4875.96102381331,4691.07
7226,702,679.0065048184761,675.73
7227,2334,2576.534577980702,2619.84
7228,1021,1421.9974762958063,995.48
7229,10424,10230.747414233752,9793.69
7230,6915,7909.409126305733,7394.26
7231,12168,14914.74978344616,15884.33
7232,4317,4632.554309895351,4242.81
7233,3391,2607.5936422971163,2563.28
7234,9471,9608.778050243953,9451.18
7235,4218,4669.195193541985,4022.25
7236,951,1436.64320034701,957.79
7237,2777,2837.6227612082907,2457.2
7238,2806,3022.2067541553483,2686.47
7239,737,559.1462626914022,810.11
7240,526,805.2054317233824,670.38
7241,1053,1556.6885011679742,944.43
7242,4196,4423.968182160368,3438.61
7243,6516,6179.179788840337,6269.26
7244,1610,2172.6586177952986,1735.18
7245,6968,6013.692002420334,6367.695
7246,1790,2002.7386586388438,1903.61
7247,5312,5215.890526344114,4514.99
7248,4523,4968.832591425609,4486.37
7249,15253,10865.744920276426,14085.65
7250,18426,14149.584890885433,15945.69
7251,1618,1617.4274421347504,1737.95
7252,4260,3991.2968626616725,4384.78
7253,4408,6414.180000908124,5510.73
7254,3311,4537.330172964692,3374.61
7255,1331,708.4047564909083,1266.9
7256,3749,4614.902272110389,4305.19
7257,6875,6276.759448779519,6331.97
7258,6720,6125.042032830565,6524.79
7259,10012,9649.95121784793,10361.76
7260,2238,3150.9018558389844,2222.62
7261,612,-180.17736949084428,595.3
7262,1155,996.6853387164838,1152.98
7263,2591,3297.417834116214,2580.95
7264,3759,4123.760415935672,3703.78
7265,4341,4349.48758446918,3982.33
7266,718,1233.7965711561537,873.5
7267,14375,11020.989148454777,14124.48
7268,4890,5261.079362060004,4910.385
7269,668,618.2829185938162,752.73
7270,12060,10444.64104754744,11190.44
7271,6435,7531.929133132636,6841.6
7272,499,-57.83712420545453,558.46
7273,810,1267.5568798776767,899.41
7274,17894,12050.127833553783,16859.28
7275,7911,9201.613248690974,7767.61
7276,2553,3056.005237757001,2756.44
7277,5672,6286.486246169041,5541.42
7278,2935,1094.426709334527,3466.37
7279,1842,2426.9967603511946,1944.28
7280,5278,5731.006528899305,5482.07
7281,2535,2510.012156962328,1890.09
7282,9448,8348.766170509094,9608.98
7283,11880,9000.01630471864,11467.15
7284,622,1108.6978609797102,651.99
7285,1754,2308.5995860917346,1764.11
7286,687,401.30730046617873,724.2
7287,2463,3178.957724435692,2814.76
7288,1040,784.4342082006538,958.11
7289,1345,1814.8302433596664,1330.94
7290,802,556.8800551794602,730.53
7291,930,1216.6241252154064,995.23
7292,448,-95.21895779094211,470.71
7293,4912,4958.887159591968,4303.6
7294,3927,4164.4646764958325,4320.56
7295,1238,1541.1896271346868,1432.98
7296,755,564.1041376065318,760.39
7297,18806,11896.278087605846,12533.27
7298,1786,1872.8627087083833,1643.36
7299,1107,1132.6241573935977,1034.07
7300,1064,1511.8079074000689,1130.45
7301,3464,3872.464354829399,3214.79
7302,11333,10883.2024912552,11577.5
7303,2108,2834.130823367238,2056.44
7304,882,1455.0482701813762,869.93
7305,2285,2595.5725201194527,2275.74
7306,485,808.4779608345184,497.44
7307,755,659.8661222627848,766.06
7308,7094,8000.119315574841,6848.97
7309,3750,4547.523792072775,3682.96
7310,421,-1223.7267907851474,487.1
7311,3861,4591.142024674458,4135.43
7312,2420,3329.179199764782,2466.48
7313,6653,6874.870110046121,6824.56
7314,756,262.3822345250419,671.32
7315,5767,6316.17095278565,5330.58
7316,743,371.11086754542794,705.11
7317,7257,6478.95867541933,6655.87
7318,698,294.52487395502976,623.99
7319,2387,3536.8818598191383,2332.65
7320,700,329.23105247470085,792.48
7321,8064,8202.74150264216,7346.12
7322,3246,2023.193989145333,3337.74
7323,487,-663.8063458462957,608.58
7324,13034,9136.447231369253,11572.97
7325,432,-1154.6080777096204,528.91
7326,5987,5803.823864602532,5068.02
7327,590,392.7029042499039,635.99
7328,625,552.3556383390519,652.48
7329,789,1245.4387655680312,909.94
7330,1036,270.24922405110283,1081.13
7331,4155,4527.819267540707,4074.1
7332,1415,1083.8532382725762,1369.4
7333,3423,3060.1007190541563,3404.95
7334,4041,4814.819925669822,4255.55
7335,526,98.30290838295605,581.68
7336,2606,3279.481542501318,2687.8033333333333
7337,10362,10124.6271339638,9984.68
7338,7832,9324.005509707717,8333.13
7339,3726,5305.191884739314,4482.74
7340,11587,11608.297526156752,11449.64
7341,4158,4651.206077719557,4266.85
7342,4907,6736.568142822137,5482.01
7343,1245,1882.9200136411391,1229.59
7344,2329,3552.864202750644,2627.33
7345,8416,6774.198909047019,7509.94
7346,1435,1860.5346352549723,1627.79
7347,1135,2164.154470739308,1196.22
7348,9347,10321.767031766274,11119.9
7349,4103,4031.0888790509484,4412.32
7350,6076,6864.604884129848,7073.92
7351,653,812.575583137751,620.41
7352,8608,9308.013455543809,8472.91
7353,3243,3906.3235415286954,3320.02
7354,787,836.70149269575,786.0
7355,2719,2461.5174781210385,2654.9
7356,2683,3812.303923156412,2335.48
7357,1305,44.325722137147295,1864.11
7358,3878,3776.3572045597584,3916.95
7359,655,66.96441245024153,679.5
7360,4289,4849.747295849083,4218.34
7361,11235,10602.122841996763,11383.44
7362,5534,6426.09020699412,5410.59
7363,5255,5434.145696114197,5162.96
7364,2928,3571.8730856504694,2723.49
7365,4389,4649.632696684785,4520.03
7366,4887,5197.226040801445,5116.12
7367,925,1280.7688415301673,839.84
7368,1942,2697.225146670595,2464.62
7369,965,1491.093705787764,1025.09
7370,15808,14608.438478224836,16243.22
7371,3499,4354.5676087552,3247.255
7372,2633,3393.5089183955424,3051.66
7373,3736,4439.802650676289,3645.57
7374,7090,7648.0655229963695,6515.17
7375,4718,5518.683227771979,4734.16
7376,4858,7146.146173914332,6115.77
7377,4265,4787.399703650242,3729.2
7378,15238,12339.050464802642,12538.55
7379,1081,1591.2878257986158,1334.06
7380,803,320.4774547826364,758.79
7381,879,750.4271647745454,833.14
7382,1989,944.9954808032171,1992.79
7383,6816,7775.844426086157,6666.21
7384,7875,9279.140253839734,8397.97
7385,1059,1750.7498602492715,1018.24
7386,1947,1059.8650195990313,1997.06
7387,593,-481.9813863260697,601.89
7388,3388,3863.822218131844,3657.51
7389,3669,3988.1291452838586,3732.62
7390,9784,9960.29859981333,9657.67
7391,1100,1835.2669218105207,1090.61
7392,764,1052.0905328476538,769.8
7393,4791,5391.430059273159,4869.18
7394,2009,2410.549400947023,1825.82
7395,1681,1770.4988358538385,1630.78
7396,720,432.7412192846641,676.96
7397,2184,2659.2827905545983,2275.69
7398,1059,1729.1805553075828,1120.91
7399,15334,14532.93878386939,16058.11
7400,7416,7766.233628344071,7263.9
7401,1031,1665.4409661438149,935.79
7402,578,468.0602596950871,635.38
7403,665,764.8159363186014,662.07
7404,1789,2147.1062048291224,1696.53
7405,814,1207.7362385283113,902.57
7406,698,2.1063402889039935,676.61
7407,10644,9810.756285131287,10371.42
7408,1052,1510.3650197282018,954.74
7409,608,-384.79579637555344,629.53
7410,969,591.2606244673684,906.19
7411,596,524.6552389351828,603.75
7412,739,1303.4632103054387,626.24
7413,5027,7064.76468773163,6589.253333333334
7414,876,-115.93443255148577,903.12
7415,10929,9459.602141609088,9734.03
7416,1232,1386.1500953464756,1339.9
7417,622,1249.3788961105124,811.73
7418,681,529.9498113117543,744.67
7419,1708,2630.9174964235326,1973.53
7420,725,1206.3343416410953,838.69
7421,734,950.1618231347893,773.06
7422,2308,2136.7731954361034,2296.37
7423,470,260.3018518258077,482.84
7424,1990,2760.56885709041,2245.74
7425,1668,2035.9259918444404,1628.37
7426,1882,2291.3541075368985,1783.79
7427,716,103.7272367796636,910.41
7428,8820,9691.509924873622,8208.52
7429,722,92.4508283490668,856.7275
7430,605,580.9264435590785,636.05
7431,6168,6678.111700350384,6335.54
7432,4883,5141.817044835051,4904.07
7433,5759,7658.35248805311,6552.79
7434,2136,1704.3791740660536,2046.01
7435,951,571.7536190010242,1036.11
7436,741,927.9084761812746,772.72
7437,4604,4803.258766228182,4730.28
7438,1968,2779.3332515886864,1869.07
7439,1806,2114.0430621564606,1547.62
7440,1648,1751.4468006122352,1656.63
7441,1436,1381.1690463547366,1395.03
7442,1743,2275.2066051852753,1801.69
7443,973,1593.3675470754106,1026.4
7444,2954,4084.6875269270686,3189.19
7445,914,1600.8132588933267,893.42
7446,1284,1478.6732238922941,1342.76
7447,1581,2012.1218248800187,1699.34
7448,2262,2015.4907878465233,2275.2
7449,5628,6657.276370013105,5662.22
7450,5411,6219.93061138324,5612.456666666668
7451,11060,10380.78445583508,10713.02
7452,2377,2756.467230942232,2357.53
7453,7022,8057.07630762063,7214.94
7454,6302,7102.810699449492,5905.74
7455,1914,2346.1306855591947,1753.87
7456,3146,3528.1979292705337,2730.95
7457,3425,3707.3953644693265,3422.2
7458,18700,15700.329565519123,16932.83
7459,1149,1441.442415511252,1118.5
7460,596,607.3503073575075,631.34
7461,5152,6333.8542574392895,5687.766666666667
7462,1261,1415.8938799627385,1334.76
7463,3443,4091.2787500512004,3136.92
7464,15245,13449.107879066427,14217.39
7465,13387,14397.450806178707,13989.335
7466,723,-419.3064947504463,729.28
7467,732,287.9888188458199,672.84
7468,620,635.0048089526986,766.9
7469,2558,2956.0578917301755,2744.37
7470,666,707.236284192657,690.22
7471,3354,4055.8513672462896,3212.12
7472,862,1207.5253592488498,849.25
7473,703,249.06143764002172,767.27
7474,9037,8069.498024022259,9946.78
7475,3183,3109.346398665526,2546.91
7476,15517,14419.71878017576,15565.723999999998
7477,524,-192.79645718444772,560.92
7478,5227,5914.694133790716,6004.42
7479,4135,4334.288514037849,3498.45
7480,2690,3210.8969733463327,2657.02
7481,6075,5886.359795398888,5464.73
7482,3148,4267.268565386278,3376.92
7483,2397,3008.7514002146618,2613.97
7484,892,1616.480138863255,969.82
7485,5694,6362.2165890360675,5563.56
7486,10711,9434.27080050629,11207.0
7487,1866,2603.7292757195382,1846.35
7488,2500,2593.7794399203,2094.0641666666666
7489,894,1186.0059739640246,805.17
7490,11062,9746.934341659195,10953.01
7491,6108,6023.110075314882,5829.45
7492,4045,4476.801066637743,4010.15
7493,8995,8062.666482292312,8532.84
7494,854,834.0412025374935,810.98
7495,684,189.57124180127357,655.28
7496,500,-379.47451151104906,494.76
7497,3017,2544.0173008950187,4288.69
7498,923,365.4738329629654,838.88
7499,1274,2249.1676378440575,1279.15
7500,1748,2548.128838020929,1845.2
7501,1354,782.4838331489977,1338.85
7502,2260,2965.488835996526,2186.07
7503,7580,8361.757164523176,7848.29
7504,6363,6181.206606817999,5942.6
7505,4535,5308.706115897862,5158.56
7506,545,-258.1796980014851,473.65
7507,1637,1796.636420730219,1656.09
7508,746,874.8678991738443,862.52
7509,484,-1536.0003507714555,643.92
7510,827,735.1585866556511,734.54
7511,821,1402.572466129735,920.91
7512,8740,10442.90371310999,10753.32
7513,1993,2533.7648721593105,1796.86
7514,552,82.83462601769588,522.09
7515,5892,6953.223373736373,6238.14
7516,5280,5900.538395016292,5234.13
7517,596,128.19239988502022,681.83
7518,664,1039.3959393822524,675.29
7519,957,924.9956928605397,873.43
7520,4712,6207.685041230865,5370.73
7521,2659,3945.0475999017217,2690.04
7522,12311,11113.966313484783,13076.49
7523,5872,6539.727420521793,5937.39
7524,1958,2724.4555261513124,2057.55
7525,612,-881.4654002311436,583.98
7526,984,764.7450829995942,948.85
7527,926,564.7080448295706,964.68
7528,2169,3165.783556909492,2107.1
7529,694,524.5090961708047,826.21
7530,3382,3739.2974405295868,2683.14
7531,2961,4074.1657528925216,3043.3
7532,651,0.6854975206742893,767.58
7533,2657,1972.1977840659306,4564.38
7534,675,251.48175815393643,675.15
7535,2648,3059.0526742476604,2529.75
7536,1373,1926.3066150605096,1456.15
7537,5008,6112.758879007897,4927.25
7538,803,266.24354400598986,724.06
7539,11756,10440.585923463477,10812.61
7540,1776,2140.6985385092066,1836.17
7541,18788,23503.182950881077,13172.36
7542,378,300.9389298312317,416.81
7543,1590,2027.408541341024,1543.16
7544,16021,17014.51539770361,15031.78
7545,675,-40.76864332959485,643.41
7546,1286,1201.1727248879947,1412.5
7547,493,-216.78039960932256,521.56
7548,6288,6889.510446490673,6417.58
7549,4010,4823.584112766226,4298.47
7550,4836,4877.229469880481,4547.4
7551,1815,2216.0649783164117,1754.85
7552,3924,4442.654827115592,3776.6
7553,6221,6378.352055433313,6406.44
7554,3975,4042.447002849975,4218.54
7555,969,579.0258514975421,943.03
7556,6271,6215.8138756269145,6169.42
7557,829,74.98463347230245,966.58
7558,1173,1062.7395044250507,1183.77
7559,4461,4332.537055663957,4394.48
7560,4877,5826.03934374354,5075.56
7561,14359,15361.647367832045,15458.14
7562,2863,3102.75435489803,2686.77
7563,487,236.3924661893725,503.64
7564,6526,7079.832269597205,6166.27
7565,1244,1084.74731918007,1263.17
7566,967,1550.0780626836968,993.06
7567,6976,8138.062471237744,6983.61
7568,2809,3182.2775649631326,2537.46
7569,2551,3061.9194126584007,2553.14
7570,4751,4676.657792791688,4575.34
7571,15081,7342.21269500419,12335.79
7572,1815,2062.6694145960346,1724.4
7573,12556,8904.535179855775,12682.38
7574,7392,6412.513786432791,7357.93
7575,477,-332.0063933397978,517.15
7576,1378,1282.2012214286488,1328.26
7577,2388,2726.5861814808695,2416.62
7578,814,1239.8651653998422,828.16
7579,625,618.1269305891992,653.68
7580,1721,2181.2133484230408,1728.77
7581,957,1007.3267460669181,891.88
7582,1449,1855.5253298014468,1627.24
7583,6787,6119.763338477325,6276.9
7584,2767,2423.5425012624323,2495.45
7585,4022,4311.199226040311,3299.37
7586,1583,2315.9645742081557,1840.87
7587,645,638.4009430085398,681.28
7588,596,-40.24985605034544,572.42
7589,633,858.6297278323364,602.12
7590,11696,10796.808147089747,10650.0
7591,851,477.19937012737773,808.24
7592,1290,599.0475076567704,1275.25
7593,2893,2743.670440550121,2665.96
7594,1847,1718.762107941226,1505.65
7595,7473,7676.182261164638,7941.82
7596,1664,2265.874438742784,1757.22
7597,1813,2183.8392278715405,1902.17
7598,1635,2097.3054343310678,1631.47
7599,4522,4849.820066707502,4359.53
7600,5032,7216.015792785794,6329.17
7601,813,262.5032863358456,884.9675
7602,8652,8371.47005630923,7885.04
7603,5132,5770.186943029823,5592.03
7604,1911,2599.441882394746,1947.38
7605,1728,2194.130469499746,1728.75
7606,1046,1641.9166774882242,1005.22
7607,4045,4505.770261836731,4042.54
7608,511,196.30177386761443,583.8
7609,2642,3319.917581508924,2816.43
7610,3046,3766.9590123233284,2966.06
7611,14014,12159.090586635042,13591.8
7612,1815,2157.9216914359704,1737.45
7613,9465,9882.685091106192,9767.17
7614,13298,12035.360330015112,12225.04
7615,972,813.4788823882309,914.17
7616,1981,2728.6847538061215,1994.75
7617,1110,469.3356263584683,845.02
7618,877,1116.5376872156194,832.7325
7619,2094,2562.943806071916,1948.47
7620,804,732.802417670503,735.1
7621,15118,11444.532276739037,15039.53
7622,11048,10632.392617171176,10788.24
7623,3896,6586.547586037029,5574.96
7624,5390,5188.216133123242,5075.56
7625,631,-774.4323637965153,558.18
7626,4659,4775.795556492979,4577.92
7627,684,-504.0316743426456,673.453
7628,4346,3574.0329722690753,3931.54
7629,1178,1594.6739408586964,1324.67
7630,7277,8192.026591827307,7186.44
7631,863,1410.0443683207645,876.35
7632,621,572.9879713367336,682.3
7633,15486,14946.616630891147,15395.93
7634,667,60.5494261718959,718.51
7635,872,635.5500553541069,858.46
7636,3646,4212.145038267677,4119.81
7637,3398,4040.3803291261565,3619.63
7638,13993,14301.875977100504,13906.59
7639,1786,2186.822896805009,1778.57
7640,2650,2625.882734706007,2642.68
7641,3512,4168.26774656179,3882.03
7642,1245,2071.4561482316235,1202.65
7643,1369,1707.8592637890956,1554.56
7644,814,1249.7133477827947,832.4
7645,2857,3165.346182727009,2701.95
7646,2514,2463.7433880605904,2442.82
7647,11177,9418.231666002048,10763.39
7648,4486,4911.3776823682965,4512.57
7649,10798,10428.886946062234,10540.93
7650,12958,9488.433411162352,11881.55
7651,2409,2167.5103168599294,2302.99
7652,15562,13547.975634182303,15248.521666666667
7653,6582,6441.583981361472,6429.46
7654,4922,6755.120238439546,5931.05
7655,2665,3042.3881548438194,2568.65
7656,16817,12656.219914949264,14815.52
7657,3532,4484.789799584378,4099.500000000001
7658,1397,1976.9383963201844,1296.36
7659,2550,2178.153720561877,2356.17
7660,837,1299.6769065077383,878.83
7661,630,-838.0144364757089,608.17
7662,1897,2614.6064903815463,1943.58
7663,789,1189.2308913701609,794.33
7664,2756,2594.2951134388363,2775.11
7665,462,-691.1812122511883,475.99
7666,640,62.52583586287892,744.11
7667,10963,10799.206931398388,11168.45
7668,574,-1126.441813612013,544.32
7669,626,286.9712067352166,788.42
7670,1397,1885.872231385134,1328.67
7671,1566,1841.904213833474,1579.78
7672,2413,3258.5984799406856,2475.87
7673,5174,6630.802904636603,4754.45
7674,1660,2348.2104756887475,1653.18
7675,2060,1970.7297766976812,2199.17
7676,1099,1734.1322199525052,1169.77
7677,2827,3767.7737131029317,2951.81
7678,7577,7861.013441726118,7236.95
7679,1153,514.8512870679356,1172.72
7680,876,-204.79984464364134,852.4
7681,954,1441.835459087597,937.99
7682,1814,2032.383565754204,1714.6
7683,6190,7564.058569557254,6684.14
7684,863,756.237894718739,1030.49
7685,5181,6205.0610210644245,4689.06
7686,1563,1979.2833837232456,1642.08
7687,4708,5612.162742386848,5167.5
7688,3640,3856.5600973081623,3730.64
7689,1152,2070.879117766913,1123.7
7690,1386,1295.8249215079481,1520.39
7691,10137,11764.821742878852,10596.08
7692,698,-190.28448609477982,638.92
7693,884,605.6726643298562,979.84
7694,666,823.7064085941756,687.18
7695,828,599.7626114454388,765.15
7696,844,545.764806493864,754.34
7697,764,858.7272180515029,787.55
7698,473,-111.86886785306615,629.53
7699,2599,3259.3725860462027,2584.8
7700,2423,2909.6641978645525,2882.9
7701,872,1579.018292418245,902.0
7702,3326,2986.635746892366,3234.39
7703,619,294.14898022837224,631.45
7704,1629,1721.8269560192562,1567.42
7705,1556,559.6385129709661,1904.37
7706,7277,6273.361190019501,6561.23
7707,608,754.4030930939357,539.67
7708,402,188.51672903152303,411.85
7709,1114,1298.623042505541,921.55
7710,4670,5417.594654715982,4582.4
7711,1127,422.81967836124886,1256.29
7712,1160,257.69415809127804,1213.35
7713,1732,1511.1727729086247,1419.26
7714,1020,990.4350214977753,906.63
7715,6882,6083.482084372413,6501.23
7716,4440,5374.207839978555,4766.72
7717,2230,2978.032222389143,2387.86
7718,802,469.0839770574976,778.47
7719,7465,6502.420195389566,7029.35
7720,649,715.5933015747269,786.27
7721,926,1435.0575000105246,863.7
7722,969,327.6145073681282,808.8
7723,11966,12610.941758747309,12371.01
7724,6190,6368.0642926502605,6489.72
7725,16842,14750.463060165885,14912.87
7726,6702,6228.630724979069,6650.74
7727,3457,3602.2510472179433,3541.13
7728,3211,3958.605761516426,3106.91
7729,3328,4100.89605761712,3196.56
7730,972,882.7954697973464,849.54
7731,1984,2637.9724328542316,1892.82
7732,1824,2005.8784420663778,1449.65
7733,556,429.5821739372477,634.9
7734,5804,5514.857060920981,5113.51
7735,638,651.8199953994399,646.34
7736,1035,1000.8785249379184,1084.63
7737,13355,13799.796552284892,13543.0
7738,5520,6626.77150720041,5917.846666666666
7739,5164,5788.732674071232,5069.89
7740,4370,4886.932967481935,4504.6
7741,756,368.8636903478691,634.87
7742,7572,6444.805672569191,7450.92
7743,2484,3515.719855417334,2778.01
7744,613,-11.96135905686424,638.72
7745,6809,7424.593608139487,6706.35
7746,6517,6080.876986057268,6331.47
7747,1435,495.1986887668181,1556.68
7748,9344,12129.761580421795,11824.25
7749,7193,7168.825786660004,7078.89
7750,16804,17065.876732437988,15608.9
7751,580,-1928.9832685133088,535.03
7752,1562,1547.0476343514465,1398.19
7753,706,847.0129316433922,784.01
7754,1115,1261.200367899054,1112.06
7755,552,-43.769752864732254,684.01
7756,2443,3234.211971571202,2274.88
7757,6640,8429.10823373017,7439.233333333333
7758,1436,1703.6762090069897,1403.84
7759,703,-284.4452265908358,737.68
7760,911,781.9420212426749,873.92
7761,658,596.9050191715432,689.18
7762,1121,-306.179324100196,1091.505
7763,1220,1124.6737219013644,1333.35
7764,4064,4786.746995045013,4300.52
7765,1080,1404.3279777062862,1776.74
7766,5543,6425.6600844254635,6216.48
7767,3700,4404.677181279195,3729.01
7768,1154,2056.6615659919808,1185.85
7769,5221,5704.758289915034,4832.13
7770,1007,1438.7181820766896,995.26
7771,554,-992.3816422349046,555.15
7772,663,-211.05469477969746,770.81
7773,1153,1592.4978375581986,1141.76
7774,969,583.3957907152912,913.75
7775,4181,4846.256643152437,4503.53
7776,708,747.954821560982,727.19
7777,3694,3735.461474571618,4001.33
7778,6470,6602.476271269321,6671.326666666668
7779,2737,3863.5357712343116,2930.7
7780,3576,4210.581272781807,3240.67
7781,6875,7737.660684124435,6859.63
7782,622,-332.27904271099305,703.71
7783,2087,2279.44703056155,2413.84
7784,1356,2084.2419870573763,1156.26
7785,956,1065.9719470279806,901.44
7786,457,-318.5871217681488,527.95
7787,1129,1956.350264937385,1161.75
7788,4672,5352.851441822744,4776.12
7789,1562,1976.469961620508,1639.23
7790,1822,2440.3513419915607,1738.47
7791,2129,2293.507606319051,2305.23
7792,1063,179.52071667160726,880.57
7793,891,-356.72281541356006,838.5
7794,3298,2524.098009930113,3587.88
7795,1813,2292.4400486951477,1761.52
7796,4081,4905.81577963968,4071.89
7797,663,574.0026374208237,721.41
7798,11415,10719.463765903452,11023.43
7799,1929,2530.747914767703,2066.41
7800,3921,5399.124994667618,4446.37
7801,1024,1163.277209072959,922.15
7802,2362,3543.7158242329715,2794.72
7803,1161,1970.2474562773705,1218.6
7804,597,877.288489519186,565.17
7805,11301,8733.090490750299,10445.52
7806,1015,835.3662174649648,890.31
7807,1857,2487.3944570100816,1843.825
7808,752,1187.8949750619627,789.71
7809,3884,4576.917013898512,3748.34
7810,2338,2805.5066248702533,2692.59
7811,2456,3081.534841060534,2546.14
7812,1311,1692.1953129833246,964.84
7813,4969,5783.12571885538,5124.9
7814,1281,1189.086787383541,1398.55
7815,1143,191.22808717897624,1493.13
7816,1624,1522.1620929321953,1502.479
7817,596,462.5799776538088,686.41
7818,13539,9026.212650270143,12399.61
7819,1170,1055.8158288821173,1292.2
7820,2960,3851.650837448037,3112.44
7821,6678,7435.294833748602,7575.59
7822,4615,5119.866674457431,4725.04
7823,13420,12470.56556568459,10620.87
7824,8616,7033.370934772825,9029.94
7825,1410,1428.895632354995,1518.19
7826,552,-1483.3195819273933,687.43
7827,10401,9972.320806454107,9753.08
7828,1956,2474.634381993678,1819.49
7829,7293,6767.46202612446,7634.38
7830,6733,7692.532416043302,6956.61
7831,10812,8567.480801363587,10464.5
7832,3759,4160.14346027926,3528.8233333333333
7833,619,651.2236498154471,680.54
7834,648,-132.40247413302768,580.18
7835,904,714.2120402969454,910.58
7836,8549,8419.48879907542,9032.36
7837,6209,5893.337296466149,5942.99
7838,2405,2733.0489666719973,2708.22
7839,3199,3910.6156653587923,3031.76
7840,7679,6787.857735827284,6488.39
7841,631,-616.0958746566794,550.52
7842,4586,5280.456217740985,4457.61
7843,5234,5971.537707600429,5300.51
7844,5620,5968.433503693778,5848.58
7845,873,1595.0824782958616,1065.86
7846,5759,6199.096485388225,6344.23
7847,3831,4779.11077357728,3527.1
7848,639,34.645566892703755,826.68
7849,4711,5089.977144712831,4389.09
7850,790,1192.0521971721246,846.28
7851,2401,2626.9459484162808,2671.64
7852,2313,2678.5916210627593,2392.17
7853,1007,630.2353524811233,816.3675
7854,3121,3377.6284383558122,3358.51
7855,2452,2336.3408226816287,2528.01
7856,4687,5650.096725342215,5037.795
7857,2874,3867.4663255999308,2864.773666666667
7858,1637,2540.9002742826974,1779.48
7859,2342,1977.5638866077968,2193.452
7860,956,1178.5475105926153,931.6
7861,2863,3774.8432349789696,3340.99
7862,5197,5580.588123629026,5061.03
7863,13995,11140.971858083663,11444.54
7864,8408,8721.134132355406,8192.67
7865,10076,10991.20282981762,9387.4
7866,544,34.99673590842394,573.26
7867,13596,13718.353882194655,13576.02
7868,4258,5042.588335472534,4740.15
7869,661,-592.9884966227337,740.1
7870,4109,4988.02629081604,4580.97
7871,544,398.0267519439267,601.23
7872,1378,1689.148047891049,1736.67
7873,828,746.9091962970078,791.3
7874,1075,887.5293894184788,1116.7
7875,3435,4081.3544829199063,3223.63
7876,990,1340.7830835964442,970.01
7877,8408,9672.445864651469,9170.67
7878,2428,2859.679138015487,2442.7566666666667
7879,2660,1947.2258910400064,2332.6643333333336
7880,8637,9190.925816215109,8583.45
7881,540,-1294.7745648562213,540.0
7882,2946,3862.1364572364146,3257.35
7883,2100,2990.249460028101,2227.8
7884,2208,2792.1630030607002,2386.63
7885,2825,1191.3625073840221,4671.956666666667
7886,561,-32.44978137508497,591.93
7887,16813,12849.015317980417,15957.66
7888,4136,4892.630361993253,4464.57
7889,5598,5824.399309086806,4839.31
7890,827,794.1553083440235,933.1
7891,12722,8342.327613953628,12346.143333333335
7892,8649,9481.418631267916,8277.153333333334
7893,4032,4448.147851626667,4455.03
7894,2728,3327.943122387608,2929.28
7895,6223,7959.497544967849,6440.08
7896,6509,7331.142424810181,6490.62
7897,2642,3324.8668272119694,2823.76
7898,975,1135.3365222682387,965.1
7899,6244,6266.898363741599,6308.42
7900,828,1168.2847261374618,712.24
7901,10567,9448.811411819523,8856.73
7902,4162,4650.051571698287,4265.82
7903,4699,6582.87752377676,5421.9
7904,11764,10736.320300074934,12266.93
7905,11369,11512.07925019113,10433.81
7906,13211,12104.921400823096,13085.85
7907,6660,7486.94437539937,6146.88
7908,3889,4925.352343880776,4492.14
7909,4774,6062.629773455547,4931.45
7910,2679,3435.6399397719197,2451.77
7911,2239,2822.1183303682437,2447.18
7912,2833,3016.421168305578,2549.58
7913,720,69.48340540346999,644.88
7914,2444,3229.2622769952086,2708.56
7915,2353,2840.1477791459774,2447.25
7916,18659,15474.39465670907,16128.673333333332
7917,326,-702.9268938156165,458.09
7918,1316,1273.9970443543762,1361.36
7919,477,-597.61165799637,543.23
7920,9598,7050.3619487787055,9393.18
7921,4257,4715.714336949884,4361.05
7922,608,705.0279361476923,710.73
7923,1114,1201.303666908394,959.12
7924,407,-646.6990596318001,435.79
7925,2663,2846.6315656152747,2671.12
7926,632,808.6751303600186,579.32
7927,15109,14267.8380239351,14516.13
7928,1846,2369.444895028836,1888.81
7929,675,-345.3432915734684,574.06
7930,928,719.1375081006827,854.59
7931,6047,6070.6980259008,6381.926666666667
7932,421,-959.1384689951874,537.3
7933,5919,6556.72533821805,5961.3575
7934,11088,10405.885342465603,10860.77
7935,688,1043.3941663550681,700.64
7936,1087,1158.6071805509346,1064.88
7937,5001,5681.432182018176,4957.57
7938,15017,14589.681118506314,16403.42
7939,2203,2709.5715210421754,2187.73
7940,3422,3704.277555070294,3217.09
7941,5733,5986.264840503027,5602.0
7942,10680,10897.26838458715,9871.39
7943,5729,4834.989250814489,4025.22
7944,668,-323.7056955329472,644.65
7945,4491,5213.5253312981,4577.85
7946,5341,5537.392464892207,5104.6033333333335
7947,3424,3751.5782219001985,3344.13
7948,3500,3896.3017610127044,3491.3816666666667
7949,4869,6391.558144980352,5243.96
7950,4847,4512.956679319494,3956.12
7951,2893,3726.2249255759766,2898.18
7952,1974,2493.078251241855,1938.3
7953,1129,1576.9479053095656,1091.02
7954,4672,5468.002204276897,5186.01
7955,1845,2426.132886061854,2016.68
7956,682,870.2168381040296,641.98
7957,552,48.05962674844886,610.26
7958,8785,7204.6148481416385,8694.91
7959,1757,2090.384070269113,1670.49
7960,533,-14.500196259454242,638.89
7961,680,639.1911993356416,698.17
7962,1056,1839.4390717467509,1128.8
7963,965,766.7344705938403,854.16
7964,689,-96.17338102989652,640.52
7965,8114,7859.080085470471,7296.98
7966,8532,6950.894769965493,8806.16
7967,1759,2401.539534924842,1747.59
7968,2296,2393.3680854421254,2558.12
7969,861,445.9548303091742,882.55
7970,3629,3575.865289274241,3403.28
7971,5487,6547.764389734229,6115.15
7972,4078,4041.3282868066162,3888.42
7973,988,-601.7799716290965,1118.93
7974,875,1202.782274601408,925.89
7975,565,305.80001867921146,611.78
7976,1571,1808.9391896695324,1640.73
7977,1781,1999.131252305352,1736.15
7978,3470,3616.314566557772,3276.143333333334
7979,926,1904.8320860311567,1019.65
7980,5211,6092.628598419416,5096.38
7981,1050,1364.1881539189249,1038.91
7982,4418,4418.227909748031,4430.07
7983,12459,10825.408641293136,11719.8
7984,6018,5378.619536828504,5031.54
7985,5151,5805.457926446625,5014.654333333334
7986,819,940.721487935662,790.93
7987,3018,4103.4806451729455,3077.1781666666675
7988,1026,991.1991437164052,960.34
7989,821,793.4041090797264,807.67
7990,1110,243.52150999094647,800.35
7991,4678,4706.399752551915,4189.07
7992,739,605.7915335591329,759.06
7993,530,749.8196719430857,528.41
7994,2482,3088.196872384302,2403.43
7995,6860,8821.196652158156,7890.78
7996,2647,3412.8685701632644,2762.96
7997,9537,8237.510227068502,9196.62
7998,4620,5238.916483145651,4352.28
7999,1125,1144.0143160563434,1070.49
8000,10313,8418.971626448121,9996.53
8001,760,1121.6167004220965,676.29
8002,943,1430.9596101879902,1016.53
8003,828,1451.597674176238,922.73
8004,5040,5619.363925481816,4921.88
8005,845,1314.567466569466,876.28
8006,1882,2308.7402237184997,1817.31
8007,2007,2909.78318161636,2087.09
8008,9032,9982.832541473294,8367.91
8009,9704,9648.969977865978,9552.03
8010,862,639.7742331980662,765.42
8011,2709,3506.79094981909,2863.69
8012,3655,4509.364275778166,3420.58
8013,2669,3776.6944886239094,2894.07
8014,6727,8781.988262760704,7797.42
8015,7903,7519.845045809353,8040.56
8016,6738,7809.932692543708,7590.12
8017,11607,10233.165970335367,11283.64
8018,512,993.9999162869958,549.08
8019,680,-240.63502334573604,697.13
8020,1162,1772.418454591701,963.03
8021,2709,2736.440843173411,2514.59
8022,6857,7072.663812631108,7210.4
8023,1050,1630.9790250646988,1036.36
8024,3258,3482.2615234125424,3222.76
8025,6041,5191.91542574199,4540.29
8026,523,-1187.130256531389,523.56
8027,2961,3686.4557211046676,2803.19
8028,3629,3642.21308764022,3687.15
8029,521,-249.46368836452257,605.92
8030,663,-196.3806231345543,644.74
8031,5023,5882.247633852542,5280.38
8032,18172,14103.096868393079,14407.59
8033,10982,8521.95595340418,9827.35
8034,1694,2231.497828823428,1730.15
8035,9169,7273.212879260211,9498.01
8036,6501,6294.573915406205,6748.94
8037,2259,3071.7917226251975,2495.1
8038,707,1006.481391676059,738.33
8039,567,133.3117055059297,578.03
8040,10553,9670.57680518685,11014.49
8041,2453,1844.495517482741,2156.18
8042,1315,1686.3521133631766,1028.41
8043,536,97.89453905856226,478.27
8044,449,-869.2032519094682,534.65
8045,10967,10489.695990104115,10380.81
8046,1705,2507.7210579638686,1786.39
8047,2131,2994.693646243033,2263.06
8048,1421,1570.8929748910182,1489.44
8049,2776,3008.6787089545855,2506.78
8050,4561,4926.441372577361,4408.83
8051,9072,9037.485300664815,7881.98
8052,5154,5376.993962475854,4424.87
8053,571,-5.434272696531025,528.17
8054,5313,6383.289800166127,8935.61
8055,959,1731.9203845424054,1029.23
8056,3833,3457.3330319923953,4115.85
8057,7328,7129.200177890008,6440.11
8058,15303,11480.476198437826,14854.676666666664
8059,4967,5532.782529517017,4805.29
8060,725,1004.9491470832099,704.24
8061,3676,4253.228652943063,3858.75
8062,17724,14886.443434403738,16349.16
8063,3484,1758.5426590858942,4644.47
8064,9234,8831.94726370422,7456.91
8065,5948,6121.57284161713,5642.35
8066,1187,2033.31315077727,1203.55
8067,2209,3355.185359156509,2850.26
8068,878,854.9510349751486,805.73
8069,7597,6450.827168434503,6826.88
8070,9215,9813.82920016739,9484.56
8071,13622,14392.534510253294,14172.89
8072,12084,11330.444588799506,11396.72
8073,5342,5831.3731866816215,4971.46
8074,3428,4283.818953908125,3161.31
8075,734,885.9521165094084,727.82
8076,451,644.9799063450309,542.09
8077,2132,3065.7596812161605,2236.9
8078,4078,4034.728648442823,4432.31
8079,1238,1937.087816234411,1189.34
8080,1035,85.32753884154135,1175.12
8081,2841,3178.748971185223,3109.14
8082,2192,2872.4569085454095,2418.86
8083,620,1132.6501326057873,609.49
8084,4717,4427.281490841987,4680.59
8085,391,189.25020061165378,423.43
8086,3808,4407.258903775832,4088.87
8087,6108,5891.45649044466,5709.76
8088,616,274.95204625561246,620.22
8089,3772,4557.363943294298,3439.21
8090,3854,3787.893256710055,3743.14
8091,1709,1931.2042761255825,1762.21
8092,2500,3287.6120027006655,2776.78
8093,4955,5555.512486669362,4736.06
8094,651,504.4577917825027,713.76
8095,1754,2257.1338392238176,1274.44
8096,1603,1917.0723097444243,1654.29
8097,990,842.8176197923403,878.82
8098,402,-13.493731020666019,420.39
8099,1092,1303.5001751051846,863.63
8100,4372,4814.5251135462595,4350.13
8101,8527,7087.7424334602,8834.75
8102,802,546.2306323513822,724.925
8103,2588,3485.738831938813,2789.84
8104,652,858.7040353087577,658.38
8105,759,1285.917947656139,754.02
8106,4964,4061.911389190761,4206.8
8107,6369,5809.452305665481,5463.725
8108,984,854.1440936549652,900.4
8109,13746,14369.797701880148,13846.22
8110,442,-600.5934800088025,534.1733333333334
8111,3601,3676.1096035263,3811.86
8112,9104,9244.225484967359,9018.17
8113,2005,2348.476719818859,2537.23
8114,10309,11207.821825814131,10507.45
8115,726,865.7319513999464,727.02
8116,526,151.7055777212854,577.46
8117,2642,3166.630328008879,2585.8766666666666
8118,5410,6068.329703782416,5254.51
8119,2176,2019.963919242333,2167.498
8120,6124,6348.819423581503,5494.34
8121,956,-2023.2018432475907,1312.91
8122,1317,1031.2381890337438,1297.88
8123,4833,5315.9463310725005,4329.47
8124,4692,5517.728956249364,5100.02
8125,898,229.4602365861665,838.02
8126,719,466.98020774817815,826.79
8127,8104,10686.344332552257,12745.85
8128,955,1672.332872187169,919.38
8129,633,-543.2720196758382,692.1416666666668
8130,6814,7520.097510646695,7184.46
8131,2022,597.0877646580657,2163.38
8132,1113,777.2229756698375,1274.36
8133,8736,8961.419941267384,8810.85
8134,2874,3743.4831947610232,2802.69
8135,492,881.2415787077148,507.55
8136,5446,6115.012554565268,5475.15
8137,8707,7357.077163629457,8962.25
8138,4168,4563.877234837753,4251.426666666666
8139,828,757.8356699004571,768.73
8140,1377,1925.2830740291638,1525.52
8141,1813,2485.3615574281616,1761.57
8142,802,540.9771968716741,794.81
8143,909,1486.9567267058064,969.67
8144,882,1100.208098845917,965.74
8145,14982,11491.940732719506,15000.99
8146,11677,7322.549342054996,9200.16
8147,2897,3275.7533423638956,2723.76
8148,813,1391.5799609186638,866.71
8149,5539,6393.127038300767,5508.79
8150,814,755.6472331456862,875.3946666666666
8151,1016,219.98710696948183,1110.44
8152,5306,5564.366366869205,5394.17
8153,786,1148.917444843833,743.9
8154,2167,1937.9998927805823,2044.23
8155,2998,3777.696078698915,3018.93
8156,2846,3285.2759877922463,2672.72
8157,4783,4567.551809820733,4557.03
8158,6749,6463.149360581913,6528.97
8159,1608,2258.5071117550515,1651.76
8160,2007,2496.7816774137973,2170.9
8161,2706,3326.3494604518046,2840.59
8162,17688,14346.33686066773,15895.46
8163,867,1099.8174427680524,987.09
8164,605,174.15362033049632,652.23
8165,684,-17.966025247779726,684.12
8166,970,1151.6530681210306,867.23
8167,2817,3193.395353848214,2797.68
8168,843,1433.2387096546631,825.89
8169,724,904.1743905722228,650.99
8170,7968,10252.968982115444,10523.9
8171,710,661.3997920308293,701.33
8172,984,1072.1481663302643,899.34
8173,545,99.16837455990026,579.56
8174,2985,3750.310439457583,2824.59
8175,2797,3094.3841818856718,3230.02
8176,16151,14529.914381460227,15683.15
8177,2226,467.9615053700518,3631.88
8178,11820,10459.609911023246,11718.97
8179,4381,4074.3606441505017,3786.51
8180,1882,2405.423294516235,1906.32
8181,11965,12684.41831134922,13440.36
8182,1396,1858.9267697500281,1520.33
8183,1112,1424.846704639146,963.47
8184,11437,10919.834721175117,11400.33
8185,1764,2286.1377085831805,1822.96
8186,7210,7508.521188011995,7026.2
8187,6451,6505.41340912462,5939.57
8188,4712,5625.057225747624,5085.7
8189,1865,-1389.2722795486607,2698.55
8190,5036,4833.447556152104,4837.25
8191,3790,3945.372925089308,4004.98
8192,14957,11603.041779124218,15221.42
8193,564,796.7217789077008,578.55
8194,1226,1495.7482667181657,948.77
8195,15465,15327.175375436296,15335.68
8196,596,376.85196327034464,660.81
8197,4338,5328.354823449452,4813.24
8198,3248,3971.867307248761,3200.2533333333336
8199,589,330.64240242052256,638.61
8200,421,-1154.3521150193556,450.36
8201,1205,2020.3947962044022,1273.1875
8202,7197,6518.217361661776,6336.55
8203,2066,2677.476645979201,1975.44
8204,4217,3483.133459652435,4094.33
8205,10169,8786.572944098389,9669.25
8206,2670,2998.7425368206996,2422.37
8207,8938,8084.115898395826,7123.8
8208,12963,13885.004126608439,14594.46
8209,526,-160.24787037910482,528.38
8210,4167,4873.111715905301,4382.876666666667
8211,953,658.406151714873,916.86
8212,1125,1567.1569512187107,1105.21
8213,6403,6456.967456617713,6015.58
8214,4727,4878.608963447725,4370.48
8215,1180,-379.40651247174173,1218.61
8216,722,667.7008538548225,826.39
8217,7056,6390.8306451797125,7040.3
8218,687,82.23989620220073,777.25
8219,2321,2300.045008736673,2787.83
8220,675,656.7505708909548,752.37
8221,1133,1073.270340729447,1301.25
8222,5331,4895.70720478578,4267.2
8223,720,84.95954321234058,642.52
8224,2160,2893.35473476959,2167.15
8225,1438,1672.961519358123,1460.22
8226,3974,4926.091575616431,4379.58
8227,1172,516.4569835433877,1183.97
8228,1789,2636.937873366137,1821.85
8229,702,762.0105443414304,751.205
8230,1917,1362.3064994728766,1874.0
8231,787,1071.5084658536666,694.9
8232,976,1440.8163660505043,949.85
8233,1016,-308.36772901121276,806.98
8234,6708,7338.574635076193,6017.83
8235,1817,2581.11252207577,1822.22
8236,12000,10274.486234542212,11551.3
8237,2415,3347.192832030696,2573.28
8238,2694,3379.6136846429663,2403.74
8239,1040,773.4309015255508,977.03
8240,8294,8428.076406697226,8382.325
8241,1170,1688.2716775242584,1063.59
8242,1088,1265.1898977243827,1105.4175
8243,2074,1781.5416391322442,2205.3
8244,14411,14459.595457958503,15022.33
8245,13598,10269.807902196233,12514.69
8246,1445,1903.1043700886748,1694.64
8247,710,749.2555383572835,713.23
8248,4630,4955.856828886657,4709.275
8249,2132,1433.0038743784653,2318.86
8250,7953,9522.59008369772,7963.96
8251,373,337.53553621657557,475.7
8252,3625,4265.5575741835155,4096.29
8253,2276,2238.9459722081206,2424.81
8254,554,-964.1710110889726,522.89
8255,3478,3255.629120870416,3639.16
8256,10502,9683.179725692098,10446.31
8257,4645,5480.531730318784,5091.47
8258,2839,3357.393833659168,2805.45
8259,544,71.27365239043547,635.21
8260,7954,8158.060736090505,8946.96
8261,16025,16125.610786468393,16007.55
8262,7452,6500.358364614927,7427.5
8263,7691,8201.784517614917,7947.07
8264,680,694.208411679987,693.69
8265,566,744.3759862056686,570.57
8266,7432,7702.658274003872,7726.63
8267,1847,2438.396413340809,1661.96
8268,931,1687.9693036320373,978.41
8269,1087,1738.2388103927851,1110.37
8270,4406,5072.164587096037,4750.08
8271,9814,9509.669416954157,9407.63
8272,10584,9244.052678057858,10590.63
8273,774,966.5178535965424,849.99
8274,604,547.681134875198,626.86
8275,1357,1395.6354605317133,1372.35
8276,2507,3251.4680949386616,2495.03
8277,10241,8284.446120897577,8974.7
8278,447,-952.1137152655765,435.16
8279,5116,6205.319517523198,5368.11
8280,3187,2786.7133882644584,3232.9375
8281,3295,4068.5231700953464,3455.59
8282,2685,3279.0090922125864,2605.49
8283,408,-1240.6798425022662,506.73
8284,3206,4075.2258224360885,3585.63
8285,847,1135.4238044566291,925.59
8286,5014,5080.427143173413,4813.99
8287,4617,5121.75356152004,4288.62
8288,968,469.43567148437523,887.8
8289,2553,2978.738951258497,2545.7
8290,3892,4539.90063286874,4045.37
8291,435,-1129.7974779691995,462.14
8292,578,424.3523294533629,628.53
8293,7016,8520.524776943254,7579.41
8294,3628,4300.333178021433,3382.96
8295,612,-632.2476859286708,539.93
8296,1356,1399.3142723778246,1421.43
8297,576,907.7846434161024,675.93
8298,5152,5833.444695630502,5369.31
8299,5864,5971.622924267629,5889.09
8300,5999,6012.441052361473,6084.88
8301,5546,6335.202287637082,5396.14
8302,11147,9372.348047374851,10833.45
8303,4419,5403.090521018188,5042.53
8304,1160,1554.7684550690929,989.3
8305,964,469.54448712147496,805.37
8306,545,711.102504507749,579.6
8307,5538,5648.3160414344575,5810.1
8308,417,-1471.759988917628,532.73
8309,741,344.8618216972027,748.31
8310,1374,1340.766861403159,1313.21
8311,10202,8793.245435414015,9986.25
8312,625,559.2887856853213,618.85
8313,1050,1529.171762256039,1023.37
8314,1341,1328.9863398552784,1424.41
8315,1181,384.52657077174354,1089.5166666666667
8316,5993,6200.160333979665,5574.23
8317,1409,1367.3478061916485,1502.64
8318,1626,1521.4092881268925,1950.82
8319,3899,3469.4497198444815,3781.72
8320,7710,6474.61312886786,6908.7
8321,2176,1916.8678857661725,2159.91
8322,1317,1025.1247138932958,1347.27
8323,2359,2464.7489293096314,2216.97
8324,3447,3752.5830841630013,3597.3
8325,1624,1367.326347464223,1488.51
8326,2473,3528.454813523951,2529.2
8327,917,1283.5858273649733,784.8
8328,6002,10087.114850699776,11811.15
8329,1015,833.822730279091,874.32
8330,7593,7242.532878801107,7899.09
8331,4787,4716.1294858504025,4780.22
8332,4619,5657.074946683206,5318.34
8333,810,-708.6941082901849,811.085
8334,2646,3661.754103982179,2750.16
8335,4657,4668.468345001974,4305.55
8336,2573,2866.5948616000965,2367.4
8337,4861,5868.419800471054,5359.235
8338,442,696.82498946852,537.5
8339,506,-1417.4733530221183,495.15
8340,6931,6801.204631095305,6969.97
8341,3195,3865.4123933098713,2973.06
8342,9342,8961.880220666902,10362.27
8343,6777,6291.084949268366,6993.25
8344,11854,13319.463965516343,11662.51
8345,5786,8382.488646917944,8105.17
8346,3968,3980.48605560445,4001.56
8347,732,227.42094025908227,657.93
8348,625,623.1817110523693,626.53
8349,942,812.2181154431855,806.93
8350,6583,7762.5614284968515,6589.38
8351,891,1039.9871030190634,963.4
8352,2200,2767.7552725914493,1719.75
8353,1345,1626.1462468879736,1289.16
8354,10967,11022.320938008204,11273.1
8355,3689,3952.94040319924,3569.16
8356,9979,9936.527778024058,10016.88
8357,4404,5286.266882516904,4366.77
8358,591,-864.2938951156784,580.26
8359,8246,6742.37051406191,8207.16
8360,1831,2431.604324065733,1974.75
8361,1433,2212.3360381214425,1361.18
8362,4340,6654.674498221273,5854.76
8363,512,-295.5257171269841,591.35
8364,1723,2332.00244412286,1817.23
8365,778,-158.16757068883044,849.41
8366,2292,2594.704221981613,2316.21
8367,5547,6863.295012187276,5725.96
8368,990,1377.0892948683795,943.61
8369,4492,4697.837246021785,7778.085
8370,869,972.2863143159348,858.93
8371,1225,1920.3378845148195,1002.82
8372,537,46.346276799563384,648.35
8373,2541,3640.7110374423874,2946.78
8374,698,215.6693797011203,670.8
8375,539,42.95200287568696,556.92
8376,14659,18579.29619438835,14871.1
8377,14888,14721.632083566334,17198.54
8378,17297,14863.261893687302,16240.88
8379,5277,5792.469338745888,5124.55
8380,18541,17627.548731636,16524.36
8381,7756,7451.879256970991,7892.68
8382,3941,4086.1630333443227,4019.59
8383,6762,7367.201156140797,6043.05
8384,1261,514.6354653236776,1285.95
8385,7333,9414.53322993925,8949.33
8386,1331,1376.999491241315,1343.7
8387,810,899.2929759042836,865.39
8388,593,-294.81169395914367,615.91
8389,11147,15417.236032766783,15182.04
8390,1739,2483.969420605003,1777.39
8391,984,1436.8356707331159,1010.34
8392,620,757.8992665045935,638.64
8393,498,682.354528722617,498.93
8394,988,1660.9324247775276,944.87
8395,4008,4524.298072885231,4451.32
8396,944,608.4051440009398,862.01
8397,17871,14131.14009613199,15602.0655
8398,2197,2753.0866849762456,2082.3
8399,10327,8056.458289226086,9651.19
8400,9053,9590.659185560526,9303.61
8401,4788,4921.572647549795,4964.62
8402,535,237.93047290220966,499.36
8403,1546,1657.3193205251146,1551.64
8404,9725,13119.75590360226,12889.53
8405,3818,3424.7063295722396,3732.75
8406,7062,6157.880791892363,6095.89
8407,4015,3754.136254850966,4129.89
8408,1415,1359.6345573997887,1436.63
8409,4641,5409.194276053222,4848.876666666667
8410,421,-989.7635634030521,438.96
8411,477,-257.093833070212,534.685
8412,1071,1811.0095910287523,967.18
8413,620,990.5373967398182,628.02
8414,1070,393.41229262004254,1143.4
8415,1402,1937.3060818344384,1634.97
8416,18128,14836.199416806312,16512.93
8417,411,-1251.909972342717,452.28
8418,5116,5621.504030272115,5354.8
8419,1163,660.1615226717031,1243.21
8420,537,-171.57317791498463,559.632
8421,1020,1313.768842466212,957.56
8422,838,1349.6743666580478,810.14
8423,14752,13932.117307525865,15924.15
8424,11176,10285.551996455146,11148.57
8425,8959,9590.552127888524,8978.11
8426,6697,6349.843503123947,6618.8
8427,427,-815.9547048263139,472.6931666666667
8428,4298,4681.5609981464695,4299.49
8429,921,1112.1916786693337,865.24
8430,2801,3820.628509062264,2999.34
8431,2448,3049.886325664404,2467.8
8432,1013,1290.7314670971605,872.49
8433,882,492.6961570376825,939.11
8434,7550,7302.91901872098,7438.32
8435,3718,4571.786358301237,4139.753333333334
8436,1071,1477.8909684844193,993.71
8437,11946,10563.66115669048,11709.55
8438,1189,1808.5978957883594,1019.71
8439,3914,4985.442317919674,4249.88
8440,2222,3172.528409066436,2235.42
8441,622,1122.8216877963555,639.93
8442,4452,4561.507557962105,4249.72
8443,507,-100.26680646054137,530.51
8444,12154,14245.016512258213,15007.745
8445,775,666.4071263521992,845.27
8446,1415,1658.873098294096,1507.78
8447,489,-167.40793598966593,527.73
8448,2826,3865.212399210432,2887.96
8449,14724,12813.881205865573,14405.57
8450,1961,2814.3998209857023,2000.24
8451,3378,2761.247187725173,3672.98
8452,5034,6144.194738347514,5063.78
8453,7226,13928.38569438367,11673.28
8454,2618,2570.0117075851804,2468.69
8455,14330,11911.864392427866,12542.48
8456,1736,2385.619228662655,1538.0
8457,521,-1016.1336985312655,485.3
8458,11948,11848.702376825971,11543.67
8459,3499,3541.3595058295023,4052.71
8460,1771,2575.3241967572217,1903.74
8461,11088,8756.61963636172,9424.58
8462,597,1067.0816383139522,587.54
8463,7056,9210.246379873799,8199.97
8464,11372,9686.483588240997,12742.76
8465,16170,17568.046332888756,15261.44
8466,1163,1043.255964702701,1273.67
8467,9900,10253.763568734994,9892.44
8468,1112,1038.3544940531,1036.39
8469,17864,14727.749395168476,17384.94
8470,684,210.91391257913892,708.22
8471,6290,6368.865736440186,6532.76
8472,4547,5059.448535811289,4737.15
8473,5021,5181.633720284547,4823.59
8474,4805,4722.899988390284,4165.06
8475,2138,2952.528554095092,2174.77
8476,1048,1454.254428093178,1035.74
8477,838,1130.3379103427756,896.04
8478,7192,6538.37590935841,7301.78
8479,4158,4636.895770265337,3968.61
8480,5718,5629.965250944799,5380.61
8481,421,-950.8358069796614,463.35
8482,1917,2609.572135522693,1856.24
8483,5147,5834.201694128509,5145.43
8484,4830,5235.67615458092,4567.82
8485,15478,11063.348075521713,15461.56
8486,504,210.78432437988067,562.01
8487,3890,3910.6934924277657,3349.42
8488,8404,7519.911699098236,7731.71
8489,574,-953.5336053603805,541.0
8490,949,832.3338489269318,946.14
8491,2863,3436.786112306005,2707.365
8492,633,829.1459358972993,567.11
8493,1080,91.3419031739636,1126.22
8494,1047,-121.21740249953746,1107.68
8495,9173,9201.996733374586,8151.25
8496,8712,8536.756039685648,9285.24
8497,5047,6240.739339443211,5465.02
8498,586,1296.2208827402242,659.78
8499,3248,3530.1834476111985,2988.12
8500,4257,5197.626360772577,4583.94
8501,988,1843.6346966826345,1061.6
8502,2039,2852.5016675083707,2043.75
8503,621,562.5206935901888,666.57
8504,3263,4094.1359735313,3111.56
8505,3674,3401.7115407204237,2778.94
8506,5768,3784.5912633505413,3914.33
8507,1971,2941.143436773938,2360.252
8508,3015,4311.375254390676,3647.44
8509,2530,3093.5240031731896,2630.88
8510,1750,2541.1982740010476,1958.67
8511,838,-246.05053552680147,808.38
8512,4008,4651.708397893106,4047.173333333333
8513,3599,3630.387566234679,3658.91
8514,11247,9624.242658581192,11046.25
8515,2963,3711.865163575105,3489.67
8516,1996,2377.1070390592567,1918.02
8517,630,98.18767484622458,672.98
8518,596,159.80259727239218,682.04
8519,11713,10614.311516917795,11703.4
8520,719,357.78801027252166,770.65
8521,18275,15769.83832566465,17082.14
8522,4296,4785.556443487198,4257.6
8523,4516,4669.750998128831,4311.43
8524,2839,3686.980476056854,3116.34
8525,1749,2419.6390032676754,2094.41
8526,6511,8580.395885702106,8082.98
8527,1333,2298.094255903912,1254.46
8528,4497,4382.642226876076,3903.59
8529,3262,4425.761208207796,4061.88
8530,2664,3716.5158552687044,3031.75
8531,4684,4820.805740163382,4629.66
8532,3888,4591.23051965434,3690.11
8533,681,498.6703989795751,655.63
8534,2351,2520.9117340581647,2353.06
8535,7847,6705.671234781425,7380.11
8536,1027,1282.0194008310114,940.39
8537,636,575.2010490148296,663.17
8538,5714,6697.192517267565,6048.27
8539,942,821.7212222342705,877.98
8540,1105,2067.053057575847,1138.98
8541,5058,6300.932801416131,5247.71
8542,814,1228.8832743197308,802.67
8543,5046,6537.560487393003,5956.9
8544,2312,2886.772159286828,2354.96
8545,14240,14039.721710874664,14996.52
8546,2487,3152.7203101334194,2583.43
8547,765,611.3022917943254,710.78
8548,1197,829.7096571469788,1267.42
8549,571,279.7611899753074,601.85
8550,2058,2555.594365786834,2234.41
8551,2166,3198.94226145282,2535.65
8552,835,1157.8081373423256,853.48
8553,3370,3657.78432920233,3342.28
8554,2386,2826.805893501661,2702.83
8555,863,1311.540446625867,930.77
8556,926,907.6526056942266,1002.76
8557,521,775.5518840186505,510.11
8558,2214,1990.2665596777388,2187.33
8559,14430,13544.236465577533,13366.95
8560,8135,9279.287262531465,9363.75
8561,4796,3863.7479488935055,3803.395
8562,614,324.96158772684885,674.72
8563,1867,2551.412967039052,2230.97
8564,7955,9050.860108769353,8902.28
8565,805,1150.6170054643571,876.63
8566,431,443.78214554641954,463.55
8567,13653,9290.064125483399,11402.59
8568,2179,2398.048216262664,2516.2
8569,1984,2556.344609793462,1916.38
8570,4643,4926.137933137163,8762.93
8571,4048,6377.76964209602,6188.69
8572,1358,2207.0852489179333,1343.77
8573,472,598.6881711848378,522.65
8574,835,1323.7040219463188,851.09
8575,4995,6086.679103289782,5480.68
8576,8977,8786.797903019986,8694.56
8577,656,-621.1398160954841,690.95
8578,1427,1318.184655469583,1433.74
8579,2191,2009.794588857428,2264.04
8580,4740,4990.817661829507,4157.03
8581,788,458.9287268549806,790.04
8582,1179,1879.1983055623195,1205.23
8583,4590,5925.851911024211,5138.23
8584,10064,8515.382258584621,10377.95
8585,7718,6594.385099312527,6307.58
8586,645,302.3371916777742,717.32
8587,5476,5523.221855893482,4651.71
8588,886,1577.7989761101721,917.28
8589,2588,2322.7707850470574,2427.06
8590,6097,6180.895096754799,6168.26
8591,6024,6196.219085099113,6169.3725
8592,10744,10116.729367531974,10428.84
8593,2961,3580.7681359226535,3110.97
8594,1819,2313.1190160864817,1796.9
8595,698,15.863675918691115,656.7
8596,1034,1897.4410990460442,1078.34
8597,13499,12034.834880599665,12825.72
8598,17489,14431.376779022043,15693.57
8599,1355,1794.8511858987845,1465.36
8600,9100,9856.977194350322,8108.82
8601,2790,3850.7807260133354,2836.09
8602,575,752.0324679874607,591.38
8603,846,695.2780024313834,793.17
8604,7414,10853.127212210038,10414.18
8605,12872,10659.652279738846,11993.06
8606,6175,7521.351574618226,6646.15
8607,4578,5041.207999945302,4998.46
8608,1684,2223.3820584463137,1701.26
8609,7200,6186.317041979523,5957.64
8610,3371,4054.956980947649,3370.26
8611,8780,12775.523379306213,13474.604
8612,747,869.983715949058,760.79
8613,361,-231.12677667712614,561.68
8614,2896,3546.9513989783854,2984.97
8615,658,-1748.9720557306755,708.53
8616,799,-95.16726965965245,701.08
8617,658,445.1206229718364,707.56
8618,605,472.6866572538984,650.13
8619,7598,7232.070127726257,7413.43
8620,2694,3315.145967173731,2968.47
8621,9896,8831.508714136078,9599.13
8622,1059,1730.6147102413056,1028.2
8623,756,202.33659482487928,702.0
8624,2095,2975.2132560510267,2025.37
8625,596,549.8810772054476,705.03
8626,2777,3362.1464649635986,2593.235
8627,1629,1977.7750541381356,1497.99
8628,13771,10756.852548528921,13563.05
8629,2115,2909.181056439178,2239.6
8630,10384,10604.083285759269,11260.66
8631,628,625.6927938146109,796.7075
8632,14744,16906.336434996017,15832.07
8633,8020,6634.572986947001,6747.39
8634,1243,2051.7340376226025,1210.6
8635,7365,8532.119725244971,8064.11
8636,791,390.39619785060404,694.77
8637,8365,9707.226633396978,9364.41
8638,844,199.93174662990805,870.43
8639,1076,1588.8687090650046,1024.84
8640,9752,10623.577331571003,8595.97
8641,988,358.5905339557894,1218.45
8642,7068,7868.79081868618,9116.23
8643,614,23.753682059467792,543.28
8644,945,1041.0715682450978,851.85
8645,1777,2346.7037964665683,1779.83
8646,4068,3745.080586167086,3909.43
8647,4518,5000.018630386493,4591.34
8648,2198,2880.987709185761,2318.98
8649,4183,4857.814582455125,4167.61
8650,936,1526.7816155805722,1042.48
8651,2123,2059.551305520083,2355.84
8652,1613,1929.0694894564072,1635.16
8653,471,139.65899312450802,500.36
8654,2699,3096.3267705694866,2474.17
8655,1243,1766.260173965611,1319.48
8656,737,748.0671336298292,831.97
8657,1607,1989.6933227408817,1737.72
8658,816,987.6847365587446,957.02
8659,2343,2011.2345660767432,2133.81
8660,1308,1403.570128663834,1355.78
8661,449,-608.0408507610509,490.98
8662,4939,5314.371383076418,4649.02
8663,441,-1483.3057109666834,523.1
8664,14388,11094.742342701018,13496.55
8665,16512,15567.897720983148,15904.53
8666,4339,5482.929223579998,4985.95
8667,4422,5215.146696618699,4745.74
8668,1436,1599.2149414944356,1244.73
8669,833,1085.2294424310894,966.55
8670,10030,10582.409301912372,10012.48
8671,840,1289.75490338681,851.55
8672,8956,6621.093360479743,7682.02
8673,689,-169.71931184883397,578.8833333333333
8674,1372,1225.1138771394994,1666.04
8675,804,715.0456458743874,893.07
8676,2383,3254.3531611320823,2508.63
8677,670,-272.32378101510767,676.39
8678,1046,831.200140229771,962.8
8679,1066,1327.741852620964,1135.886
8680,642,1060.6820857122616,641.95
8681,675,136.5405136226127,615.05
8682,431,-190.17855594528646,486.25
8683,1040,1248.593497485489,980.0
8684,781,990.434345615894,791.28
8685,3528,4971.056936630475,5247.13
8686,1860,2593.133598797581,1732.16
8687,1805,-382.80377142006364,3090.32
8688,9740,7074.617740410562,7994.03
8689,3296,4310.7636968070365,4352.57
8690,441,-1955.1871500609222,487.35
8691,8969,9384.87400516326,9322.94
8692,4482,5069.234244562616,4660.96
8693,2048,1346.8534382317584,1919.23
8694,1089,991.3425210168753,932.36
8695,540,-1209.092454828523,462.71
8696,7143,7611.030035830429,7117.11
8697,4038,4089.502405959005,4088.07
8698,8555,6894.220282941277,7983.03
8699,4077,4760.122307729056,4146.39
8700,4372,4827.52806256497,3788.82
8701,4873,5524.93630252964,5026.49
8702,2788,3925.638668100277,2910.77
8703,13378,10905.0168311308,13511.8
8704,12798,11343.62851286384,14779.29
8705,9359,9524.74244469827,9447.24
8706,5215,5838.322874955572,5702.86
8707,3853,4507.272324086485,4149.95
8708,6763,7332.152558990795,6113.9
8709,4767,4978.767542133992,5051.8
8710,7814,6063.832734135185,6414.025
8711,17835,14201.394573498468,15111.63
8712,9853,11452.17338664487,11463.02
8713,14375,13677.44859191433,14290.26
8714,11886,13764.603175853752,14530.681999999999
8715,2111,2054.26261465355,1989.31
8716,1580,2089.0132368173718,1616.33
8717,2512,2490.5392459462632,2431.87
8718,14354,11924.397319231302,12516.63
8719,12030,7558.9730209124655,12467.81
8720,1187,1602.2696209020896,1109.43
8721,1822,2310.8005816394534,1649.61
8722,3816,3632.905953505696,6082.63
8723,1134,1092.98638854806,1325.58
8724,3290,4100.573124249063,3314.3
8725,3437,4511.891878064042,3989.31
8726,1197,797.9105228538965,1208.92
8727,8941,8639.480316959602,8969.6
8728,825,744.6738858888493,988.38
8729,2335,2729.6497340731485,2438.08
8730,5038,5478.239698143878,4965.62
8731,3205,2162.340723133378,4417.735
8732,3457,5857.7810682133195,8213.72
8733,780,284.99576993159826,738.18
8734,605,486.5619659718982,642.99
8735,9697,9439.173665837377,9812.21
8736,544,81.53949245703188,587.92
8737,3033,3974.6398189193706,3639.69
8738,975,999.1525819658891,1046.03
8739,6369,7319.580382011737,6746.37
8740,1781,2146.220839590883,1718.96
8741,17902,14573.131902027415,14683.64
8742,3193,4151.854832818304,3218.41
8743,3505,2574.7467038267578,5395.215
8744,1441,2032.7425084036104,1622.27
8745,1588,1742.104504456011,1652.75
8746,665,556.354272809669,671.0
8747,3006,3241.75350944571,2278.35
8748,3538,3633.890519950714,3557.895
8749,6182,7999.5342156955185,8143.67
8750,1289,1055.04674966503,1407.64
8751,3215,3858.554473395632,3719.08
8752,1295,2233.229523112416,1255.7
8753,445,-134.54224823734876,453.56
8754,917,1726.1640776817117,964.54
8755,4383,5062.749762394427,3719.82
8756,1624,1974.3284605448603,1619.96
8757,4129,4175.556008646456,4447.9
8758,4588,4874.6823588864445,4464.54
8759,5966,7198.525520685919,5898.58
8760,489,-457.49910647146953,533.53
8761,861,310.66966851913185,892.38
8762,16747,14610.311121054741,15937.1
8763,388,-1315.220197857041,470.83666666666664
8764,12261,10518.64949371415,10739.698
8765,956,1280.3789719869646,936.05
8766,9815,6941.682093769778,8592.316666666668
8767,2117,2402.586411203297,2168.22
8768,1249,687.4740834517147,1199.17
8769,1709,2133.649652696963,1709.85
8770,5361,5926.68717334175,5261.97
8771,13693,13690.092375097984,12897.44
8772,7190,6997.148014456681,7315.69
8773,4150,4985.784799957017,3918.12
8774,5698,6468.774554512875,5567.56
8775,10553,10717.24723743723,13008.18
8776,4114,4342.2017831286985,3678.21
8777,489,-275.77661818953766,589.26
8778,984,1550.6930040175885,1115.73
8779,5031,5559.643827117023,5625.24
8780,12058,11661.602346671869,10197.6
8781,2784,3835.9933713609294,3179.01
8782,1068,1350.3094459489598,840.24
8783,3113,4088.3076770133475,3019.99
8784,7955,7612.998450242753,7493.59
8785,1437,1460.0837549480666,1506.59
8786,10976,12884.88879816709,14545.3
8787,6602,6749.3591042882945,5559.97
8788,2985,4073.089611459257,3110.46
8789,628,-358.52733734343747,636.3
8790,11428,10428.170089223513,9290.72
8791,905,854.8416609218802,995.77
8792,2668,2784.5313374526213,1971.62
8793,974,1650.9190397435545,986.31
8794,951,1018.7234620761865,1014.64
8795,2249,3314.272163139144,2317.95
8796,2069,2226.54264684711,1743.99
8797,1807,2277.5967719071105,1786.55
8798,1827,2261.1813093965493,1404.45
8799,5430,9933.90316766534,10603.21
8800,2715,3213.606562663439,2593.66
8801,7283,5883.525762014928,5924.28
8802,4847,5016.602015073495,4652.89
8803,4327,4550.012031574079,3901.12
8804,596,167.60306829425645,615.87
8805,2686,3607.920349468204,2787.67
8806,628,-264.90024092310887,603.55
8807,680,528.8974437714751,669.51
8808,454,-696.9817016044508,572.33
8809,11963,10961.786181271713,11074.63
8810,6619,6130.474261174513,6507.0
8811,710,666.941650018066,657.73
8812,3084,2823.102829844983,3134.86
8813,840,1567.062466087264,784.03
8814,2211,2090.2438260089784,1590.55
8815,4702,4758.315801403967,4726.27
8816,950,1496.2040600692512,832.27
8817,7527,7628.668128714239,7185.006666666667
8818,2167,2689.469878858606,2402.59
8819,13373,14850.322418466681,16706.17
8820,5979,6716.507530923326,7113.23
8821,10482,8645.23831290011,10044.13
8822,2826,1595.622910930737,3313.52
8823,3963,4770.076009907877,4088.27
8824,561,38.39944794967914,625.61
8825,720,537.5469481359751,731.34
8826,722,234.53390208443443,627.64
8827,863,1136.397583374558,877.4
8828,2048,2445.623385467401,2077.88
8829,2507,3380.5290543036763,2651.81
8830,921,-330.28010360716416,942.73
8831,732,173.92511013883086,680.49
8832,3920,3708.1944529847187,3905.96
8833,18104,15588.846665093455,15459.123333333333
8834,1033,1022.0855585932468,793.04
8835,4900,5515.727732040537,5032.74
8836,776,610.4948822738379,752.6
8837,984,853.6651076476082,956.37
8838,7881,7514.01866208541,6794.32
8839,513,-198.52874652076025,538.55
8840,1097,1801.414123234873,1094.69
8841,800,1488.3397946867954,1066.74
8842,814,-169.19648045308531,740.3
8843,4161,3985.518863181315,3030.1
8844,8631,9757.756041087967,8738.11
8845,1666,2142.7352533557855,1588.57
8846,3888,4566.293358394163,4670.6
8847,4458,4290.832932533714,3857.25
8848,2484,2547.94343183448,2362.62
8849,1279,1039.2544723763258,1285.73
8850,13069,14837.132597126025,15181.74
8851,792,805.8402116914003,765.14
8852,4559,4400.4848136632445,4917.18
8853,1004,216.26424646105897,1106.35
8854,2548,3048.3415088896218,2893.23
8855,3649,4673.335895354465,4182.51
8856,5699,6319.591042853893,5235.98
8857,4260,4980.837682405629,4544.29
8858,10331,9544.594147000023,9929.88
8859,4566,4661.5644554844985,4272.69
8860,1354,1331.787352045898,1354.57
8861,13239,10603.515836417953,12343.61
8862,7326,7331.721279755605,7733.68
8863,2134,2759.867379602786,1904.03
8864,12554,13154.372111541505,12451.95
8865,4962,5949.313822555247,5370.31
8866,503,306.69593434139733,555.07
8867,2322,3238.138260396426,2418.67
8868,4744,5950.732299761873,5076.45
8869,3605,4815.969009199989,4587.27
8870,664,-354.01363696507906,735.46
8871,571,-92.08178166754533,539.94
8872,6763,7491.0102510004735,6934.21
8873,7653,6777.049584102585,6794.36
8874,1181,1669.7864677306243,1116.43
8875,552,-5.10912321223168,620.55
8876,8989,8277.138511034103,7826.47
8877,7275,6671.845069016126,6994.23
8878,571,151.43442289654558,583.54
8879,386,115.91464408262163,381.11
8880,707,1131.107986760444,883.78
8881,12608,10211.72457644971,12462.21
8882,802,435.4145303226892,765.97
8883,2803,3534.4601308405413,2777.81
8884,589,189.9812104124676,651.56
8885,2839,3944.897321881084,3049.848571428571
8886,4312,5237.935091520348,5610.16
8887,5184,6365.540551629835,5545.82
8888,1367,2170.8166624882083,1306.6
8889,1007,1564.8096509186685,1045.36
8890,4135,4530.601637583056,3544.51
8891,2553,2983.014861126294,2236.66
8892,2120,2795.8786613153598,2086.1
8893,883,1114.107482329784,807.79
8894,4490,6214.726187934343,5364.68
8895,5208,5280.599940825176,4906.24
8896,2329,3090.54441427831,2673.98
8897,741,1521.1807645954336,887.96
8898,4755,5276.27454248266,4460.03
8899,952,993.1435920163426,889.87
8900,1562,1223.3946310012861,1326.56
8901,5194,5462.475960070651,5258.25
8902,2980,3291.827116808343,3034.09
8903,4828,6916.812362185356,5848.88
8904,2106,3024.943222111177,2472.63
8905,776,330.6474039882569,764.31
8906,544,-92.24922998641796,542.08
8907,733,576.4364244030135,683.53
8908,3593,4218.648988713748,3238.05
8909,1415,1216.3087557953804,1309.9
8910,694,613.6398643059597,802.05
8911,16397,15584.055443314772,16640.43
8912,7988,8208.456858110188,8357.43
8913,5383,5574.482769693092,5358.4
8914,818,-370.22703549942344,800.64
8915,1024,1300.2378857402286,838.49
8916,521,-295.9357872496894,592.0166666666668
8917,5193,5817.9793791602615,4596.812
8918,1917,1732.8019747293783,2265.48
8919,813,706.3058807229777,1020.11
8920,741,413.84604691945697,768.31
8921,7826,7963.696424212609,7749.37
8922,5436,6412.9070239505445,5684.89
8923,705,877.5784692950283,773.66
8924,596,291.79015146011443,647.18
8925,16558,11133.968750285534,15366.23
8926,1813,2318.821011257564,1756.98
8927,15498,14075.33840221269,16118.86
8928,1629,2268.4270997395006,1703.57
8929,2247,3064.0001488420253,2336.82
8930,2039,3021.9514294611795,2170.0
8931,1580,2412.2327548211874,1718.59
8932,9254,7433.136296728915,7789.55
8933,5544,5524.62021288691,5114.78
8934,1138,-2445.414513745992,2064.54
8935,1910,2661.9556158339174,2155.52
8936,11717,10250.343994155875,11358.65
8937,5739,7253.221855637911,5950.62
8938,4037,4823.212053460733,4148.72
8939,3577,3905.0734665558257,3366.13
8940,625,608.568406321453,651.03
8941,9188,8252.575010750863,8554.89
8942,1865,1906.416112326986,2046.1175
8943,4851,5260.219870163934,4900.11
8944,8599,9378.347037790601,9494.08
8945,4047,4336.92424960247,3860.61
8946,1679,2242.008492034803,1784.61
8947,11946,13807.637263531653,14560.57
8948,3379,3876.390036046611,3579.3
8949,877,1181.544851166328,791.11
8950,721,711.5267998153722,751.19
8951,11021,8594.454086373475,10545.81
8952,4158,5325.994018370029,4787.95
8953,589,224.19033030030096,609.48
8954,1624,1805.2555896793601,1548.96
8955,1013,1032.7390104187034,944.22
8956,3446,3405.0969504717045,2523.4
8957,3920,3824.1427432139976,3940.46
8958,1028,1410.0422507283156,939.99
8959,6788,9394.154502863734,8353.38
8960,630,89.08173920401805,691.99
8961,10655,10069.967617007842,10341.17
8962,1553,2141.7293517439366,1512.58
8963,15404,11417.303241705478,13789.71
8964,4140,4169.244173570914,3874.14
8965,1940,2710.1619753583054,1963.88
8966,3053,4377.4304613022905,3275.64
8967,5345,5562.646847150918,5375.97
8968,4972,5191.161576740135,4848.86
8969,5855,6345.351219677165,5824.81
8970,3171,4056.569262004094,3193.95
8971,4637,5225.906351519789,4841.84
8972,5083,4627.712435033632,4653.03
8973,1107,1281.5737272864208,1057.54
8974,561,632.8733039016233,667.69
8975,3450,4065.7888698815464,3193.93
8976,16406,8101.136956011263,10263.69
8977,3468,3325.979470432168,2807.26
8978,873,1533.3967075472092,888.48
8979,906,903.408194847364,878.12
8980,3438,3870.6817708314775,3567.34
8981,6416,7243.249068523914,6296.04
8982,5376,6018.817553150462,5560.16
8983,900,628.0749330183689,843.9
8984,638,-3311.404370951893,869.8833333333334
8985,1624,2135.730762769521,1697.97
8986,5550,5925.621999095971,5783.21
8987,8879,9354.302627931726,8750.24
8988,1220,1149.745894028325,1277.54
8989,5453,6021.484751378809,5383.44
8990,450,-2413.6937516291755,520.11
8991,8919,8360.97038483301,8637.44
8992,1857,2357.2559602252313,1806.53
8993,8235,7398.174028944164,8819.89
8994,965,1047.233549798992,930.67
8995,662,787.3587683597789,886.03
8996,666,675.2057173544163,698.61
8997,4065,4988.76502356137,4441.775
8998,1076,1568.7202307777643,1068.72
8999,2395,2806.116029911771,2475.33
9000,1882,2258.944919336993,1807.96
9001,581,-682.9502528810226,661.14
9002,2743,2482.3190287124544,3097.48
9003,6653,6734.519328334211,6421.86
9004,1637,1880.2498455358195,1661.72
9005,869,1305.9698398844184,1051.11
9006,2313,2219.730741548651,2569.2
9007,12069,10463.784326700115,11446.13
9008,1274,1091.2908440709002,1260.53
9009,1833,2598.5764162178007,1936.96
9010,2409,2808.5058914048223,2349.25
9011,8583,10279.766946453507,9446.09
9012,471,173.3434259900705,495.73
9013,3469,4406.217877282783,4072.31
9014,2012,2596.1458140050768,1959.01
9015,1440,1594.3976766696087,1446.66
9016,1571,2191.028028168631,1696.95
9017,1787,2150.744856287941,1725.18
9018,2867,3003.975887331784,2755.87
9019,2331,2147.854368765857,2238.32
9020,4119,4526.227557144182,4182.36
9021,767,882.1101812358893,809.98
9022,911,664.7329039610122,802.67
9023,1866,2512.220480525748,2179.95
9024,11565,10281.281088210008,11109.86
9025,5516,5415.672095575632,4855.785
9026,1320,1462.8056264457337,1442.74
9027,1023,-175.4673061964004,1137.35
9028,6209,6583.895666677317,7108.48
9029,15231,7615.0790263087165,11692.97
9030,504,826.6256199735935,616.63
9031,1302,1113.649364122154,1354.5
9032,972,886.8461590126808,891.16
9033,2896,2938.772686973967,2666.64
9034,462,-330.46269497829053,493.63
9035,571,246.38432265126812,587.01
9036,959,1146.324144338917,923.11
9037,589,104.98827788871768,570.03
9038,3401,4414.212179558557,3551.48
9039,1240,692.6312327666742,898.47
9040,16425,14326.900029715862,15321.37
9041,9784,9576.880777678902,9147.31
9042,9918,7032.917549645228,8086.81
9043,605,-281.17100818532344,609.24
9044,16462,15198.028176733473,15372.68
9045,1295,2066.6083383615824,1247.17
9046,576,-528.6779552196331,542.78
9047,1243,1151.686529178403,1270.46
9048,5347,5171.788472895724,4754.96
9049,2565,3199.1529528641936,2576.01
9050,6537,7623.174679152926,6221.58
9051,4348,4982.859916855851,4717.14
9052,646,436.15776842918604,696.8
9053,680,718.6119706727768,750.86
9054,984,1447.4172916016578,1008.66
9055,2745,3744.3760134428926,3134.28
9056,1359,1659.6771189337774,1514.6
9057,863,1292.9442145151688,915.48
9058,2377,2366.6295332100904,2285.49
9059,5728,5752.318760109907,5658.07
9060,596,238.09804686353618,710.56
9061,589,280.63405013850297,597.79
9062,8580,9173.56907034712,8437.16
9063,2318,2127.131839756347,2290.5
9064,1002,913.9463155949861,954.33
9065,1044,1559.1251704419901,1071.95
9066,15792,10957.196740445223,13889.92
9067,1438,1721.8363961978966,1450.65
9068,13600,13950.694446157433,13839.323333333336
9069,1330,1903.8852288349217,1131.36
9070,9296,8773.965216304516,8789.16
9071,4942,5708.189610126728,4943.74
9072,775,504.44013028531026,816.77
9073,1597,2189.5664210073874,1619.03
9074,903,1119.9453480754346,997.29
9075,16733,14471.146429264792,15588.07
9076,3060,3273.398640564224,3371.31
9077,2372,2291.345816849024,2008.21
9078,489,-163.7518988203692,552.94
9079,2135,2827.2504980508133,2221.11
9080,2742,2966.8029559190377,2577.3
9081,2211,3186.7051006404035,2205.83
9082,1012,940.0710250406455,1108.99
9083,1270,1177.5341264325198,1337.5
9084,2321,2622.050085407715,1935.42
9085,995,668.6279241270577,913.86
9086,2224,2232.906621558748,2397.5
9087,2318,3150.8939463636084,2237.36
9088,1239,653.9137487235275,1157.13
9089,4764,5507.128975310737,4956.71
9090,6017,8357.832651733508,7433.33
9091,862,1302.7865345175715,844.18
9092,3798,3793.643358288349,3388.04
9093,419,495.7217658466452,539.94
9094,10006,8566.044087604576,9503.86
9095,4038,4574.380332228491,4373.51
9096,5396,5498.098353468038,5522.47
9097,891,-439.4944625994667,833.23
9098,819,1308.8035743454675,970.66
9099,2012,2488.3375905673097,1940.79
9100,2909,3692.4051072664165,2725.53
9101,2501,3320.211525287044,2486.9
9102,4691,5991.692378861892,4984.04
9103,5696,9353.806022067376,12713.73
9104,743,419.44903648781474,672.64
9105,819,1368.7595414509174,836.52
9106,567,-855.3637582589763,709.89
9107,844,370.5977659433638,781.37
9108,4511,5047.6920839731865,4606.09
9109,13731,13543.360253402238,13592.97
9110,3786,3402.4679561155426,4118.9
9111,6796,6176.967081576423,6541.48
9112,3480,4011.266579453019,3642.75
9113,1388,1090.9749986441193,1287.86
9114,1574,1481.6183074291494,1472.65
9115,5209,6527.338009303451,5531.69
9116,689,1160.8929338855228,673.07
9117,1166,1366.3606414501455,1157.63
9118,631,303.84206732421444,655.88
9119,4179,4548.156611162396,4102.12
9120,2793,3498.6885511132855,2718.2
9121,4633,5479.116536027802,4769.55
9122,3597,4142.013393200255,3140.55
9123,5595,5840.09814426413,5445.02
9124,4071,5897.157325807,4777.66
9125,505,-416.4420669007113,602.94
9126,403,178.75220142960006,530.97
9127,8081,8990.62316082491,7896.71
9128,2453,1910.3333133825226,2245.8
9129,8227,8487.683278638855,7155.84
9130,14866,12680.42243473435,13190.03
9131,526,62.026909898525446,568.73
9132,876,-101.60764817531526,803.85
9133,1352,917.7157474266269,1401.74
9134,6416,7261.380530508954,6270.17
9135,1728,2290.253178115978,1759.68
9136,1094,1204.5846930370108,966.11
9137,6854,6422.622292460799,6646.12
9138,945,815.3414388365018,775.72
9139,6398,6443.832635426828,5637.3
9140,17179,14125.379801670157,15685.88
9141,1221,2016.7230966444208,1187.57
9142,1393,1151.7831057730118,1362.13
9143,939,1582.9077699317559,1015.71
9144,11230,10363.12950727019,10954.4
9145,1071,1444.4065515201896,943.28
9146,684,1012.1664331556153,731.59
9147,18442,15703.466487291995,16219.21
9148,1408,1723.8441512279132,1463.19
9149,2803,4090.182442164437,3728.93
9150,7175,7308.335679793495,7048.04
9151,12030,11833.10016745628,12448.866666666667
9152,12620,11433.628882557037,11066.06
9153,734,707.5185152270697,710.19
9154,11107,10404.900212762292,10729.23
9155,8260,8617.050261606551,7359.35
9156,530,731.8421093562642,543.35
9157,1899,2938.882550693911,2066.1
9158,644,347.7317336201195,723.64
9159,3062,3746.5429015049504,3860.19
9160,1013,845.5262536068822,961.76
9161,1420,1629.845396706999,1368.415
9162,436,560.0601371721232,477.44
9163,2676,3387.631866666905,3020.84
9164,6542,6346.121249735764,6417.74
9165,1694,2138.6994525153386,1721.43
9166,3905,3212.143835555771,5914.31
9167,974,1732.4016749631319,1004.75
9168,773,673.2424889851022,757.49
9169,6685,7379.761532014279,6160.58
9170,547,-603.9694864618314,493.28
9171,2364,2326.9381137964265,2161.58
9172,432,-5.2195864002701455,478.38
9173,4259,5297.4027616451895,3940.51
9174,1746,2239.332358068844,1860.69
9175,15316,16093.541197158336,15743.62
9176,4088,4305.017838363108,4404.3525
9177,2234,1473.1582137660898,2166.65
9178,3205,3133.920683159767,3196.03
9179,4617,5018.071373825881,3972.59
9180,5939,5851.094365297109,5425.96
9181,2922,3626.1663581004304,2728.78
9182,1546,1661.4037887651602,1577.17
9183,4072,5155.715139347407,4753.59
9184,10602,7939.317280705651,10741.59
9185,16485,11400.905902850212,14912.77
9186,568,684.0593008224951,615.29
9187,648,-453.90129782954864,685.13
9188,2053,2469.771165119239,2068.43
9189,9905,11413.357110921013,12056.25
9190,540,-1067.1322132667528,645.73
9191,6355,6643.736905125453,6514.04
9192,12648,10547.975180380447,12019.4
9193,642,676.8655828002402,721.86
9194,3478,3911.6037624402597,3239.11
9195,954,1416.0657569116615,957.46
9196,4427,4595.213260500819,3750.42
9197,1172,1666.7075799733962,1021.62
9198,5087,5788.128826982771,5240.86
9199,7294,6706.781233943596,7531.28
9200,9023,8190.42901742594,9805.01
9201,5664,5066.002533229677,5178.03
9202,16994,16565.02638323734,16459.94
9203,3812,3924.663027052492,3577.47
9204,2514,1982.05862089954,2242.95
9205,589,208.0966093932666,553.54
9206,1412,1922.7829895986051,1601.88
9207,505,-154.93850918042608,525.62
9208,13119,14290.756370552763,14732.3015
9209,1163,1067.3611622161325,1167.13
9210,580,697.24547983719,749.44
9211,7243,7420.3431599845035,7393.4
9212,698,-194.6680996740197,640.23
9213,1097,1759.4706711168346,1111.04
9214,3987,4526.434745186294,4124.06
9215,3849,4243.300530384979,3284.5
9216,1257,2032.3226405812884,1269.43
9217,5182,6167.031172564374,8380.85
9218,6521,6137.615634734071,6465.63
9219,2382,2856.511610490619,2372.98
9220,969,492.5272091588686,852.62
9221,1286,962.4100693746727,1218.07
9222,14428,13007.69689519083,13150.88
9223,4948,5744.577408391099,5274.31
9224,1768,2437.2065305911815,1941.13
9225,2686,2815.0650465389626,2156.82
9226,3599,4762.544789910059,4273.85
9227,4075,4417.678860219496,4005.62
9228,583,576.5164238882217,691.61
9229,2312,2875.350674973837,2417.94
9230,13474,10892.550715842746,13730.75
9231,2154,1121.2938941863936,1998.66
9232,489,-129.734520537746,529.84
9233,1615,1694.09756316325,1531.24
9234,854,1292.202823136584,854.06
9235,3710,4015.009936381743,3349.14
9236,491,82.31685067801709,592.55
9237,1837,2216.4759600176067,1707.0
9238,5045,5582.409122045829,5142.0925
9239,7792,7854.160562541299,8028.08
9240,1790,2599.4668533064823,1792.77
9241,5291,5931.5913333360995,4869.38
9242,4754,5040.836037662438,4743.1
9243,4944,6686.22431473269,5639.38
9244,3700,5474.195621610363,4188.29
9245,537,192.0600879116887,611.54
9246,684,885.0071748518808,662.97
9247,873,1687.25207745552,901.96
9248,956,789.0819770492699,821.0125
9249,471,246.66939414153148,555.86
9250,2726,3311.7032193659525,2667.05
9251,8693,8209.877818431905,7921.01
9252,5511,5699.740208810123,4634.01
9253,942,829.4841112512795,839.62
9254,9216,8650.185887480773,8714.8
9255,552,175.51708732494353,534.76
9256,764,1073.3858022760924,809.69
9257,5300,5812.1892607757345,5307.06
9258,834,-380.7188009552701,811.79
9259,7310,7447.784705552452,7400.19
9260,873,1536.096536369358,966.63
9261,10215,9985.575923631162,9727.83
9262,3756,3876.2411810460762,4060.37
9263,470,216.67630905028727,497.78
9264,683,1266.3202655894706,769.26
9265,17213,15322.131082351227,15803.98
9266,602,543.6047408482345,630.34
9267,454,-186.55476211907535,531.81
9268,3841,4675.060860468751,3701.23
9269,4808,4734.801356059477,4571.17
9270,1031,1116.1601006500368,848.8
9271,2279,3076.0036952003697,2413.88
9272,2235,2249.1025960809693,2234.07
9273,471,133.57161898472623,512.98
9274,1754,2348.3068660159975,1785.19
9275,8163,8616.976193608987,7276.55
9276,2396,2689.1299155587235,2531.09
9277,767,1105.9904628745935,842.36
9278,4204,4721.819740868712,4103.73
9279,9551,11591.669244699879,11462.49
9280,4989,6254.68913585387,10160.09
9281,1004,1626.223148528854,1058.66
9282,545,69.58982552937596,599.33
9283,9569,8464.788021292527,9451.63
9284,3267,4352.340037584522,2989.836666666667
9285,666,-237.3804983858936,787.34
9286,812,-332.9545903632825,715.9
9287,5255,6146.188595244794,5238.24
9288,4536,5294.8526407130275,4398.973333333333
9289,8524,9196.039776391317,8328.97
9290,1582,2171.8975133599706,1279.58
9291,3131,3183.0870040777613,3036.36
9292,1097,1481.0266259840282,1061.74
9293,9450,9657.995994856701,8901.35
9294,7086,7813.678322757251,6971.9
9295,2047,2616.1240554352794,1908.58
9296,10721,10707.544420638842,11115.89
9297,452,683.179741128115,503.81
9298,6732,6233.18068699832,6523.19
9299,4959,5227.652718349874,4361.17
9300,666,-472.94928941586295,689.58
9301,2234,2535.663080261745,2376.73
9302,608,794.0375346707697,542.51
9303,489,-225.94235427725016,533.36
9304,4870,5378.998458414613,5061.35
9305,3544,2481.0624848435464,5458.52
9306,1041,1279.531914703376,875.8
9307,4860,4501.675177416484,4398.81
9308,4147,4506.386428430113,4146.43
9309,479,52.19875564774793,518.67
9310,625,755.2301038031555,546.13
9311,3445,4287.211717345455,4110.77
9312,5226,6387.879377543278,5848.34
9313,665,555.1991485175195,698.65
9314,1826,-13.26380811294166,1923.45
9315,1071,-2045.5450869505894,1764.59
9316,919,371.2914013781847,816.52
9317,3519,1976.555185721436,4489.11
9318,9085,8777.968416604283,8628.24
9319,3013,4909.1204624163365,3891.28
9320,3428,5492.140033324308,5197.19
9321,1559,1908.534360751395,1581.0
9322,5779,7131.719674902136,5635.02
9323,1142,2046.920518181581,1166.19
9324,1985,2130.08580829691,1832.95
9325,1008,1301.1272264246213,857.7
9326,9282,7685.691511415772,9811.88
9327,5072,5407.9542951484555,5125.01
9328,786,1478.3130888051955,979.84
9329,515,10.812722939441755,512.7
9330,787,798.2503834437102,746.03
9331,608,-394.914244636424,549.71
9332,1710,2245.9607229302082,1657.18
9333,1819,2581.4811724094147,1942.7
9334,4028,4394.091838731195,4217.8533333333335
9335,1624,2057.734234287005,1712.0
9336,876,-370.9289655174898,785.75
9337,650,814.9036689654463,554.02
9338,3104,4019.7666103013703,3250.81
9339,13037,10794.420741041698,12089.7
9340,15697,12282.662260266292,16050.48
9341,1346,1643.9212757173914,1414.22
9342,5821,6344.7248755395685,5452.16
9343,1094,1255.8876344212213,916.77
9344,767,926.2579973206202,856.16
9345,3569,3629.306533018571,3548.06
9346,2494,3647.589591717555,2570.68
9347,2376,2376.371585377164,2269.07
9348,644,347.94062583423874,585.12
9349,9569,9674.82801216753,9713.88
9350,596,614.8449538543018,669.23
9351,2089,2320.222276258485,2526.28
9352,422,-1277.1232868795896,423.79
9353,10662,11630.512158942336,11974.166666666668
9354,12170,10982.437643018984,12446.06
9355,787,-1006.7916374441811,757.94
9356,524,430.3795905688394,635.53
9357,4022,4182.012850815296,3759.95
9358,477,-514.4045522138877,595.5
9359,12186,11581.63188902407,11048.08
9360,15100,12367.49553839092,12698.48
9361,5656,4919.86884016228,4421.3
9362,1031,2060.8029601386324,1316.45
9363,726,1054.7133734729578,907.15
9364,1743,2306.914093716229,1874.43
9365,1623,1728.5880575277379,1565.69
9366,1108,1963.3614618799284,958.81
9367,4077,5048.339609893521,4410.01
9368,7399,6639.0420624706285,7078.27
9369,1397,1946.771207087435,1276.17
9370,748,217.82957195372,686.22
9371,982,1106.576752145913,1009.49
9372,522,-211.14825605301394,626.84
9373,1071,-814.8069714575577,1053.16
9374,975,-245.71339955733492,1259.2066666666665
9375,1138,1581.7941729893264,1430.82
9376,764,1149.1359928393467,836.38
9377,1236,1976.3415571158966,1286.5
9378,1363,2029.2463671065839,1188.03
9379,4561,4895.001121423433,4551.42
9380,627,651.7025339136044,696.75
9381,402,310.79315767781736,431.73
9382,8900,10331.261422092655,8570.39
9383,12009,10086.433359178103,10608.28
9384,17871,15171.258723190722,16803.89
9385,3998,4339.651081563614,3911.75
9386,9333,8769.49992023923,9469.16
9387,1895,2232.52092185865,1788.04
9388,665,1005.0168622506876,705.94
9389,876,-273.1704478369238,793.43
9390,11010,10011.938486426712,10441.31
9391,6794,6414.5764625466945,6891.97
9392,7943,8389.451626727074,7544.263333333333
9393,6973,8134.720569205125,8082.17
9394,2807,1939.2575702883878,3395.48
9395,16049,11184.72146329196,14278.4
9396,7464,9250.270030061925,8812.68
9397,810,362.98820751465064,736.45
9398,4467,5660.933887395993,4863.17
9399,3425,3772.291928883751,2960.64
9400,1949,2016.7042017126137,1676.18
9401,2432,2639.3559203737154,2366.64
9402,734,898.1687305668438,765.48
9403,2251,2872.6775030442714,2315.61
9404,12756,10752.01295530345,12696.79
9405,2726,3873.406711114484,3054.7466666666664
9406,1094,1528.5149112217932,995.03
9407,854,627.7733698080438,820.48
9408,3986,3804.7003375001723,3931.07
9409,452,532.6082912795127,561.82
9410,3066,3990.018561606982,3155.854166666666
9411,2822,3533.9967809539353,2820.04
9412,2395,2310.263806221952,2568.95
9413,638,-357.15961779845566,688.49
9414,17168,17730.42603438127,17956.55
9415,5147,5554.624132714585,4854.29
9416,1651,1788.923471829547,2266.73
9417,7457,7246.306304782066,8232.31
9418,1259,2173.7460064361035,1286.61
9419,15760,13759.198634285936,14228.21
9420,1134,486.8792567985697,1175.28
9421,3415,4336.49805685006,3433.77
9422,10341,10960.17345687357,9576.22
9423,832,1387.8927414782488,893.8
9424,1556,1304.013072893028,1434.87
9425,3803,3731.043955317664,3465.04
9426,1991,2484.4096502170987,1840.1
9427,1883,2753.4277293333275,1944.51
9428,600,320.4929106227819,663.23
9429,826,1262.4011865431867,828.6
9430,17634,15278.649262416764,13087.45
9431,10937,11890.088929628822,12019.21
9432,552,-102.58422191862883,528.43
9433,2266,2236.759871128942,2317.02
9434,972,895.3422636583227,889.79
9435,3138,3482.024785102873,2801.63
9436,14637,15208.264925900005,16218.13
9437,1590,1860.9147752206359,1587.07
9438,710,619.3636666938564,666.24
9439,2694,3572.1817803637487,2714.1
9440,6221,6711.992141608734,5448.24
9441,14648,17547.36952405059,14805.07
9442,9290,9157.106198512796,8871.72
9443,3803,3636.945104126613,3717.48
9444,1125,1561.895943091523,1083.57
9445,1175,167.9389398432404,1315.63
9446,1408,1749.3050273016343,1475.62
9447,13442,13488.2890841594,13757.97
9448,633,-319.6994731862287,647.32
9449,577,184.12667701564078,529.45
9450,1598,1757.7443949832095,1617.97
9451,5422,5861.006162502093,5596.37
9452,4986,5282.145056900763,4646.49
9453,10927,9811.150113932774,10824.13
9454,505,-247.17481224277526,534.02
9455,4497,4585.035475073433,4262.94
9456,1911,2633.2247971818656,1937.91
9457,3321,3651.503845024661,3015.51
9458,794,1433.4693242708158,829.2
9459,548,1034.9577818545818,540.81
9460,405,-3275.3924703313787,520.32
9461,765,476.17057329062936,698.36
9462,16769,15045.662538220344,15329.09
9463,4390,4692.497246389782,4079.12
9464,596,608.1603560577896,618.18
9465,6934,7151.301814752657,7467.24
9466,3160,2773.5189970388155,3144.69
9467,4588,4830.680350137092,4544.72
9468,1333,2033.8285434967447,1272.49
9469,828,444.0814464817731,701.48
9470,895,1355.2670229479854,833.15
9471,1679,2338.7757962309643,1788.83
9472,596,580.6578149730212,619.8
9473,749,516.7047915716894,736.7
9474,4778,5311.899114360106,4698.83
9475,589,160.81553893334603,571.51
9476,1257,536.2704438441933,1389.58
9477,907,483.8352526612048,905.1
9478,8924,6860.766332315767,8685.423333333334
9479,705,744.912167849825,840.82
9480,5055,8055.894052314002,7571.46
9481,5190,5991.5786313644,4998.61
9482,3312,4003.483393359703,3079.12
9483,544,-106.97957627793676,558.37
9484,726,834.7990400670433,846.89
9485,1295,2081.27442747017,1217.95
9486,814,1257.596357173311,834.52
9487,6254,7347.210263311481,6367.61
9488,4283,4397.731584609778,4661.17
9489,657,1098.8470716555103,767.17
9490,945,1016.7880292234299,848.79
9491,2947,3618.099049017401,3210.3
9492,470,728.0533474041122,568.71
9493,2288,2610.7716583627434,2238.95
9494,1076,1583.3309024096898,1078.21
9495,958,-340.7693232362726,1153.88
9496,1793,2158.3365129484646,1808.88
9497,926,1378.7098483808186,897.21
9498,561,342.2427350687185,618.63
9499,4697,5755.713816630311,5438.05
9500,15805,14425.191923266595,16216.26
9501,665,1198.0450205630905,820.1
9502,9793,12981.252210337198,12581.763333333334
9503,776,184.26981197874875,716.18
9504,2768,3067.5289591909636,2687.56
9505,2593,2612.087949182941,2556.53
9506,4338,4710.555410324256,4079.7
9507,6173,7060.6501783017175,8404.32
9508,4637,5752.070399627068,4578.2
9509,710,791.2111206501295,681.71
9510,11066,10217.848845278364,9881.63
9511,1659,2051.0235268188817,1822.16
9512,1079,1706.629207175425,1087.29
9513,1815,2190.984507611861,1749.31
9514,755,579.8696653184843,770.5
9515,692,-540.4019078300071,678.02
9516,2647,3007.863854983979,3290.34
9517,2685,3779.2673139672256,2683.68
9518,8030,7782.320979967297,7755.1
9519,2345,3022.6109495932824,2437.21
9520,17334,14966.394225049267,16455.21
9521,827,353.64889104937265,743.23
9522,2024,3160.595194716451,2273.75
9523,5424,6003.464068459332,5414.01
9524,3137,5303.608498158315,4618.5
9525,1113,1118.7587201984616,1053.28
9526,2239,2529.265394753131,2427.41
9527,1134,-1756.4398968081714,1974.11
9528,5379,5488.84452268312,4607.0
9529,7533,6612.633127444004,7522.51
9530,15330,14309.023222355916,13985.11
9531,2777,2850.957940443436,2328.1
9532,8596,7599.4164900323085,7270.82
9533,928,706.7818904333553,877.43
9534,1698,1837.3226101950395,1683.36
9535,4994,7122.021168224411,5768.51
9536,1619,2043.450464457911,1672.06
9537,522,-454.4340735133419,607.99
9538,2376,2158.9908255326745,1879.63
9539,2285,3250.0370057622267,2599.01
9540,10494,11476.133193452155,13036.97
9541,2012,2372.84497105136,1976.74
9542,5435,5806.806932833578,5034.25
9543,4001,5013.692345718281,4592.94
9544,3253,3407.2404035617114,2897.56
9545,451,-346.2704583191653,529.17
9546,596,-902.2866136985867,654.8175
9547,782,519.4319239300498,884.84
9548,4748,4930.57431173193,4472.09
9549,789,1255.0227127368694,806.36
9550,4276,4745.0382725616355,3968.98
9551,5694,6021.244413893987,5649.57
9552,833,456.1719261460744,801.92
9553,1427,371.35374948085064,1196.18
9554,1007,1749.3886267869798,1011.88
9555,1220,1956.1209405949116,1221.67
9556,633,-226.51712398107702,723.47
9557,707,536.6671503315156,799.12
9558,936,-193.06262060772315,932.665
9559,1918,2684.691566015326,1939.42
9560,11148,10812.719802202773,11427.06
9561,11455,12207.059265159407,12060.22
9562,7925,7076.125155967926,7676.69
9563,628,-280.4962762485293,612.66
9564,4871,5711.7881118136775,5210.61
9565,8637,9030.280556643247,8386.933333333334
9566,1183,852.6674330156575,1195.5
9567,800,1345.5902440018403,867.9
9568,3510,4680.578069394303,4274.04
9569,4079,5018.663166026197,3953.98
9570,1152,1006.8280163225199,1203.68
9571,5367,5406.832624344042,5139.22
9572,7687,7312.18131363472,6891.26
9573,742,1279.1704930415513,761.43
9574,571,212.0772862534377,582.18
9575,433,-1273.1909893412922,462.52
9576,2138,2813.932030303915,2392.89
9577,1013,1211.9669675166629,941.26
9578,4492,4041.697664470691,4195.86
9579,2694,3694.349120615361,2683.44
9580,13107,11080.423276966114,10080.1
9581,7389,7584.608778577505,7761.34
9582,3075,3789.4414128566605,3138.68
9583,846,607.869762850085,777.89
9584,911,688.4369038953109,781.09
9585,2611,3293.1920888401196,2692.266666666667
9586,1621,2215.1874825362465,1697.38
9587,3411,3496.575794955419,3656.28
9588,1893,2499.9242757455027,1708.99
9589,5445,5573.9889055241465,5314.2
9590,2744,3448.5568385012098,2527.79
9591,7414,8338.907613122145,7828.09
9592,5231,5398.91093071945,5053.78
9593,497,-2847.7891520138255,506.65
9594,3449,3754.7276964442713,4204.28
9595,2390,1723.6988707498713,2102.4
9596,983,-165.81699916326033,1213.34
9597,1439,1439.81695817856,1409.78
9598,1028,1459.594685368745,911.62
9599,6552,6215.6610831959915,6198.4
9600,3734,4437.208745110763,4271.6
9601,1127,1183.9754702293826,1184.68
9602,849,1638.4349656382133,870.44
9603,940,1633.5285563364514,1078.57
9604,1944,1605.8757410961707,1920.72
9605,9669,7485.983734746232,8545.46
9606,1241,1369.8051096217082,1413.62
9607,13329,10679.167887760705,12196.13
9608,889,1021.0098051905325,850.25
9609,1691,1218.216594798624,2254.19
9610,6469,7384.775018766025,6555.06
9611,9714,10701.170667374201,9908.39
9612,2511,2973.459869213686,2556.14
9613,729,-72.37406189746616,625.53
9614,565,-1128.597409987572,671.07
9615,14867,15881.321721971255,15144.44
9616,7485,6534.913735168739,6795.3
9617,720,189.00615300975005,700.8
9618,1032,732.9215400358121,889.31
9619,445,652.504106127401,569.64
9620,1016,726.5747755631737,907.69
9621,1569,2087.026600263195,1626.45
9622,915,1411.0850296302942,829.23
9623,1074,374.1576453044463,1073.55
9624,1662,1910.7894734927577,1525.96
9625,1363,1102.28013674167,1249.99
9626,4229,5026.937056869814,4628.7
9627,6960,7083.461610881393,6486.99
9628,781,959.0226512842873,779.17
9629,1356,1979.5941049487947,1289.8
9630,2278,2939.416243518946,2360.69
9631,5308,7229.735506410464,6143.38
9632,3497,6049.732298920617,8719.08
9633,537,-23.692392549226497,676.68
9634,935,1359.7193194030742,955.15
9635,5748,5083.152746449801,4747.595
9636,548,727.630492349298,578.35
9637,1168,1678.3044809405774,1271.66
9638,746,1004.3170923298094,756.1
9639,5641,7279.964835674497,7313.54
9640,5043,5862.844365572984,5266.92
9641,2444,2849.5738755992224,2445.6583809523813
9642,1107,1195.7387942860196,1055.91
9643,374,-2182.3653425986777,444.06
9644,17218,15917.526160165688,15312.93
9645,11189,10864.13109734975,11357.27
9646,2728,3257.550662422593,3108.0225
9647,486,-112.86559977379693,554.23
9648,854,723.2650757428346,854.14
9649,1992,2616.9335353256433,2019.25
9650,5457,5889.243673307954,5021.85
9651,3820,3648.0259120178,3601.77
9652,5456,6554.915917035638,5905.84
9653,2268,1455.5888398061065,2035.74
9654,9505,8754.676533018566,9468.41
9655,9641,7852.2264374529095,9884.31
9656,6095,8974.337322821564,8117.24
9657,3724,4312.850235542412,3878.67
9658,5543,5808.70847519157,5068.19
9659,1819,1923.566723436255,1737.56
9660,802,551.640208339194,763.2913333333333
9661,599,764.0190046357193,750.2
9662,720,302.384597369778,643.54
9663,12468,10676.811887143569,12862.06
9664,969,618.1619776148614,896.19
9665,579,73.13031495519135,595.87
9666,2903,3630.157492429867,2756.55
9667,641,-109.04339701239769,547.74
9668,1706,1534.28681637119,1575.87
9669,8077,6608.647389253745,7676.59
9670,1808,2149.210099439156,2312.33
9671,2184,2597.0391742336733,2332.76
9672,2297,2840.005586279733,2246.78
9673,1294,1876.8733028700553,1312.82
9674,645,540.9061293702098,628.13
9675,6073,5882.63019781316,5355.5
9676,4989,5856.9397180728665,5042.2625
9677,3536,2401.773342492157,3503.82
9678,2370,2767.8188189472153,2280.35
9679,2396,100.46681786278714,3547.855
9680,2138,2758.233349981438,2236.62
9681,683,16.321710011757204,802.83
9682,12483,11066.605608250637,11035.84
9683,4576,4701.969899896813,4323.94
9684,3095,3992.474228802954,3618.53
9685,3063,3892.0212979176963,2992.58
9686,6722,7268.993420421531,6975.12
9687,2862,4196.075846760536,3204.28
9688,6534,6851.181248542996,6608.63
9689,982,1655.1838827132165,1004.0
9690,3630,3511.054111374676,3632.36
9691,4304,5021.771986931484,4266.56
9692,1063,1125.8842554286857,943.01
9693,857,903.6549599017853,755.02
9694,956,723.4009792271363,877.78
9695,16198,16161.735815541642,15388.36
9696,4548,6688.236833234807,5138.62
9697,1610,743.9055242031077,2002.05
9698,10197,11332.328617203199,12109.9
9699,2137,2761.627377182187,2289.07
9700,9572,9300.67907645283,9882.793333333333
9701,4653,5554.977585256457,5131.49
9702,5602,5963.37130410013,5439.253333333334
9703,8258,9407.179261854682,8780.54
9704,765,504.53858055234286,698.34
9705,1754,2396.4715595568723,1773.82
9706,1054,1736.5709271936444,952.48
9707,1694,2198.977672986871,1809.84
9708,2812,2657.1306017272627,3437.4
9709,900,760.7015206510596,768.03
9710,895,1352.2799327553485,910.35
9711,5395,6386.855221561822,5875.63
9712,910,1495.4010547561265,855.21
9713,696,1201.189672591825,717.04
9714,4601,5203.006127992614,4299.29
9715,17999,15469.68268506609,16958.61
9716,9433,7777.813452634563,12747.19
9717,2492,3151.4780224399956,2761.958333333333
9718,2092,1844.712192038488,2196.74
9719,2815,2343.444878256461,2577.86
9720,7504,7381.679295958614,7559.72
9721,5721,6468.346328453764,6182.31
9722,8530,9083.830325233132,8177.24
9723,2459,2818.221307296214,2408.16
9724,6951,6350.966874196807,6676.9
9725,4817,5263.986215166426,4465.54
9726,4707,4944.531010817096,4525.15
9727,1600,2034.1999501622386,1602.62
9728,844,1646.401936097241,989.61
9729,2268,2204.0715986496307,2097.4
9730,3234,4072.3246577325767,3044.17
9731,1082,1695.9090089758024,986.2533333333334
9732,5698,6063.446124788574,5672.17
9733,11534,8875.241059707154,10785.75
9734,2142,2785.284178027243,2444.72
9735,1631,1807.8131783893655,1577.6
9736,10302,8898.686473907379,10377.12
9737,2300,2294.3367435215405,2967.98
9738,8858,9497.250752238033,8840.95
9739,1081,1902.4893754515929,1066.95
9740,3502,3351.533650696705,2849.48
9741,1430,1911.9785336329905,1471.02
9742,968,1349.9176229954965,1004.27
9743,5974,6988.449835296396,11006.64
9744,745,921.5563620891407,857.99
9745,622,-459.5516946894895,668.2225
9746,4370,4398.516305301557,4060.25
9747,10581,11425.883117750638,10392.15
9748,4543,4768.918810621113,4238.81
9749,6597,6807.178146557834,6089.31
9750,9167,9490.69189275589,8870.39
9751,7459,6647.98305281581,6989.73
9752,12377,14970.213952029937,15822.3115
9753,4042,4285.436609655562,4265.02
9754,2571,1382.8508953020555,3591.14
9755,716,-149.26684423664756,804.49
9756,18102,11851.216264583596,12583.37
9757,1043,1757.3022074974706,1019.75
9758,856,1551.846081505139,759.39
9759,2383,2238.8258127804297,2165.82
9760,6529,6684.566578352103,5958.18
9761,16690,14835.798280930723,14937.99
9762,1877,2643.5414556677483,1931.23
9763,5927,6268.87134597082,5591.51
9764,15105,13384.78530565278,14882.04
9765,4316,4609.22992229014,4505.28
9766,1367,2163.8759523462877,1333.54
9767,2218,1866.675497740831,2305.12
9768,2821,3084.007367498176,2694.74
9769,702,716.321123794959,738.0534999999999
9770,2551,2769.461920102168,2525.02
9771,4310,5117.312332800344,4604.74
9772,1637,1712.1856226186992,1622.28
9773,12791,10703.93557595113,12148.53
9774,1203,1694.650793591285,1494.0
9775,844,1296.1019367210602,863.34
9776,918,1476.5113206661254,942.64
9777,687,246.28600480168325,742.1
9778,9856,7619.695398182665,9193.82
9779,6796,8297.11363937976,10650.0
9780,4158,5053.69573105541,4794.02
9781,1244,1232.1154110198386,1302.51
9782,649,487.5047162475712,711.6
9783,1244,1022.9824677614492,1307.31
9784,1148,1874.8992840536703,1170.4
9785,2063,2417.973708891583,1987.04
9786,5806,5874.699054945486,5756.36
9787,3651,3806.350046174589,3569.98
9788,3036,3481.594679093982,2680.62
9789,4784,5767.138502829997,5110.32
9790,590,481.25767054285507,659.58
9791,1608,2109.5648773362345,1610.55
9792,15005,8758.648916168568,12562.69
9793,13477,14045.511358118369,13706.76
9794,1046,1189.6954083667051,843.24
9795,8168,6970.872221123429,8361.36
9796,8572,9645.128796813093,8675.25
9797,3971,3441.0046462562,3667.7
9798,1250,1057.7364959198626,1298.27
9799,4609,5015.141836916979,5131.24
9800,18701,28744.14134172594,16521.9
9801,6618,6427.0744739633365,6692.19
9802,1591,2504.0077663163584,1891.51
9803,544,212.72440780770194,605.5
9804,3979,4171.143548940013,3692.44
9805,3603,4684.47036744338,3360.41
9806,773,658.0403848520118,861.59
9807,4244,3574.0605900690525,4230.04
9808,1050,1328.3607567701174,1457.46
9809,4049,4506.983843626391,4394.24
9810,649,511.13210596717454,712.61
9811,4475,5017.007641208529,4368.33
9812,8994,10199.092203890523,9718.34
9813,1814,714.8272425053146,2037.05
9814,1033,1050.4298458465983,865.1
9815,4872,4478.026938802981,4338.05
9816,4838,5146.341509182172,4949.17
9817,4586,4817.4195458688955,4384.75
9818,2066,2582.649782165133,1916.44
9819,698,114.94363562868466,649.98
9820,8133,8180.011784521908,7967.12
9821,596,137.44498017636215,598.85
9822,15992,16320.30723616239,14660.92
9823,4171,4361.593820992071,4370.86
9824,6250,5648.871738250378,5021.59
9825,579,125.56881333806177,581.78
9826,8422,7421.753845634018,8010.17
9827,2741,2594.0418240695226,2643.52
9828,2311,3328.0412400877494,2940.25
9829,3871,5647.360837454027,4696.15
9830,7453,6462.800154218194,7234.17
9831,1709,1925.0347243328188,1691.34
9832,907,634.7375702277805,726.65
9833,1262,901.942713756478,1342.05
9834,5160,6078.371323390064,5300.48
9835,2817,3630.080346273382,2760.33
9836,4022,3280.2472863981525,4393.9
9837,478,274.5073796056072,530.37
9838,7550,6975.414550634601,6688.83
9839,2528,3464.191552736185,2489.81
9840,935,1424.46530139867,924.1
9841,13256,11861.838515542142,12920.62
9842,5437,6892.956534986187,5853.11
9843,6603,7281.974285259291,6444.93
9844,660,900.7026438515313,680.49
9845,6169,6034.245965680006,5828.9205
9846,13182,14993.859358618522,15750.34
9847,12231,11488.981314706663,12123.91
9848,6166,6432.512915314848,6112.59
9849,6419,6351.352174646185,6003.16
9850,863,1369.8197183818102,826.61
9851,1376,1361.4881401554135,1468.15
9852,9281,9793.004832852008,9829.37
9853,7080,8062.515032888109,7568.07
9854,462,-304.9686141878101,484.76
9855,1136,537.9813534899899,846.9
9856,3136,1866.5706614808823,4783.76
9857,4851,4987.008876817108,5064.9
9858,1216,1256.8104937682947,1340.9
9859,898,394.9490588801391,826.55
9860,4732,5778.094849271771,5696.725
9861,8361,8004.175941360004,9002.98
9862,3842,4630.373381382884,4084.5
9863,14698,11310.114082681794,13088.55
9864,1053,1481.3993388529452,1003.16
9865,608,-362.9856907565918,623.39
9866,8040,20310.42414747551,14697.47
9867,483,-862.1655381558066,519.91
9868,737,543.3648977707062,822.5
9869,2317,2266.6476635613008,2429.04
9870,1950,1009.0012535226633,2144.05
9871,6468,6054.94571293237,6102.91
9872,855,-289.48909744344564,789.01
9873,923,419.5717517677108,892.21
9874,3442,3206.309611032365,2740.57
9875,828,721.9488913211298,780.74
9876,446,-822.6134617663156,493.07
9877,562,413.5797228244501,579.59
9878,5662,6381.254514035144,6751.05
9879,1792,2003.2185983946338,2065.81
9880,3288,4107.702789429506,4176.42
9881,3723,4022.7196219495663,4020.61
9882,5706,6284.219668277309,5914.02
9883,5750,6736.587338649188,6004.61
9884,5645,6811.7432158518195,5718.47
9885,499,442.42144216816905,481.7
9886,4559,5663.139232777567,5272.03
9887,595,506.86471705631175,472.25
9888,554,-1227.5851431388483,499.26
9889,1436,1531.9189445544162,1366.615
9890,4793,6093.054859734844,5002.46
9891,15751,15385.229662731837,14526.23
9892,1125,1434.7401615053504,1018.56
9893,2372,3287.5426316802777,2627.79
9894,1026,1509.4716995723084,1000.67
9895,452,-590.3312857582077,472.51
9896,10659,9675.831270853892,10051.06
9897,5104,5516.378838347967,4987.13
9898,4605,5304.672239110147,4725.89
9899,969,450.90011782497777,850.69
9900,11696,10268.637718301808,11330.67
9901,6765,6892.671732640292,7692.83
9902,2698,3404.944707048766,2701.07
9903,745,1009.9008015323752,867.62
9904,2670,2962.343871108536,2460.0
9905,486,-1157.9710033910833,561.6099999999999
9906,933,1209.689953464479,901.85
9907,1830,2425.966520810737,1829.48
9908,1286,972.8554754143529,1244.01
9909,2318,1766.3788405815917,2414.17
9910,1062,1423.1526005879577,975.65
9911,13348,11024.90387307107,13630.64
9912,2117,2978.8473572618245,2025.51
9913,2553,2821.6582174336404,2534.64
9914,6833,6964.342154204903,5727.34
9915,2966,3217.458446593964,3030.08
9916,4513,4857.658804056419,4582.16
9917,1586,1639.7735166266766,1598.28
9918,4501,4734.906803861679,4571.16
9919,3509,4393.421720750793,3470.68
9920,1922,2121.649643732241,1849.99
9921,807,696.7883660996104,866.55
9922,683,-129.85530180860724,723.46
9923,2823,3623.179729249833,2912.24
9924,4478,4904.549016849916,4849.74
9925,10512,8281.140475983555,10654.9
9926,1748,2289.4832587712494,1698.5
9927,1080,646.1010708398044,991.95
9928,2202,2977.32779126876,2302.53
9929,975,1264.9723130373695,953.49
9930,4950,5632.619042658871,5312.966666666666
9931,776,418.18157187425004,780.93
9932,5463,7075.983914772252,5957.05
9933,9704,9612.359486861322,9519.72
9934,7405,7747.1701262424285,8070.11
9935,605,332.1595656466352,639.06
9936,421,-1256.8478000718478,499.17
9937,658,525.2132574243224,696.83
9938,1818,1674.3908018398902,1027.4459999999997
9939,1166,1862.5991943425238,1100.4
9940,924,1288.7273674653352,941.81
9941,876,-283.74954143513605,831.69
9942,13554,14172.599478730206,12453.99
9943,3781,4638.546581941102,3801.93
9944,17219,12940.822881602422,15518.68
9945,1023,247.05710147041145,1112.99
9946,1114,1443.7625655007364,894.37
9947,5908,5408.407033345263,5349.12
9948,576,-774.8711644519444,545.06
9949,1945,2250.4702373659593,2405.14
9950,765,319.8497773851568,745.58
9951,1618,2372.7770389362604,1713.57
9952,526,-158.10286122060734,544.61
9953,1440,1419.1763656300318,1098.29
9954,4997,6262.08569200048,5510.73
9955,15210,12049.480651410595,14198.77
9956,5889,6699.549361719367,5768.98
9957,956,1323.8348591670665,969.26
9958,12814,12234.156654779947,12933.64
9959,4717,5260.3311659606525,4719.97
9960,1015,1808.2565401935994,1101.84
9961,684,892.877799759523,766.4
9962,1580,1875.249374979412,1638.37
9963,4705,5751.411919832686,5134.2
9964,6653,7247.557683070078,6350.72
9965,3665,3029.9143312618644,5690.31
9966,16003,14478.0061423698,15948.59
9967,2553,3639.946489613043,2964.2
9968,14026,10612.312865116568,13232.62
9969,992,578.4449197367367,948.6
9970,11666,10154.64941720602,11320.42
9971,666,704.7794860006561,751.75
9972,4229,4931.650014162569,4304.97
9973,1153,1665.505312034813,1111.19
9974,880,648.7671364996536,820.95
9975,14126,14454.442267925648,14223.67
9976,1885,2420.7243543281065,1909.84
9977,4318,5119.935949357604,4386.77
9978,992,634.2257728213476,958.93
9979,6737,8152.833795621052,6974.68
9980,453,545.3150903030355,481.82
9981,4899,5610.156428003763,5007.4
9982,2893,4150.136567481368,3375.88
9983,2632,2930.6632976119054,2179.85
9984,7177,6368.921168113617,6367.86
9985,2719,3446.4585918424714,2917.76
9986,11823,11889.260335681574,12775.89
9987,605,631.9442843554098,622.0633333333333
9988,666,-349.4119866861729,678.69
9989,13439,10579.644878159852,13271.78
9990,2624,2549.5501700794975,2460.25
9991,12401,14661.224732030596,14508.48
9992,4890,4636.582168820347,4456.4
9993,13182,13227.372665728542,14245.87
9994,3772,3942.606775657392,3850.14
9995,3365,4227.621479174302,3367.1
9996,9295,9085.521231480043,8714.68
9997,722,460.97797359006836,742.43
9998,16363,15546.11964988466,16338.075
9999,6261,7361.854639405434,6168.38
10000,8415,6751.538599776532,7994.96
10001,3528,4148.481590758064,3661.1
10002,574,-1116.3414831642003,569.41
10003,10641,10216.43905404299,10369.75
10004,1359,1599.8680587081653,1428.1364999999998
10005,816,940.6395283024867,797.91
10006,1104,1248.0261456289336,1051.06
10007,459,-935.2467700562238,509.12
10008,15309,12464.728100678947,15969.1
10009,1754,2484.882364016192,1711.27
10010,720,38.44227913966142,671.12
10011,7044,6375.802715556475,6777.07
10012,627,-917.8489207197872,727.99
10013,491,-282.5061490991384,628.92
10014,4312,4441.7305513255305,4193.82
10015,2001,499.0514212270182,2122.54
10016,11227,11008.335449346665,10404.95
10017,3580,3815.1721544229895,3566.98
10018,1343,1178.4801242647736,1361.83
10019,2224,1255.7164176367332,2084.91
10020,743,360.2274583868739,731.12
10021,687,369.72029114136376,722.29
10022,695,246.63891107131894,730.6
10023,3238,3992.229341397887,3518.36
10024,7972,8268.916848435796,7591.79
10025,10763,9993.58177337789,10104.56
10026,1031,977.3781143173146,1072.43
10027,9998,10134.381558326328,10274.17
10028,3154,3905.5043694923193,3198.486
10029,620,532.5555764017445,639.5
10030,772,889.9578332525934,803.05
10031,3287,4009.530604601093,3187.93
10032,10584,10313.095355601312,10562.59
10033,2964,2542.6351814735117,3072.86
10034,936,542.0836641937058,912.71
10035,6278,6441.361785084959,6429.82
10036,5702,5933.373666018005,5866.99
10037,1814,1956.1151000588507,1661.35
10038,2594,3271.0573284793336,2569.3225
10039,1103,1791.7675012231698,1110.73
10040,907,907.4253748313854,825.77
10041,16716,11570.684724198378,15611.16
10042,13945,10756.810836864865,13705.64
10043,5929,6091.09851236907,6318.55
10044,983,1579.2038631751466,897.37
10045,1955,2530.0490546571973,2176.76
10046,4372,5331.724186743138,4760.29
10047,1002,997.5068501942542,910.47
10048,9055,9563.762215837782,9193.98
10049,1443,1827.5802543017298,1557.34
10050,665,535.4809120447508,685.06
10051,1654,1541.1850042543906,1457.8
10052,5713,5534.948478723862,4969.63
10053,4327,4134.380273151698,3783.79
10054,570,879.0051979053824,683.56
10055,1942,1335.2515814081385,1902.69
10056,709,238.90369776321404,583.81
10057,1361,1540.9063781201698,1473.54
10058,8983,8322.634176535656,8113.36
10059,4128,4581.372784888454,4068.23
10060,1106,1918.6017703803623,1109.47
10061,575,873.8678496646066,549.94
10062,2817,3728.095581947901,2807.49
10063,11150,11716.566522562149,10832.49
10064,786,1275.1626350161982,770.26
10065,8212,9134.627097883451,8473.76
10066,1861,2587.013108860779,2049.28
10067,15164,11126.903397396916,11881.3
10068,548,764.4095012497787,592.47
10069,854,1429.9932224715385,895.02
10070,18376,14891.279005345606,15794.135
10071,1415,1233.7880538120553,1287.6633333333334
10072,14017,12224.58830914453,13019.07
10073,694,1080.1658418044985,713.44
10074,1590,1962.9131915676235,1716.86
10075,6369,6837.709623722772,6989.64
10076,928,764.6176117722725,884.6
10077,6121,6663.221402008738,6029.33
10078,3993,4303.575216919382,3885.37
10079,1415,1751.921012644089,1460.58
10080,3195,3552.028690622424,2800.78
10081,5880,5712.211343901426,5480.01
10082,7915,6699.197275889546,7219.65
10083,7291,8301.408634488002,7542.18
10084,1619,1553.6765603632284,1562.31
10085,9319,8504.2502774071,9288.27
10086,5006,5673.71631931779,5064.0
10087,2917,3831.2312655877968,3872.7
10088,6662,6746.858084278126,7407.48
10089,4043,4476.933834149802,3801.49
10090,10738,10231.41492734699,10277.99
10091,3154,3937.479741710856,3291.3640714285716
10092,673,606.296070911796,716.41
10093,2940,4028.4475727296294,2843.436666666667
10094,965,1050.5724493786424,861.5
10095,602,-480.6424490560685,638.67
10096,601,585.5737946290537,606.67
10097,785,903.0939739002506,970.75
10098,9106,10343.20371277499,8936.2
10099,6272,5967.742806567836,5439.66
10100,622,-519.1241478329766,647.82
10101,597,969.7676444579779,649.15
10102,4680,4826.3980879817245,4851.38
10103,2822,2610.683722598287,2519.24
10104,2127,2733.860733740843,2318.73
10105,2317,1435.6557587214338,2139.43
10106,3734,4203.568244146358,3651.59
10107,4488,5261.596393468972,4467.66
10108,741,872.8061805664947,858.69
10109,4871,4024.708050128691,4112.52
10110,929,-2066.733672941671,1634.76
10111,12317,10926.24028210625,12399.06
10112,607,837.5232594153294,718.77
10113,421,-665.8540055821486,460.25
10114,939,1505.76003115585,947.17
10115,6435,6238.397891569139,6366.035
10116,666,656.2184433963248,723.04
10117,6485,6733.662611614853,6774.92
10118,851,531.1813556961197,781.46
10119,1327,1484.9044292203353,1501.48
10120,4333,5628.263703784927,5026.77
10121,3774,4221.284305845063,3529.17
10122,1712,348.3152687956226,2713.09
10123,6689,6916.315747899374,6841.34
10124,1882,2254.182430088019,1835.35
10125,2302,3031.5949472803864,2597.95
10126,1659,1681.8252063830373,1620.43
10127,1549,1931.3747341004482,1560.16
10128,1452,1647.4168188915605,1326.52
10129,4068,4794.320071761111,4132.47
10130,14860,11636.810869951347,12333.27
10131,1666,1030.5430601017833,1975.04
10132,698,333.0626420401568,692.46
10133,14842,11316.334564135184,12703.91
10134,3596,4489.865153053673,3484.01
10135,2898,3744.5251807147342,2863.19
10136,533,773.3985250239161,539.45
10137,518,-276.0561263552063,530.87
10138,684,531.3932190985852,718.64
10139,9716,9498.870919908306,8482.66
10140,1689,2050.324026023748,1653.29
10141,473,-694.7655145435438,560.36
10142,13060,7569.558806208665,11172.63
10143,5259,6761.869870056787,6077.18
10144,2078,2956.6426883960926,2066.48
10145,1437,1889.7717374191698,1654.77
10146,2659,2677.878992318159,2860.82
10147,1758,-940.4400835891356,2659.7
10148,2479,3195.6802911023865,2471.91
10149,1356,2003.1660771917368,1302.86
10150,4903,5828.259815710962,5190.16
10151,5600,5714.203382537638,5710.4
10152,408,146.01456181775484,467.29
10153,7509,7035.5890215914005,7303.08
10154,2429,2699.5062612004444,2435.25
10155,5513,5451.515770423072,5165.9
10156,872,882.3578339966225,759.7925
10157,3144,3988.7321538516044,3224.94
10158,1094,1496.4714692695547,977.19
10159,1799,1413.162511731582,2012.37
10160,14214,11170.35822185667,14198.64
10161,3479,4108.0081966096495,2982.88
10162,2809,3041.0338681882827,2592.63
10163,1841,905.2716972882831,1864.45
10164,1352,1324.1513712152064,1333.33
10165,669,1284.9159210664957,777.95
10166,1916,2895.7918013959184,2012.18
10167,1033,1050.64289374711,924.79
10168,867,1150.4227958498432,951.11
10169,730,688.717664362589,838.51
10170,1692,2401.706551429308,1704.02
10171,758,1039.5055960380214,768.93
10172,3160,4261.601065806581,3668.72
10173,5292,5603.311847754552,5283.3
10174,648,-40.07967392431601,583.71
10175,10149,10100.852518805179,9553.44
10176,8545,6757.255288759566,8091.06
10177,2894,2750.1493844323713,2730.28
10178,765,-778.6897066745823,730.08
10179,2717,1355.9642101736022,3057.45
10180,7150,7987.569394407974,6833.12
10181,3468,3328.5027669169817,2509.9
10182,1132,857.840144712472,1287.97
10183,3217,3767.0161870844513,3032.84
10184,16131,13355.844386982537,15922.35
10185,522,762.1252412401386,561.35
10186,886,1485.023587275919,876.84
10187,805,1178.563104062553,859.28
10188,14375,11031.43011554758,12829.64
10189,914,1539.4222941842445,1029.81
10190,2016,1952.12177797684,2130.17
10191,11111,9128.199466201966,11448.37
10192,14833,11743.134984637612,14879.11
10193,11746,10653.34055358478,11448.06
10194,394,-1188.1510830681218,504.23
10195,3273,4248.618924593274,2978.66
10196,4480,5451.577237019722,4757.53
10197,2685,2994.678305570472,2615.37
10198,717,-11.688100231138378,862.395
10199,961,1283.7189956563498,1014.06
10200,5352,6193.929011121052,5175.13
10201,3438,3842.096736912496,3531.87
10202,838,1534.0921582093347,898.97
10203,1042,386.45778737815,1198.01
10204,1291,1946.3002696155045,1223.72
10205,8930,8992.500134518563,7822.47
10206,5069,5422.610441567382,4931.35
10207,2083,1819.806122077724,2249.19
10208,2539,2547.9463496027665,2453.85
10209,1760,2484.0678489961683,1804.71
10210,7049,6397.366241701896,6356.21
10211,4547,4864.36211429447,4835.02
10212,492,-597.2093253361454,543.52
10213,8959,8239.898727567308,8311.26
10214,399,601.7915144215822,437.69
10215,526,-169.7963190794435,540.79
10216,1406,1747.9165648895732,1278.6
10217,419,115.45620348828925,491.3
10218,2990,3000.4838024411974,2493.26
10219,552,703.3204138719652,536.68
10220,2297,2673.613599133767,2310.699333333333
10221,758,1060.3356695010862,798.39
10222,12812,13079.746385925058,11244.22
10223,4182,5000.44719263823,4219.86
10224,18377,13429.263569317378,16014.32
10225,4372,4373.506713530934,4431.15
10226,8644,9402.28423771237,8935.78
10227,1088,290.4579002032069,1104.51
10228,597,816.216451582578,553.8
10229,11218,9149.002343516971,11112.71
10230,17605,12996.28756139981,16438.52
10231,591,599.6071057104373,669.02
10232,2757,2737.613098597009,2635.38
10233,1061,1016.2041540340651,1015.5
10234,3984,5374.449678071976,5257.06
10235,1108,1321.4310209920495,1155.86
10236,3083,3793.6785882517556,3786.22
10237,4221,4460.949584821219,4226.673333333333
10238,487,-630.4078400703092,614.38
10239,915,1659.5861971601435,1119.86
10240,7850,8536.408830780962,7369.983333333334
10241,4475,3934.391284239014,4046.17
10242,1061,929.215756608688,1037.79
10243,575,109.59651038392258,679.96
10244,764,1014.2962518665081,794.27
10245,625,585.3127442848654,615.0598333333335
10246,848,989.0014446760833,769.6983333333334
10247,12075,11800.892607777223,13127.68
10248,5607,7159.986356965355,6088.78
10249,17460,16986.87337647398,15774.09
10250,1395,1933.97471722939,1124.91
10251,5723,6800.0814099954405,5744.52
10252,1833,2387.1032909588853,1606.85
10253,2572,2899.8926625678178,2475.8
10254,489,-476.82898005051356,539.28
10255,3669,4124.381602647427,3631.1
10256,9348,8065.52141454964,8889.37
10257,13542,13476.954160852756,12360.44
10258,1789,-1651.335990985397,2759.72
10259,11202,12546.806829692463,13331.1
10260,1882,2471.2657894527274,1916.88
10261,1698,2224.6124315376665,1692.37
10262,3431,3812.3685198522207,3272.92
10263,899,1310.463205942976,894.8
10264,755,346.2665931931597,745.65
10265,9521,11667.244877868976,13549.96
10266,667,51.85636808109393,712.45
10267,5855,6498.3543024867895,6074.14
10268,11086,11548.063653491336,11632.11
10269,9568,8279.858315677051,9035.88
10270,3068,3659.7790692078065,2966.03
10271,919,77.90582432188694,826.33
10272,1894,1877.9300115960837,2018.71
10273,638,-515.4857031387246,650.15
10274,8056,8551.071952796654,7963.05
10275,625,-1074.2817841716824,634.12
10276,4744,4441.365441177229,4788.27
10277,854,1410.6633488924926,906.5
10278,6748,7486.479343487913,6833.7
10279,14494,7931.562900215228,13784.27
10280,1321,1408.1425488116374,1409.27
10281,4811,5511.6293140275975,4929.852166666667
10282,2043,1903.524634438053,2079.83
10283,812,-312.78990989987324,786.29
10284,573,540.7450809219781,611.54
10285,2818,3432.6366556159287,2682.32
10286,6175,7707.00077512736,6692.55
10287,1633,1399.847749763238,1958.86
10288,18119,17167.596160563306,16720.97
10289,2301,1719.5268061418556,1708.23
10290,2333,2883.4967362408347,2582.3519047619043
10291,3002,3118.205356706565,2846.6
10292,1141,462.3125715422052,1181.16
10293,3837,4441.341917630115,3360.79
10294,10910,11523.945163812348,10973.1
10295,13287,11062.859259550198,14013.6
10296,544,-61.10378285050638,586.56
10297,8936,10841.984181850054,11101.72
10298,1363,1028.0184653879787,1276.6683333333333
10299,912,1621.124873162441,996.41
10300,404,-1098.7319749685848,486.85
10301,3330,3063.675223420789,2799.11
10302,11638,11467.620101552853,11571.44
10303,872,644.5881890367755,865.7
10304,757,584.5747482719489,674.88
10305,16507,12074.896157960971,15499.78
10306,2137,2831.466251368726,2264.68
10307,8205,9303.817449882205,8563.66
10308,11873,10274.251383370516,11105.55
10309,765,290.15110798112573,713.61
10310,544,325.6017745680747,646.01
10311,1235,1292.3425483250144,1186.4441666666667
10312,3968,3981.270724429196,4018.2
10313,2435,3182.6913256633807,2456.4
10314,855,1027.6702698497456,784.76
10315,4155,4481.281710930816,4115.3
10316,945,1690.6572341539859,1103.36
10317,7389,6465.703558242276,6363.05
10318,936,1110.2874912075508,802.63
10319,695,655.8466212146914,766.45
10320,18149,16714.380868971886,16468.6
10321,1636,1583.7594340970923,1940.44
10322,3881,5444.346009223504,4163.15
10323,4620,4909.068325192905,4626.58
10324,12717,13999.024861734431,12726.79
10325,558,-885.2081956366455,544.95
10326,345,-1725.0457209970846,454.28
10327,1333,1227.510932622431,1319.35
10328,880,1569.000725361052,957.45
10329,14372,10760.456721113202,14008.34
10330,4631,6351.001089235237,5440.02
10331,1608,2216.632581122476,1628.81
10332,2083,2512.0983223389435,2425.4683333333332
10333,13372,10989.446306981146,12994.25
10334,4544,5197.262643459306,4701.96
10335,4284,4024.292707547849,4058.81
10336,1013,1231.2968410957078,905.8
10337,1163,586.1510077972616,886.07
10338,663,309.6251180372419,635.6
10339,2608,3356.381189949793,2875.9825
10340,789,805.1570925278884,917.54
10341,1883,1855.7541391142586,1991.28
10342,630,-654.5043452467053,616.21
10343,8548,9617.224324203944,8842.64
10344,2697,3598.849157578723,2699.14
10345,4770,5150.63831148924,4331.79
10346,4864,5498.250910483375,5192.44
10347,2147,1591.0661637293383,2377.64
10348,7730,8093.966262162913,7849.18
10349,1437,1492.4401229863083,1503.0
10350,18718,13252.088709794818,15533.92
10351,5268,7250.99728530407,6574.57
10352,6073,6175.374276707683,6512.0
10353,435,-729.0915305056469,484.54
10354,961,1263.89060319909,994.29
10355,673,384.4142681329363,740.77
10356,1333,1042.278381548655,1778.74
10357,1052,1563.6885515815084,1009.18
10358,1669,1687.6897600205166,1440.089
10359,5140,5778.4691555888,5064.56
10360,863,1380.0132063099873,887.07
10361,11455,11804.623277188013,12068.956666666667
10362,14674,11113.70493925181,13786.16
10363,8020,7593.0967853351,8811.1
10364,6250,6023.351867840467,6213.5019999999995
10365,1048,18.696971474333623,1088.49
10366,3056,4031.0540846242784,3127.0
10367,3028,4180.750115032159,3290.43
10368,706,1001.0569393350261,825.06
10369,2428,2581.183610283476,2331.69
10370,5240,5560.982425439905,6226.86
10371,863,1274.4243896364078,905.94
10372,14842,10142.781679300264,12771.28
10373,13811,11103.430413336711,13353.1
10374,900,532.5829938286633,808.4
10375,12155,11446.889052089451,11955.0
10376,1915,2689.9020786433443,1858.74
10377,1087,922.5027527447178,1030.88
10378,526,-235.25979193345665,526.22
10379,1276,1495.552936140351,1409.58
10380,11039,10470.540620077076,10919.02
10381,3888,4427.786434015778,4297.92
10382,3780,5273.779090974902,4418.32
10383,561,277.5590293110836,586.18
10384,982,1400.0510409323479,990.14
10385,802,448.48171476874313,737.65
10386,440,-493.88117363629135,549.57
10387,9730,10214.610552996466,9787.15
10388,14745,10827.17821741716,14278.67
10389,544,380.4925136156162,603.96
10390,1758,2080.2463714162773,1725.23
10391,740,1070.9359126074264,771.82
10392,10960,10014.980172417258,10005.43
10393,1245,1840.800814934641,1498.32
10394,586,-579.3425673679085,580.57
10395,2365,2535.4850449568717,2433.04
10396,1367,1821.1552335483516,1443.8033333333335
10397,4550,4604.36384553461,4889.46
10398,1284,1508.5077072003983,1550.6
10399,13642,14056.252456584394,13796.41
10400,4703,4735.851168353816,4386.23
10401,5733,5939.752438860137,5410.11
10402,6265,6263.687290811744,6479.56
10403,1268,1002.822825412487,1222.56
10404,1214,526.5467023595893,1455.27
10405,1314,1483.7342232388264,1434.98
10406,1052,1506.7717926204386,1060.01
10407,574,-1129.403336072657,593.55
10408,8622,9369.445700441818,8954.15
10409,2451,3106.997705692047,2529.75
10410,2401,1620.3330542557965,2482.69
10411,840,-2460.886686835185,1360.29
10412,878,804.3578120681636,787.84
10413,707,639.9776188718497,736.05
10414,4661,5202.914212457874,4637.19
10415,14236,11604.829263329564,12259.38
10416,1282,1201.0892409670691,1385.5
10417,9358,9292.110718823536,9358.6
10418,7188,9432.107640194905,6244.1
10419,715,341.13087290510066,625.74
10420,2079,1972.7231060860615,2224.76
10421,5284,5537.741231182097,4443.08
10422,4232,4660.1271017850395,4151.3
10423,4119,4456.221991714655,3940.95
10424,9581,9948.272813503965,9245.11
10425,1790,2185.832746951431,2317.1925
10426,4118,3869.4244693627143,3828.08
10427,561,432.37472809780684,587.56
10428,2583,3436.176824528374,2934.38
10429,4037,4796.728390388143,4149.82
10430,1082,1779.4695435750714,937.86
10431,7484,8708.898183783629,8099.98
10432,3478,3911.262651128939,3373.53
10433,1080,1029.471941732757,1006.83
10434,1223,1595.6618533598726,1434.4589999999998
10435,1957,2397.545886496825,1812.88
10436,1991,2692.7985481578653,1940.86
10437,552,661.9617870237275,507.77
10438,9677,10238.49404295598,9544.99
10439,4987,5246.179549963966,4767.0
10440,2294,2083.821624197629,2573.13
10441,9900,10074.866415427903,9797.62
10442,1105,1393.969007116436,883.04
10443,5749,5665.800794768697,5315.51
10444,12681,12894.063883427514,13014.75
10445,537,-51.58304221964863,574.58
10446,2016,2711.6065506579075,1884.74
10447,6539,6613.928704876211,5937.215
10448,13010,10651.912416506646,13354.34
10449,2672,2484.3263742927334,2622.31
10450,650,743.0019496256505,704.49
10451,4158,4313.751279824637,4434.34
10452,9212,7001.563671755669,9150.85
10453,449,-979.595489395193,478.55
10454,1192,1933.7188459458334,1172.57
10455,8662,8989.048251124612,8350.55
10456,4948,6031.835428059234,5272.420166666666
10457,432,-1199.1400695505681,482.97
10458,2977,4276.393746496729,3221.14
10459,2181,2719.43662505215,2410.06
10460,5475,5113.150203223027,4534.97
10461,6132,5696.041520582616,5542.81
10462,10681,11377.560111040093,10390.29
10463,552,-103.3765069516121,645.02
10464,1229,715.5626995966304,1276.26
10465,6564,6273.773834207137,6087.084
10466,12822,12621.203816656342,13106.5
10467,3827,4484.933957450539,4037.97
10468,16689,16115.216887155219,15861.86
10469,1683,2194.9013230570717,1709.89
10470,500,-38.731661626672576,476.8
10471,499,862.1705834084214,509.65
10472,2052,2363.0159929692745,2257.2
10473,984,792.013160588861,901.09
10474,4435,5530.479882311612,4667.04
10475,720,308.71151223458764,676.12
10476,1963,2740.4420371207384,1901.13
10477,1315,954.2128671515075,1291.23
10478,687,1167.5165100855947,821.2
10479,11820,13744.393446437045,13840.2
10480,2766,3394.058599606312,2614.87
10481,9286,6933.958262731485,8595.75
10482,5580,5971.41515304292,5262.65
10483,473,-1739.8353920820218,489.64
10484,5197,5536.56746351523,5023.99
10485,11627,11154.51698633838,11675.09
10486,707,663.1826438160615,685.04
10487,6653,7469.122981962192,6648.3
10488,11455,10625.075934162785,10477.37
10489,765,-971.7938406687344,753.66
10490,3259,4286.124219109299,4047.83
10491,2116,2849.3154823326145,2261.99
10492,8275,7674.865071580006,7840.74
10493,11413,14111.337812325843,14564.6
10494,445,-159.4570127974166,474.4
10495,2150,2395.6381418367887,2404.12
10496,2635,2706.3240659064386,2907.41
10497,6129,6603.007455270558,6294.21
10498,6261,6290.170021890801,5995.3
10499,992,651.4875814919387,882.35
10500,8414,7918.038258462746,7952.87
10501,14247,10936.259839441816,14420.64
10502,4008,4540.482046447194,4733.6
10503,1377,2244.2878535405025,1243.31
10504,4939,5593.022887251275,5362.46
10505,1438,1581.9398840318572,1463.11
10506,3423,3201.162195749991,3707.85
10507,7453,7165.68531914921,7746.2
10508,1356,2177.2050753677136,1214.82
10509,18741,15079.02205448863,15442.89
10510,3360,4241.0070632309835,4132.02
10511,732,180.4132106020552,684.61
10512,828,612.0197471912097,772.08
10513,784,-12.148432142289494,924.99
10514,7827,7317.889578849852,6466.57
10515,1698,2221.658681323611,1695.42
10516,8429,8760.075184735215,8504.66
10517,10669,10756.647376557248,10067.88
10518,970,764.7716435126158,926.98
10519,4974,4845.437774457991,4403.88
10520,8419,8615.174747854962,7376.03
10521,2390,1878.231160342605,2906.69
10522,10878,8130.833762906638,10602.58
10523,3307,4147.783031595212,3406.03
10524,3615,4221.189057078378,3629.83
10525,4564,5372.334241693561,5088.51
10526,612,1167.0290530597404,703.73
10527,957,775.9080808905119,797.21
10528,10083,8662.767398934095,8211.79
10529,650,-669.548227352595,596.16
10530,6532,6617.448831035858,6398.36
10531,5152,5223.125371581803,4719.46
10532,619,971.1846528528672,718.43
10533,12389,10368.986233686013,11048.88
10534,15540,14360.116907399852,14607.2
10535,878,769.5732162752388,849.26
10536,6019,6053.3749646657825,6083.18
10537,1009,673.9084364743358,940.59
10538,11510,11980.950650258153,12036.22
10539,1343,1492.3017669543228,1535.72
10540,419,309.7409663986282,407.93
10541,11475,12224.739640323174,11703.986666666668
10542,9471,9260.253991698923,8325.53
10543,698,2.4514158807705826,676.44
10544,650,1257.9627402950769,668.76
10545,4140,4982.195468925408,4479.44
10546,10891,8586.307286306275,10255.88
10547,2114,3425.3841561143136,2563.29
10548,5543,5976.198399287136,5688.72
10549,976,1057.6200063520155,802.77
10550,344,-3008.7911799210797,449.3
10551,11574,10300.580897853266,10968.83
10552,678,828.7882960980337,612.59
10553,4472,4831.541148190496,3938.39
10554,14502,17081.012059101544,15938.81
10555,635,935.0693378990354,736.46
10556,743,52.205236288132255,701.61
10557,1869,1135.7304331694518,1998.07
10558,495,350.885155003848,607.425
10559,765,578.9052337692256,758.67
10560,961,1278.9952821955858,831.22
10561,628,632.87987985468,691.93
10562,742,1271.3088992460239,851.55
10563,1028,1208.4387207749742,1005.62
10564,1773,2260.705180215589,1906.69
10565,537,14.7970003820501,629.92
10566,1730,834.4647524097027,1252.33
10567,2056,2374.6200431511043,2307.12
10568,11161,10854.743762790342,12337.92
10569,874,525.7719594328314,828.71
10570,16934,17196.445439218776,15991.06
10571,3056,3609.34102519062,2993.81
10572,2147,1472.355180742652,2021.68
10573,2675,3106.752355669637,2566.28
10574,2001,2737.616595340064,2053.29
10575,4200,4282.733457240642,4371.75
10576,867,1649.0314900102499,845.88
10577,2642,3567.0778442484484,2975.67
10578,855,-1065.8537534268526,1049.3
10579,2366,1353.202172769788,693.53
10580,743,112.31369616100801,677.45
10581,13095,15823.674351424203,14075.31
10582,1948,2180.1246546217667,2242.77
10583,6262,6584.62515251199,5573.79
10584,4840,4609.156450477139,4411.56
10585,8976,6830.644210668348,8261.94
10586,542,512.5885675222612,639.97
10587,2573,2912.773033917941,2654.71
10588,7176,7937.1135832124055,7683.86
10589,5759,6768.354458174945,5949.7
10590,591,-893.2628360065983,606.44
10591,18149,14398.952340154845,17307.51
10592,3084,2170.799478826331,2385.88
10593,709,-55.61688088402843,586.61
10594,1875,2419.8457628340043,1899.81
10595,11971,10559.248308310325,11954.41
10596,3816,3174.611301250421,3355.59
10597,13596,10780.477926178126,11621.13
10598,2573,3291.0652139512003,2778.36
10599,5013,4983.53905975663,4929.97
10600,698,130.1485693441473,685.34
10601,2184,1916.8798868853069,1909.23
10602,947,1285.2142842222393,1016.42
10603,2450,2982.784981635596,2373.7
10604,4185,4291.9665174387255,3890.64
10605,1867,2336.459531437898,2048.9
10606,4252,4587.811126249074,4077.11
10607,2320,2766.474810051922,2125.51
10608,3091,3842.3340710732573,3245.8
10609,4017,4582.571323012663,4301.6
10610,814,1335.2556462933326,976.0
10611,1084,1479.5469592005911,1029.33
10612,7550,9059.465528376426,8025.56
10613,945,837.628774715502,956.97
10614,2964,3275.600773369231,2604.98
10615,675,-217.82796693559703,610.73
10616,2064,2873.3062563495555,2148.64
10617,961,1345.6560893166607,957.22
10618,5386,5867.2284648999985,5149.59
10619,9139,11344.841553192495,10799.65
10620,3164,3161.350406140641,3223.84
10621,8842,8535.449131286576,8907.41
10622,5466,6342.854276779701,5565.87
10623,1580,1947.5753193445876,1719.23
10624,1433,1355.3297778911406,1526.09
10625,3845,3751.092789661686,3584.89
10626,2264,2057.5126200337363,2141.51
10627,17220,14354.517313341994,16520.08
10628,1358,2087.169549983674,1320.05
10629,3512,4270.264562007321,4086.545
10630,1232,1913.8286897408839,1014.43
10631,4538,4393.763237384701,4437.37
10632,1101,-300.02985607804385,1137.76
10633,2079,1987.7733429426075,2072.28
10634,2122,2137.0700507363053,2399.94
10635,1197,1076.3435948123806,1238.16
10636,790,1591.8305023784055,822.56
10637,666,762.2534965370005,705.81
10638,1653,1755.6864885566802,1603.67
10639,6849,6505.419279372251,6054.28
10640,3477,4525.859001526152,3386.36
10641,6069,6889.480435837931,6662.06
10642,11228,10975.495182788658,11044.88
10643,7738,8885.298766939159,8596.73
10644,394,-521.4279300732142,416.6
10645,2065,2845.1173998530253,2047.15
10646,15568,12362.666497164193,13810.6
10647,6132,6276.721099096906,6065.5
10648,827,441.5283573841889,750.825
10649,530,752.5092256868465,500.95
10650,3546,3986.1717678776095,3716.01
10651,3050,3021.5643913571153,2835.35
10652,3665,3400.868974039912,3749.72
10653,740,822.5519031411604,666.9
10654,3629,4376.0083706257465,3169.45
10655,4788,4800.594322875789,4534.08
10656,12674,12122.375461821794,12088.11
10657,11078,9740.071175571706,8985.35
10658,800,912.0253532101806,823.48
10659,1966,1876.8904145136075,2018.13
10660,779,1686.004236811999,894.61
10661,3018,3699.336737459692,3041.66
10662,666,703.6413037187085,648.9
10663,11646,13392.563106368629,13547.72
10664,8954,9094.197287653093,8413.71
10665,9132,9502.261153015732,9356.39
10666,1668,2349.0279351805757,1965.38
10667,912,290.26276443253573,772.01
10668,1003,1282.592391129403,842.81
10669,1176,256.3845577363836,1284.93
10670,11161,10511.938671163462,10924.2
10671,5107,6265.604275079312,5205.82
10672,2737,3256.9515215683023,2608.44
10673,11175,8758.923805699606,9665.11
10674,1432,2036.877228432239,1182.28
10675,2025,2705.2577217706953,2082.91
10676,1140,644.401398234852,1181.2
10677,4209,4698.9770530816595,4270.25
10678,7794,6912.410416305918,6637.09
10679,962,1814.2617445298815,989.18
10680,1323,1701.586249628319,1403.88
10681,8449,8498.295427998288,9293.26
10682,2385,2958.4090836780933,2498.31
10683,10767,10390.914920314044,11500.28
10684,5989,6795.483154143683,6294.1
10685,3424,5020.388650597943,4398.67
10686,1899,1452.36796332909,1966.45
10687,6988,8741.390798559813,6838.63
10688,689,70.64359546525611,628.81
10689,924,656.11312339079,874.9
10690,5701,5998.376172243316,5817.62
10691,478,989.1287167735486,522.34
10692,2861,3415.3560226116383,2683.29
10693,6793,7578.93433834907,6037.91
10694,900,223.71297727185492,874.43
10695,10424,18172.67089296531,13473.11
10696,554,-824.1120245244692,567.76
10697,4312,5362.5323572821735,4906.86
10698,4899,5405.99786930058,4869.55
10699,844,493.62601484459174,835.74
10700,1331,1328.70298118472,1322.68
10701,1272,1828.6152383457866,1457.51
10702,8225,7355.0236813821075,10304.0
10703,6418,7350.240392501133,6573.59
10704,612,-164.0664979749008,565.33
10705,6793,5722.891271689225,10367.31
10706,1035,668.3432925113302,991.84
10707,3057,4069.6550720100176,3646.09
10708,954,1741.9905007317798,955.82
10709,645,459.0239656041181,640.54
10710,1148,1818.624694469906,1052.83
10711,2947,3521.4727209357065,2881.11
10712,3494,4261.630858471466,3382.65
10713,561,276.5189053007507,625.94
10714,10562,6393.085252233332,7378.64
10715,531,-24.99560860668771,561.7
10716,391,-1634.6452450057213,464.27
10717,864,1360.7154836121686,855.09
10718,755,174.15136402605913,865.435
10719,1673,1739.4168795238188,1882.68
10720,565,110.86997167525942,532.28
10721,13908,12779.958230095259,13651.636666666667
10722,2517,2653.379370389062,2164.45
10723,3716,4800.352007898109,3835.31
10724,1838,1707.3992047311626,2293.07
10725,2856,4175.292434922809,4137.02
10726,3634,4248.478084727697,4318.71
10727,13334,10412.615206167236,11939.54
10728,16314,20272.581385140045,15744.74
10729,7919,6709.868661353527,7406.83
10730,14949,12534.440481155047,12041.99
10731,773,1278.872673590542,901.3
10732,6639,6394.604603816358,5395.22
10733,4269,4573.049179623506,4028.0
10734,2858,3493.8168332477735,2710.15
10735,8124,7745.777061737213,7928.46
10736,1942,2679.170334632203,1755.22
10737,5588,6650.664728066627,5547.46
10738,1020,-133.4750258082904,1187.2
10739,828,494.5450204883223,764.72
10740,1273,1606.095759403961,1285.82
10741,2328,3327.892896133956,2532.66
10742,706,724.0615158138144,746.79
10743,1438,1664.8272419195232,1508.04
10744,911,804.3709993682724,780.62
10745,561,264.32208426637317,581.48
10746,3620,4890.272917061474,4314.04
10747,4362,4613.666583720954,4310.45
10748,866,685.1652654214122,887.19
10749,7019,6443.193134124642,6747.28
10750,911,740.6267270514563,813.9
10751,2858,3550.5073538715296,2945.66
10752,5090,5133.657884091804,4922.02
10753,1941,2673.927489962861,2016.95
10754,9939,10585.643192273179,9475.26
10755,1105,-610.1735505976458,1118.34
10756,2143,2364.9903275787415,2450.02
10757,13543,14011.058935834493,13931.427333333331
10758,2092,2848.233728298607,2193.47
10759,1091,892.2978059826473,1002.79
10760,1692,2329.9232559660973,1712.58
10761,8991,7720.750421450063,9048.15
10762,3080,1879.825778657936,4612.08
10763,16080,15998.223753301221,17316.12
10764,6788,6878.190352740814,6277.71
10765,2631,3353.877855919429,2742.3
10766,7006,13368.523598964943,12425.04
10767,1700,2623.095007656977,1889.85
10768,2355,2698.6699815711104,2423.8
10769,1272,1842.712732605204,955.74
10770,6295,6117.870137180588,6375.75869047619
10771,2028,1343.647099834498,2123.133333333333
10772,607,827.7395570722656,717.77
10773,607,988.6413338034308,725.0980000000001
10774,4161,4544.983988482132,4380.0
10775,5779,6432.755708735182,5238.18
10776,814,1223.09804895671,794.13
10777,13950,11282.186828436046,13136.84
10778,10760,6958.138922695607,9465.18
10779,743,439.5337641474389,751.91
10780,6087,6033.913020262946,5790.598000000001
10781,650,-672.4775713004892,600.53
10782,1240,979.4298991883861,1292.63
10783,1046,32.61933151422227,1106.27
10784,683,-200.093617419745,846.79
10785,890,1516.859665145481,984.78
10786,9394,9358.03839391575,10064.14
10787,1035,786.6944924424442,921.6439999999999
10788,9627,9633.56931414719,8894.98
10789,16224,15203.122933096607,17081.38
10790,3640,3486.1496980601305,3747.49
10791,1667,2387.684669347729,1795.41
10792,507,-69.08171509255226,551.33
10793,9600,10034.211677727288,9676.17
10794,11455,8699.333880881979,11570.11
10795,6108,8109.847940527311,6177.35
10796,7592,6765.534621756184,7403.9
10797,5252,4909.260263780405,4382.45
10798,5890,5969.663678999655,5618.55
10799,5364,5793.625719987662,5695.11
10800,4959,5441.678141204484,5119.92
10801,807,351.98066459568145,969.39
10802,1390,2029.4122143312047,1416.78
10803,1443,1487.949607283182,1441.16
10804,5897,5506.058737342379,5373.93
10805,17108,11518.041681452858,14882.16
10806,1654,1839.17449994448,1628.15
10807,956,1352.4212387704865,921.3
10808,5372,5779.782977347912,5434.24
10809,12409,11533.82018719245,11473.09
10810,1235,1311.1855770887805,1234.4483333333333
10811,1167,2000.2815702207322,1139.3
10812,917,1439.992061493679,949.28
10813,4395,4580.857255499788,4340.29
10814,10704,7030.578076472145,10280.86
10815,1314,935.1204753328902,1256.84
10816,3537,3584.507346481346,3712.45
10817,710,642.2452334449945,725.84
10818,1186,1949.5867093803708,1184.85
10819,666,-194.01652374342848,684.66
10820,10080,10557.201774335317,11339.78
10821,3360,3117.3316575587223,2707.57
10822,897,1140.615879123783,805.74
10823,1633,2177.5987788585808,1703.14
10824,863,1294.0993388073202,929.7
10825,7260,7630.629992500915,7041.07
10826,10173,8599.612898528376,9658.02
10827,524,-38.6912777700436,547.3
10828,6405,6911.201293833356,6294.49
10829,5878,8012.029207220116,6962.553333333332
10830,4654,5254.060252193809,4808.12
10831,972,888.4448408182552,880.11
10832,15930,15369.125059939763,15849.76
10833,7564,7749.135471308941,8451.94
10834,1092,362.2000622646119,1191.11
10835,575,972.2784774315087,726.63
10836,4202,5062.220852923757,4705.586666666666
10837,1743,2635.7841895903002,1892.51
10838,4077,4711.049257680554,4059.205
10839,3224,4381.486129344087,3335.79
10840,505,828.3818699433095,578.83
10841,3817,4023.491753289386,3313.1
10842,1013,1138.546577828925,902.71
10843,816,1048.449801845556,881.96
10844,1086,884.9987045366438,1097.12
10845,694,1250.6884108699637,774.83
10846,3496,3586.4071600246452,3973.59
10847,1103,1411.2858953882687,937.29
10848,730,1049.0067122891478,836.03
10849,1354,1695.1537068335356,1475.73
10850,886,1591.2112361480927,892.25
10851,4917,5280.9102749248095,4717.84
10852,776,452.81259695457493,707.69
10853,1558,2420.2832991528203,1793.05
10854,896,1799.6099219662724,899.47
10855,576,364.67151139051293,586.02
10856,4412,5457.581006777318,5356.94
10857,5839,6006.480151518494,5882.59
10858,16718,14431.295212182324,16088.47
10859,1882,2451.047283390285,2004.24
10860,6291,7736.991927096622,6777.94
10861,2530,3229.454577629144,3026.21
10862,2363,2048.7687704319337,2137.25
10863,516,72.81536710874207,599.625
10864,710,816.3047083720803,710.48
10865,12210,16914.12028610753,14154.13
10866,1886,2522.594028680425,1834.13
10867,1395,1438.3942873025494,1533.31
10868,7785,6733.270402111726,6594.12
10869,9557,9824.666790345927,10296.7
10870,11023,9157.036004480298,7848.33
10871,1008,-29.056457099992258,845.84
10872,734,912.0864854015153,723.31
10873,587,242.04331432580784,659.98
10874,802,1272.7828368669752,856.43
10875,6172,6691.736526254237,5808.81
10876,2074,2600.859942934215,2126.11
10877,12035,7184.695722134773,10657.67
10878,4566,4770.172763236156,4269.9075
10879,1598,1974.3375385604313,1711.66
10880,729,-179.8075034306703,854.745
10881,4948,5518.269139207623,5020.43
10882,824,1405.3340522795547,828.47
10883,537,-5.210639897853071,605.14
10884,15594,13324.749370628555,12077.39
10885,6098,6531.561993883139,6058.13
10886,1084,1465.4285618283789,1071.3
10887,3246,3944.13008708865,3323.08
10888,4368,4715.446538388797,4382.46
10889,4455,3992.590884512956,3925.69
10890,8118,10072.94119640489,9194.58
10891,802,599.1660241679247,726.84
10892,14300,9336.066058423048,13566.28
10893,1123,1712.915784393419,1155.88
10894,2623,3116.496554796271,2498.945
10895,1401,881.1321662564733,1231.44
10896,10329,7742.631201147926,10710.52
10897,3200,3841.9083767258494,3607.8
10898,675,144.7304313948307,649.02
10899,18607,15662.754658741045,16671.59
10900,10356,10304.925844237663,11306.17
10901,5387,5054.866976006262,5353.14
10902,6282,6581.089582309854,6052.63
10903,2376,1895.7989872592636,2224.67
10904,7500,8505.080317632392,7149.92
10905,2217,3037.2469145396835,2270.22
10906,1076,1098.1805129016534,1034.19
10907,16195,19112.28973416333,15962.87
10908,698,1135.294767053707,839.72
10909,491,-635.5409628545185,550.19
10910,4946,6686.3580966975105,5567.673333333332
10911,6587,6100.816966416047,6405.96
10912,11132,7986.583543879917,10403.83
10913,1857,2565.2028243170616,1760.19
10914,2493,2161.452750207908,2829.38
10915,802,441.0084838669377,778.92
10916,648,-96.00541689050169,626.99
10917,8347,6975.900579991395,7368.24
10918,6754,8059.155380451506,6783.83
10919,3610,4528.134756090201,4492.74
10920,2800,3889.459834448623,3298.29
10921,2283,2810.5350789738586,2333.86
10922,5269,6583.608799799542,5268.6
10923,1141,46.71855066409353,1190.3183333333334
10924,579,179.4879472829807,612.3
10925,5939,5947.557771261014,5907.18
10926,2999,3398.3598191931037,2984.6
10927,926,-545.556796846422,654.06
10928,4617,4863.118042022918,4996.23
10929,2999,3911.13913443406,2940.58
10930,2926,3785.488897182497,3056.42
10931,527,-1922.770638991362,554.18
10932,699,234.8490220582553,733.6
10933,4174,4482.194081352952,4324.49
10934,3146,3675.672256163434,3634.24
10935,16636,11359.205712084877,15508.28
10936,7733,9558.36734008952,8551.06
10937,597,-810.7397976738812,659.68
10938,9658,12903.55265794185,12758.58
10939,680,585.8676674823355,755.29
10940,1715,-1043.1802729029705,2660.87
10941,4003,4127.532095967343,2963.35
10942,633,-293.8265275076865,760.31
10943,10805,9316.39928247689,11261.17
10944,805,1157.4000851824267,849.13
10945,3290,3282.038422196398,3394.14
10946,15252,11286.940931056948,13887.94
10947,995,1502.0838129609392,901.67
10948,574,-860.0264064566036,540.01
10949,3084,4185.807508204081,3181.89
10950,709,194.6159951792033,671.28
10951,1323,1588.5261297836264,1473.66
10952,15535,10062.713034238677,10638.123333333335
10953,828,1165.4969783545275,854.37
10954,6400,6158.807263048326,6464.8
10955,1546,1502.905354506975,1479.43
10956,4743,5239.449580561882,4860.73
10957,3796,4931.181674848953,4286.97
10958,897,1336.056720917989,871.98
10959,13588,7755.662719572252,11325.36
10960,645,530.7894816100861,662.24
10961,6787,6416.152951483027,6407.03
10962,9377,8402.105256169274,8878.73
10963,884,700.7116453769277,916.93
10964,554,1022.6647527932096,551.93
10965,816,898.2959196682687,861.79
10966,2596,2218.7538559463105,2122.4
10967,5744,6241.43958589627,5660.68
10968,3399,3445.5669281802793,4030.626666666666
10969,6139,7487.122196045149,7749.31
10970,502,-261.43969621118595,551.16
10971,936,697.4321380483825,823.26
10972,760,1408.3671252184863,711.16
10973,473,-1885.2715677715005,453.98
10974,4304,4709.592799553569,4290.45
10975,1584,1084.847266812134,1408.86
10976,2355,2231.8101546998087,2508.8
10977,2829,2697.955288386636,2737.79
10978,2314,2776.9001243279754,2210.57
10979,2822,3292.1361543178828,2662.96
10980,1153,1678.184133587144,1103.87
10981,986,1426.5584855643528,1143.74
10982,1651,-632.9415673949079,3165.09
10983,609,-74.01900618637501,562.99
10984,1192,1972.5874538669327,1153.88
10985,2455,3400.4838340695023,2652.94
10986,2253,2495.9695638502935,2521.19
10987,683,-148.95571212695677,721.76
10988,702,-1409.3897210768682,672.19
10989,6933,6637.603733152799,6772.59
10990,11263,10329.336878660437,11511.31
10991,3002,4127.384620536628,3106.72
10992,12693,14493.75318287435,15603.188142857141
10993,11817,10140.133171189285,11446.87
10994,3397,3857.2653330399417,2702.02
10995,3247,3787.4929311539227,3022.02
10996,4928,5431.876808274208,4493.42
10997,6534,6950.72363961487,7133.98
10998,454,-217.63351103361947,554.86
10999,655,583.7642631739768,693.02
11000,1132,591.5473040077031,1218.51
11001,12179,10447.067214891536,11339.92
11002,17294,16352.313262017122,15747.5
11003,1046,1293.1259427393638,965.09
11004,755,372.4598423754351,821.29
11005,5759,6020.984645922682,5970.43
11006,710,684.5403369351525,732.68
11007,461,-980.6303648303201,473.27
11008,8044,7010.076280405422,7572.75
11009,2216,2128.8851949388127,2218.7329999999997
11010,1945,-1155.8242752951155,3022.41
11011,3977,5171.3823991437985,4154.43
11012,1006,1785.6266817624464,1036.24
11013,719,355.2256136233568,824.8
11014,8870,11923.499213837411,11064.87
11015,3234,3578.0188757184487,2566.53
11016,593,-896.7780666758954,553.3
11017,9234,10505.4478440854,10756.79
11018,4979,5283.040084841696,4541.588
11019,5598,6444.275247514086,5761.0
11020,8592,7830.22186404564,9052.86
11021,490,172.30455833313044,511.25
11022,2654,3351.170956702733,2763.69
11023,1986,2684.0036596796203,1920.63
11024,671,160.72559901057957,703.97
11025,956,-814.9521165062943,1022.44
11026,5871,6646.2734617085025,5596.27
11027,1406,1418.471926636706,1433.855
11028,5543,5604.084103036281,5139.84
11029,1700,1791.7981039538927,1471.58
11030,2183,2438.9192403327665,2048.47
11031,5690,6745.816561502351,5487.88
11032,5532,6104.160213098854,5461.1
11033,1637,1954.5128339963694,1618.29
11034,3920,5541.441646018657,5079.02
11035,1318,2324.70583308248,1498.62
11036,10623,10401.895391489183,10420.63
11037,4435,4630.995482179828,4442.26
11038,7072,7337.662949748035,6826.23
11039,2729,2573.926975958944,2552.23
11040,992,659.9873718080476,962.68
11041,7164,6201.42664428298,6330.91
11042,808,925.5829724973382,810.04
11043,873,988.1062322428261,1029.15
11044,4620,4588.353712983797,4430.72
11045,4201,4660.25864498426,4167.13
11046,424,-252.2464837680145,535.19
11047,3616,4561.010019929721,3593.3
11048,1098,816.1877901756184,1257.79
11049,707,1095.6144642245858,732.04
11050,4420,4737.817885997401,4037.14
11051,3125,3250.453522263081,3014.58
11052,662,-171.95022066191996,706.92
11053,4193,4663.612446265405,4015.59
11054,1200,1842.9695466827952,1121.81
11055,10036,10718.113489718951,12222.96
11056,1893,2229.8944225206433,1810.53
11057,903,1376.1607490163988,940.5
11058,1845,2130.5513765147725,1740.01
11059,559,401.02907556957916,605.19
11060,8705,8376.061640236741,8400.74
11061,1790,1729.1538040605824,1656.75
11062,947,801.0764095246222,897.56
11063,1586,2495.3465589228217,1830.25
11064,6727,8704.781732737174,8934.58
11065,846,717.3064874884521,743.74
11066,529,-184.12848814064364,566.48
11067,4444,4690.2586872912725,3657.73
11068,14625,14953.358919393142,15760.98
11069,504,-1455.3332643704953,478.59
11070,15241,13826.266786004255,15389.41
11071,5821,6041.92756325618,5399.97
11072,2522,3741.9039150444787,3361.28
11073,9076,6955.919491800412,8650.08
11074,4448,5185.146992726919,4071.51
11075,1109,1322.7887188277932,940.37
11076,6112,6500.029667194999,5796.99
11077,957,937.2341432903004,817.73
11078,645,471.91297910101366,625.58
11079,2586,2550.9610688416415,2571.08
11080,1708,2247.3506495834745,1815.27
11081,18741,14811.900312005184,16381.67
11082,12622,11886.684269504833,11791.06
11083,1721,2206.454166082572,1840.2
11084,1116,1273.6784760571413,919.4
11085,3045,3561.2412392351566,2837.84
11086,680,492.1816768677845,649.11
11087,2867,3730.4854575639592,3289.97
11088,675,-239.8226519148011,649.59
11089,1591,1664.7133099536481,1391.04
11090,4292,4696.362518023164,4331.72
11091,7916,6752.097465634687,8035.57
11092,602,537.5171438514944,623.2
11093,18318,12235.768120570949,14560.74
11094,1100,383.219034645223,1158.67
11095,4291,4427.332304945325,4178.81
11096,917,205.19656717080488,815.725
11097,5646,6796.994068560658,5992.87
11098,1431,1954.7365608117216,1329.07
11099,839,1340.1196779379197,844.72
11100,4241,4746.203758233141,4380.69
11101,814,964.075450582146,657.2
11102,5599,5564.485299115427,5428.86
11103,4179,5070.700637843115,4650.39
11104,3531,4254.985413385757,3452.01
11105,11189,10374.155148333593,10997.14
11106,1626,1678.9263519839924,1490.57
11107,477,-540.1319676563226,601.3675
11108,5703,4947.187667104665,4276.21
11109,1175,435.1778139869416,1203.74
11110,9792,7814.3515702952,10161.9
11111,6592,10615.350243023437,14466.47
11112,3650,3584.6715657990553,3460.34
11113,4851,5474.769745336811,5059.62
11114,1061,983.2531596540912,990.4
11115,672,1029.2826265587032,725.78
11116,786,1189.561489241416,863.71
11117,1333,1901.3274411619977,1096.49
11118,10182,14178.40568677335,14405.595642857143
11119,3073,1897.7878693925818,4327.83
11120,16629,14431.971153088574,14791.39
11121,576,-905.7066498814756,554.61
11122,2309,2918.9353099763216,2093.5
11123,825,1045.154967058933,789.1
11124,854,714.8450405565327,799.245
11125,758,938.1083507633239,784.94
11126,1569,2105.9393886954404,1700.03
11127,827,1073.3858420499655,849.48
11128,717,603.1931874143929,833.54
11129,2543,3405.407469436266,2694.76
11130,758,920.2786770682951,741.31
11131,14215,16424.042898677966,15790.32
11132,2524,2912.686207265904,2495.32
11133,2904,3906.6403831750044,3176.19
11134,502,-59.907091136831696,516.66
11135,3723,3902.7623371941077,4058.99
11136,10004,8785.775039621,10194.14
11137,3007,2867.3635399798413,2791.67
11138,3387,3930.230612482029,3729.79
11139,4691,4054.436802489012,4066.8
11140,6299,6145.882932818526,5504.92
11141,854,701.1409751181113,799.37
11142,1129,19.868182145110495,1138.94
11143,11554,10176.87287909988,10781.29
11144,669,1218.3426162918254,820.32
11145,1020,1465.0882655575028,953.22
11146,811,1044.2845141563812,807.44
11147,1841,2552.762289527711,1834.73
11148,2383,3526.290016998269,3078.47
11149,666,718.3500011603201,645.67
11150,2724,2833.630187666654,2594.84
11151,612,-1018.756746680112,528.72
11152,2362,3137.547695192853,2480.71
11153,2470,2727.1882661191385,2260.33
11154,538,-1821.4179611385352,678.345
11155,3752,4667.986922203886,3793.92
11156,2936,2319.712141381328,2272.6
11157,3306,3710.758800272062,2991.26
11158,3833,4315.876241142777,3926.22
11159,692,869.6160669181445,744.74
11160,3260,4523.7564360760925,3395.44
11161,3323,3537.63458155402,3386.62
11162,14545,13297.521741465442,12215.09
11163,815,-37.34675502376831,920.18
11164,5922,6157.252576129287,6028.81
11165,5051,5577.208161895317,5190.7
11166,4176,4461.436792406499,4258.25
11167,1071,258.87115409029184,1225.71
11168,5557,5974.52985483601,5320.61
11169,525,674.0126295739933,543.69
11170,878,1350.7223539147026,984.59
11171,11715,13663.082849922159,15310.24
11172,523,-254.5403034829278,583.254
11173,9987,8780.864678883256,9869.85
11174,727,1171.5745501547435,893.8
11175,7076,9429.90919690912,9267.98
11176,7651,7993.778965433506,8857.45
11177,2788,3980.151039787727,3775.11
11178,1094,1198.5590333235941,963.24
11179,1316,1827.5839246407495,1411.345
11180,583,344.59138000639905,588.0
11181,2657,3289.400537906677,2519.23
11182,4550,5184.5206763333435,4468.35
11183,1727,1968.4535751594985,1602.58
11184,667,695.0196974741057,805.84
11185,9741,10523.354679455646,11272.87
11186,776,558.8450169962607,712.44
11187,10891,10279.51661008632,10887.1
11188,13626,12514.160219800657,13138.7
11189,975,1358.315938444929,868.31
11190,12196,10551.004685523989,12818.05
11191,1445,1399.3864225208526,1548.61
11192,9120,8651.436634463653,8779.0
11193,4626,4805.468268769542,4373.93
11194,3688,3353.484642054709,3249.42
11195,815,1060.5130696197912,960.66
11196,980,161.95235933879212,1077.46
11197,10164,9899.157059807198,9746.17
11198,15415,11844.1865799427,15072.55
11199,1679,2366.260298359271,1721.54
11200,3966,4463.158216483247,4236.93
11201,1235,1429.7272296884262,1226.275
11202,2623,1840.4920376746259,2348.6675
11203,1571,1805.4754298827206,1057.52
11204,605,444.7529431385801,627.4
11205,3927,4501.011169508805,4488.44
11206,4494,4472.142669261461,4310.583333333334
11207,5006,5501.91159236082,4799.67
11208,3582,4380.091483577033,3434.58
11209,5712,6362.540140258282,5501.94
11210,631,-212.87625893839322,641.76
11211,12454,13689.079295170288,10765.81
11212,4189,4637.099649219478,3689.27
11213,5886,6241.096385551463,5588.63
11214,781,1018.330658158724,695.24
11215,626,615.650877029103,650.38
11216,1127,354.194478149544,1183.9675
11217,6674,5584.191421376005,4933.43
11218,5242,7702.328056388554,6902.27
11219,5493,5870.729400415517,5608.73
11220,571,412.9254251710722,757.35
11221,1255,1368.5510693754068,1396.45
11222,3511,4929.321498793701,4382.77
11223,4545,4578.886107767204,3979.32
11224,958,1429.0430675435255,984.27
11225,5439,6099.581044771697,6568.020833333332
11226,1441,1831.0564582485385,1594.53
11227,13965,9126.60500428957,10792.64
11228,1161,771.3818216953805,1410.07
11229,1809,2618.340770985173,1908.42
11230,2518,2905.6360877023376,2439.51
11231,919,508.04127403900384,911.39
11232,3296,3724.478357636796,2948.4
11233,4392,4659.29196303332,4497.79
11234,1238,1778.1231252355542,1053.69
11235,625,566.7929194061035,705.0175
11236,666,732.1621295688765,747.1
11237,4459,4800.335410135278,4235.35
11238,1332,1225.588179220802,1350.01
11239,15231,14181.901746558347,15201.673333333332
11240,5252,5844.938483496871,5137.621666666666
11241,4532,5140.906839453743,4839.45
11242,1080,877.6608281457684,965.84
11243,688,524.5281536960229,824.03
11244,7589,6918.2109133670265,7700.25
11245,7747,8544.527702477579,8338.99
11246,5050,5282.186372145148,4993.346666666667
11247,1799,2198.1785735754956,1894.1
11248,605,481.25767054285507,659.58
11249,14399,17260.344494413162,16292.17
11250,5101,5849.393570301023,5858.83
11251,4916,5425.438955079156,4954.82
11252,638,1033.284587870101,777.31
11253,4276,4793.252579706925,4126.57
11254,3089,4255.403547891208,3243.07
11255,1021,648.532128511557,987.89
11256,498,746.2542218243934,610.25
11257,1742,2144.168015350138,1857.18
11258,2016,2742.3218106356517,2031.87
11259,2803,3595.80340730805,2685.89
11260,5191,5466.342061408313,5122.59
11261,772,1123.1330831671885,840.03
11262,17674,14305.693176655497,15262.22
11263,1423,1868.5411840193237,1819.61
11264,7244,6528.196827909456,6901.83
11265,491,-207.90522616721773,511.81
11266,489,-162.9567433078464,547.94
11267,603,276.63381609169573,685.9
11268,1819,2363.7797866449337,1785.91
11269,10356,10174.973107788694,10704.53
11270,999,1316.3184985910002,1013.09
11271,802,491.9784798340884,793.37
11272,3459,2840.6107820052093,3778.65
11273,11159,10138.89486673742,11294.33
11274,1439,1827.911193584042,1519.54
11275,730,534.0437347992793,765.81
11276,4200,4575.1321415765415,3921.88
11277,1922,2571.3337954430494,1838.47
11278,16617,15093.070994200812,15091.55
11279,2876,4439.389841219232,3592.77
11280,6492,7349.706657128051,7400.32
11281,596,277.9129183137766,709.61
11282,825,1308.6627647664695,874.03
11283,7025,7920.60851382955,6940.16
11284,7294,7772.110073017958,7026.09
11285,1825,2353.758145745497,1732.22
11286,628,-357.1633208371668,511.15
11287,3927,4524.727536951075,4250.51
11288,1289,676.2397199146467,1255.28
11289,6997,6579.599449878708,7304.03
11290,10396,7909.479026789868,9480.32
11291,558,148.35693912481202,453.59
11292,17383,14516.666713469835,16695.21
11293,4659,4242.014182930916,4657.01
11294,2757,3559.260864568652,2915.04
11295,9281,9313.404144873473,9124.22
11296,972,1022.4089047167117,865.36
11297,13757,10825.39770290997,12520.58
11298,544,-122.92296465958134,576.23
11299,12644,10413.018552520218,11166.36
11300,924,1372.5061565525925,933.46
11301,3082,3976.725599848297,3849.87
11302,490,-302.35080006198496,491.9
11303,1878,2713.5820908564274,1896.04
11304,3816,4182.372858858721,3580.46
11305,2667,2137.0815572274596,2302.62
11306,5483,6078.466968129777,5319.83
11307,1992,2106.672531455656,1173.54
11308,734,762.3105494960964,728.03
11309,698,1177.2938300323653,736.76
11310,684,960.0730103646133,712.07
11311,14543,18444.244790401608,15927.56
11312,6163,6252.50913049034,5304.04
11313,730,614.2960497809181,774.18
11314,14892,12281.636048842569,13526.51
11315,3533,3415.4518150039503,3439.93
11316,3326,3819.061951784034,3750.93
11317,1088,1864.2968491387387,1070.75
11318,1605,1536.818483061024,1443.93
11319,4049,4649.76061189238,4417.17
11320,12737,11950.236342115415,12349.99
11321,1729,2066.9374290772575,1682.42
11322,10388,8665.671874989483,8949.41
11323,7140,10026.542660975541,8654.78
11324,4212,4885.742903487838,4540.3
11325,465,767.5834095271343,506.14
11326,2690,2666.178221103206,2578.86
11327,2559,3278.6667897767506,2745.08
11328,2149,3327.087867815081,2565.93
11329,4746,5484.073110828485,4871.92
11330,394,-1416.0021659308113,473.95
11331,3180,3864.007401130986,3129.66
11332,18398,14945.698822228374,17062.57
11333,18062,16000.446974671557,17184.25
11334,7526,6768.310702685074,7249.73
11335,2430,2640.7456929268637,2294.77
11336,844,348.5692808862941,801.66
11337,3534,3944.8671243060917,3467.57
11338,2877,3735.665560182805,3086.41
11339,565,154.1806026938757,578.01
11340,9926,10538.604782770286,11444.56
11341,452,-571.866878356107,472.64
11342,5411,5388.776574261795,5144.42
11343,1052,1359.748027493401,1023.17
11344,7683,7068.693560503201,7513.39
11345,11106,12099.477421193995,11966.41
11346,675,-22.661696002237477,637.24
11347,3299,3341.9824809123124,3430.65
11348,978,-1372.8902511701635,1096.19
11349,702,252.15805086013552,756.65
11350,4529,5115.81903971013,4350.44
11351,994,282.0026537802901,1110.35
11352,503,57.646676987675164,578.4
11353,9344,9178.060561137205,8989.29
11354,14429,10890.248590732845,13215.42
11355,7548,7595.758867051925,7414.23
11356,472,532.1176733755256,519.87
11357,665,764.9698357168209,668.51
11358,3736,3578.094545627157,3538.3
11359,3384,3581.696200444475,3271.18
11360,2288,2782.524719751296,1992.58
11361,11365,10928.318738778386,11648.92
11362,945,582.9895181725215,873.38
11363,4829,5622.278893107357,5267.11
11364,436,-1162.624954383191,456.09
11365,2339,3114.8449247109443,2153.51
11366,650,685.8279660836861,653.67
11367,720,245.0725204765422,704.8
11368,4425,5304.630091667932,4317.82
11369,978,86.75392413853797,1117.52
11370,1968,2118.878373818294,2190.43
11371,1103,1842.30924335103,1202.84
11372,15721,11590.30890525472,14973.86
11373,907,397.128321097176,857.47
11374,3324,4393.541849319017,3781.18
11375,2326,2613.686524590026,2372.86
11376,4751,4859.95656685827,4751.85
11377,545,328.97656746332996,620.16
11378,540,-1114.9222582287894,547.71
11379,1996,2398.259686988246,2412.94
11380,1974,2462.0116325021177,1921.63
11381,7917,7337.505422650906,7552.82
11382,6684,7325.449312479756,6773.81
11383,4613,5354.573468430843,4980.7
11384,4693,5114.842244431851,4921.51
11385,1013,1229.05919542,910.32
11386,1662,2046.8626789159089,1745.51
11387,898,1503.7696615654995,926.0
11388,6250,6511.192890300253,5310.24
11389,4256,3960.647717716827,4191.62
11390,424,-1116.538279081402,489.57
11391,15226,10962.304125561543,13530.85
11392,3321,3960.324483930313,3132.2
11393,8971,10442.541373416236,8811.13
11394,743,45.18769307456023,703.82
11395,5166,4911.89288876855,4280.18
11396,769,1160.1373894452686,666.01
11397,969,724.2732705804092,944.81
11398,576,-972.5353692997087,542.715
11399,16378,15129.237848138224,16467.95
11400,822,966.3475371824261,861.1
11401,3837,4044.4567134299737,3696.34
11402,684,412.97327658555696,774.13
11403,2765,3472.9758680277414,2773.52
11404,4731,7522.58805473078,7198.62
11405,625,713.4697507649689,664.82
11406,1611,2053.183205792225,1769.37
11407,663,-52.95659391665686,626.62
11408,3557,4649.068989575631,3434.35
11409,5314,6033.792067750203,5467.536666666668
11410,5829,6257.829130261085,5508.89
11411,1922,1976.318084402103,2185.66
11412,732,95.67798441714422,643.63
11413,4153,4084.7063709402337,4071.44
11414,1966,2390.9446332638063,1972.18
11415,473,-328.5245217056281,558.68
11416,660,353.6438430344615,784.91
11417,945,805.8685354154641,886.17
11418,1911,2578.611808931682,1954.08
11419,15153,14145.591938406922,16004.65
11420,491,-173.19791955781602,565.83
11421,13342,15045.132673331098,16026.0
11422,3277,3916.140897365167,3370.459166666667
11423,5708,6011.614275864359,4944.14
11424,1574,1575.0782547505269,1459.0366666666666
11425,1102,1308.8240455752457,894.73
11426,863,1380.8663123587676,867.23
11427,695,615.6219712757356,748.88
11428,4195,5234.09409037428,4793.87
11429,2218,1894.8168898718939,2127.79
11430,1938,875.5266086671818,2042.39
11431,5528,5505.014418456374,5045.52
11432,10357,10682.82998806255,9962.16
11433,893,462.48431473755227,829.89
11434,1024,1066.7112238891095,1023.1
11435,974,1692.2343339347726,997.46
11436,4953,4882.091700522006,4713.12
11437,524,-166.83740328555268,552.41
11438,2721,3320.4308846433696,2740.1
11439,764,-1082.6794213255635,961.66
11440,4936,5393.685819774035,5113.28
11441,840,1371.2292234927636,963.93
11442,2559,3466.829836454747,2530.38
11443,767,858.2485823288534,764.9
11444,1250,646.8959722550389,1182.49
11445,12242,11343.59600030346,11767.26
11446,4133,5019.694819271604,4487.45
11447,2873,3487.300233882652,2853.92
11448,2858,4122.827783390969,3093.15
11449,791,780.2631409368528,725.03
11450,3965,5035.244558423653,4523.89
11451,1410,798.3987366671272,1250.88
11452,459,-174.3202209794763,501.93
11453,906,783.860328588753,826.72
11454,988,1388.2425697689569,943.58
11455,8508,7323.605794914212,8489.11
11456,7877,9581.579086874488,10188.43
11457,10286,10164.556763184908,9321.18
11458,776,521.1155960400379,707.53
11459,544,136.68223971359157,648.72
11460,9330,11501.35720248206,10826.95
11461,880,758.7498498047357,800.32
11462,855,269.47165717920416,822.83
11463,1115,1977.7720850343408,1134.14
11464,4395,5130.667187840139,4537.685
11465,1819,2331.293765373376,1775.02
11466,1147,1101.5015864679672,1195.9858333333334
11467,5068,6696.8386096065215,5664.19
11468,1170,1742.4587305490613,1034.1
11469,2282,1857.5971761401279,2023.9
11470,2573,2878.004686326361,2711.45
11471,3897,4353.598242429029,3973.583333333333
11472,9335,8512.508536062222,9526.23
11473,2215,2841.7891573578218,2340.34
11474,544,-61.92621603366524,633.26
11475,8904,10048.464131224206,8815.2
11476,4082,4541.08135920604,4061.99
11477,537,-1385.0563772773758,540.11
11478,4128,5282.076127809172,4774.15
11479,1601,2362.4012894244865,1625.09
11480,5551,6220.612040389133,5861.51
11481,5364,6269.855396539139,5877.98
11482,675,233.307008867042,718.29
11483,1430,1962.9037908118598,1456.45
11484,6606,6219.4572316254635,6309.12
11485,1102,621.3479769852893,1237.96
11486,833,677.6665367903524,866.73
11487,5034,5460.979542422247,5191.8
11488,3267,3504.733547721257,3476.73
11489,2599,3284.8496145419404,2778.88
11490,658,611.3955704299624,667.08
11491,558,-703.5884186030526,512.5
11492,1367,2107.3098233716364,1409.3
11493,749,1383.5828541010342,873.87
11494,743,-13.63313764978193,727.72
11495,5055,5628.034929895803,5136.8
11496,1334,-2557.4370760320808,2355.7
11497,2890,3478.8023742954215,2855.8
11498,756,222.04938620278335,677.68
11499,846,1489.1885985600948,958.84
11500,1546,1757.7984709272396,1577.04
11501,2905,3255.2613209437905,2447.69
11502,13110,11126.534376235122,13456.92
11503,480,-446.132667123039,552.74
11504,6686,11279.694640465728,12052.79
11505,4368,4869.458928987377,5243.34
11506,1000,1540.284139933351,837.19
11507,1168,1944.364801417535,1398.78
11508,1960,2882.8927119086147,1964.5
11509,2290,2726.1769613239635,2243.12
11510,1009,832.9280667147896,952.36
11511,2881,3580.0173014108527,3024.77
11512,2691,2947.729859416031,2978.34
11513,773,630.9418311003901,791.27
11514,882,409.6972957129474,918.02
11515,921,1249.8202577494462,965.69
11516,16538,19326.373760304763,14134.24
11517,720,-3.4578856765224373,663.74
11518,4811,5181.893094521409,4541.64
11519,959,-0.9357494824566857,1126.65
11520,3473,3103.7570406473174,3106.12
11521,7056,8386.288213607153,7100.2
11522,2818,3455.977627176877,2685.1933333333336
11523,827,1415.0374752477446,893.79
11524,1764,2766.2528451219932,1920.33
11525,609,-99.80829948661403,508.3
11526,665,525.6327296617992,679.52
11527,3337,3896.5572384560915,2803.08
11528,772,741.6820972311939,785.5
11529,12291,10658.680009983196,10109.68
11530,799,1315.5396309326452,668.46
11531,10949,8041.585920155214,10078.28
11532,445,-1092.0832704876775,509.75
11533,6479,6377.733519174735,6421.5
11534,802,486.32910881317866,731.55
11535,2484,3233.163628608759,2683.44
11536,540,-856.5093054065255,491.77
11537,5855,5160.872340613943,4718.82
11538,499,-60.591153160138674,568.95
11539,698,-14.971404953985257,658.95
11540,10666,11997.514451766641,11421.22
11541,9095,8449.256194959224,9542.63
11542,1554,1925.0769349728075,1602.29
11543,1799,1857.8240663289998,2225.21
11544,3804,3999.9643850271686,3349.19
11545,1013,840.4619760678943,933.35
11546,4739,5788.738791234314,5295.87
11547,644,-642.4487210668194,657.73
11548,4981,4429.025513034394,4533.07
11549,6618,6062.809404279475,6451.408333333333
11550,965,-444.2385541206877,1154.0
11551,5327,6335.716790830532,5591.5
11552,1630,1701.3135772521055,1573.67
11553,3489,4124.36160387295,3422.566666666667
11554,11968,12294.027618118182,12001.53
11555,818,1254.106064783823,854.36
11556,700,389.24079366500655,699.61
11557,14400,11841.510099163246,14043.89
11558,982,1429.2290968943453,995.67
11559,2514,3143.18244041999,2578.33
11560,429,-1123.4485972350976,464.86
11561,1263,2168.701809990736,1094.41
11562,1803,2107.404941660891,1611.93
11563,11518,7769.742259275826,12352.81
11564,4234,4789.479152292834,4268.13
11565,621,-600.2329095607693,687.81
11566,993,988.2914399607339,993.86
11567,776,332.7477149360652,723.5
11568,1069,1419.9523784209523,1015.48
11569,851,553.5549163450569,780.04
11570,681,1045.281797361581,768.8
11571,13177,11316.07931786192,12769.82
11572,4320,4396.375561351742,3926.5
11573,7087,7752.086952693049,6547.2
11574,1056,543.2620484576582,1312.27
11575,873,1195.8187480196461,979.3
11576,858,1045.0664975599047,895.85
11577,432,-499.03876873192985,439.59
11578,5606,6159.9706185530795,6033.02
11579,3420,4621.140941223701,3711.59
11580,537,81.30205980340634,626.0
11581,2151,2351.441493530998,2297.24
11582,1046,1067.3552290927964,909.77
11583,453,70.9539956024255,481.14
11584,9306,9449.718565800593,8949.18
11585,2842,3512.7260545634426,2548.54
11586,459,-1109.3609200126975,474.976
11587,4082,4480.410811560239,4080.9
11588,710,755.9832005986927,684.09
11589,4845,4879.39044984377,4484.22
11590,17849,14357.777386447897,15634.47
11591,7738,7947.080112359315,7319.14
11592,689,72.09393226716566,624.53
11593,575,810.9588335786416,563.13
11594,1368,1056.3383348754232,1256.07
11595,12681,11393.019549967114,12340.08
11596,4309,4603.2938076641085,4265.91
11597,756,242.70728535412945,673.27
11598,401,-955.8558073209269,425.92
11599,2662,3002.957677928501,2413.72
11600,1013,1098.5405301850337,947.91
11601,13289,11636.766204744185,12386.61
11602,810,946.5649838009758,822.03
11603,12596,10794.844278043474,13291.9
11604,7055,7093.9161339830625,8538.93
11605,4079,4239.136158391418,4070.98
11606,3831,4407.909735712041,3438.02
11607,17114,14901.937561120603,16382.13
11608,810,1018.6034810072406,833.25
11609,6662,7152.645197856098,6740.22
11610,1061,879.4758697038424,1000.92
11611,14058,11949.467675124677,12488.28
11612,994,572.3246671146653,894.38
11613,7174,7040.530086271137,6581.02
11614,4861,4487.088634512606,4612.31
11615,715,359.9957733757301,619.1
11616,4748,5823.782047981051,5408.23
11617,1104,-2174.3449890949005,1873.19
11618,3793,4774.261232186243,3896.34
11619,2222,2259.426250536195,2139.07
11620,8870,7909.541015084589,7722.31
11621,1647,2134.0652378528075,1708.57
11622,1061,767.4625827046225,894.41
11623,11172,13267.193077097128,13718.88
11624,16085,14149.067467823237,14524.33
11625,4971,5097.711252416355,4454.13
11626,1181,1844.1990955962015,1172.69
11627,4712,4443.710086006358,3976.21
11628,4981,5485.1456945588625,4779.23
11629,15665,10732.913048055614,13660.71
11630,692,982.8054748301975,802.15
11631,663,941.5714350959361,713.1
11632,13629,11044.230398212869,12919.07
11633,3310,3933.477443507771,3452.29
11634,1746,1945.8833869565788,1615.8
11635,6906,6023.134937590481,6174.15
11636,18193,15603.637769014242,16357.63
11637,1726,2077.6161303371723,1695.4
11638,3357,3736.8188638767224,3484.41
11639,4989,5479.789497156105,4900.37
11640,789,1251.943132351375,800.87
11641,9342,9597.466327285678,9259.87
11642,8456,8135.791065085971,8112.98
11643,1018,1758.614611515351,1072.86
11644,6613,6424.40924958705,7515.3
11645,918,1557.4405734240454,908.23
11646,4412,5838.916948769985,5516.84
11647,730,1012.6175643798147,782.94
11648,5612,6221.207402002685,5470.926666666666
11649,3780,3178.5672502825423,3873.6166666666663
11650,838,1319.0173035500648,886.38
11651,852,1321.6401441753687,851.82
11652,7134,6342.472900697657,7363.4
11653,15801,16094.29469751509,15213.96
11654,802,525.3312984641461,763.63
11655,2843,3016.3769867429855,2739.89
11656,1187,2080.7979837175185,1182.1
11657,6247,6197.915614085171,6034.46
11658,1103,1542.536178528072,1067.97
11659,3167,1101.740566310535,3878.81
11660,2954,3617.9776119650246,2935.79
11661,485,-1895.4955057083425,473.42
11662,945,610.7409573409714,925.95
11663,923,361.7735404791374,876.41
11664,1240,567.3996674023056,1439.22
11665,2741,3666.2994570412625,2835.64
11666,3555,3992.0198565295354,3735.84
11667,15175,14850.940651409952,15622.67
11668,2482,2812.541679285327,2344.48
11669,722,568.4814708105305,779.65
11670,1979,924.2783814585327,2044.63
11671,596,328.07787276550016,639.45
11672,1709,1697.0981001792247,2040.7
11673,532,205.62231617508678,665.86
11674,1656,2045.8025598277536,1612.67
11675,3452,3447.431596183233,3453.31
11676,11912,10460.43680914068,11199.39
11677,461,-114.51733115183106,562.82
11678,8065,7171.912231730638,8878.57
11679,607,834.8246479373051,719.04
11680,7072,8242.048448508162,7588.07
11681,3447,3990.5473011549707,3660.91
11682,1682,2383.3649149713556,1755.85
11683,640,-27.285341656241144,606.3333333333334
11684,7722,8914.810421083745,8364.02
11685,2467,2909.2743008773364,2194.43
11686,2442,3177.6447423913287,2348.82
11687,1295,2122.16875184175,1096.48
11688,2875,2845.479601825108,3123.85
11689,5361,6340.523680214184,5289.6725
11690,2250,2946.56391347627,2238.81
11691,4334,4632.960498342759,4340.71
11692,17028,14703.435051854676,16100.36
11693,653,-246.07026766991748,684.92
11694,12980,14154.737616439683,14799.67
11695,1631,2064.2762147118583,1670.5
11696,1024,757.4945937470657,909.27
11697,457,-341.46378337444185,539.28
11698,2937,3330.8928788103294,2853.67
11699,2367,3142.424964060369,2477.77
11700,3133,3841.5631501730504,3442.07
11701,3285,4426.951580120938,3180.38
11702,663,513.9139647268767,658.72
11703,615,417.2850114168764,727.48
11704,1267,1341.5165162323665,1316.31
11705,1026,938.9130906116848,1189.76
11706,4656,5407.996390705803,4480.23
11707,8959,7443.559382321118,7351.49
11708,6699,6133.2479945576,6154.28
11709,13292,10916.385310019901,12271.09
11710,586,307.18536984263346,690.01
11711,12100,9034.861897615592,11535.29
11712,11389,11575.068343653396,11359.3
11713,998,1262.4100906850144,1027.94
11714,502,-223.395211666284,503.56
11715,18069,14734.001920994559,16283.01
11716,1418,2332.042171952139,1267.2
11717,5612,5911.481544062244,5401.0
11718,3530,2734.9274861783124,3659.92
11719,1687,1910.830368376096,1604.42
11720,988,1457.185732005928,947.49
11721,3671,3749.877426958404,3736.296666666667
11722,9218,9411.280614696343,9459.87
11723,679,909.4771716507958,599.79
11724,3998,3953.23546322769,3722.04
11725,1621,2292.898083929187,1711.2
11726,4422,4209.060020335864,4445.1
11727,10129,10263.078612045108,10768.13
11728,4125,4338.674542050338,3945.26
11729,812,-238.50320948677472,691.19
11730,2316,3317.2828589294427,2264.27
11731,5453,5921.232131832844,4887.44
11732,1793,2438.260722176301,1753.21
11733,2400,3051.561694452061,2642.49
11734,8736,8775.881876203468,7517.51
11735,2409,2991.2209327678097,2495.173333333333
11736,4901,5597.956711273366,4954.54
11737,807,670.5876484994251,1137.55
11738,854,848.0881962824869,766.75
11739,9189,10037.381103552001,9464.88
11740,4072,4417.340307158196,4235.04
11741,337,-1088.7213654456227,434.67
11742,8037,9335.692494008723,8747.99
11743,10046,10082.262722360676,11140.04
11744,3142,3669.891529830427,3057.26
11745,2492,3037.552204620254,2455.18
11746,16603,14713.953411813718,16357.72
11747,6683,6466.500433468805,7080.17
11748,2914,3309.090352091786,2820.96
11749,2435,1831.56385849876,2106.1
11750,1919,2267.3482761801524,1702.37
11751,709,-2.189085978229741,626.07
11752,814,1060.1268243185168,853.88
11753,12379,12479.889930553605,13590.69
11754,3007,4609.796712817832,4026.75
11755,3282,3528.717044702739,3614.11
11756,1441,2213.5968035828837,1379.06
11757,2125,3129.400512565905,2203.82
11758,5373,6690.129431277398,5295.55
11759,7026,6380.118913904051,6779.34
11760,16357,14400.322995357992,16380.98
11761,2540,3036.5728828842985,2440.54
11762,6278,6409.776106941701,6159.62
11763,1728,2265.104172917365,1731.65
11764,1715,2385.305040569633,1471.61
11765,13872,15472.786113488926,15615.48
11766,1981,2819.669385120801,1912.96
11767,995,1095.995466996596,944.75
11768,749,950.6846673285645,909.85
11769,3951,3959.919649859974,3949.5
11770,5028,4981.926485696634,4222.74
11771,2674,2221.3906340809554,2409.58
11772,4696,5719.956471307196,5056.15
11773,6022,6722.089247971992,6414.51
11774,523,-1310.244318245569,506.93
11775,360,-1006.6681144647337,435.49
11776,1069,1177.5950738297843,910.73
11777,490,13.359593724422666,554.11
11778,8426,9219.113419878526,8196.39
11779,12823,10531.301281290176,11573.84
11780,588,-1294.063422055914,669.75
11781,802,1262.8792370073634,853.99
11782,12985,12851.801206181228,12264.98
11783,9141,9904.963152775319,9077.59
11784,8938,9665.220614806476,9859.67
11785,2188,2865.9162950330647,2725.34
11786,6086,7745.809621357697,6598.89
11787,11009,9785.331020364576,10808.81
11788,877,1305.3163297621504,980.1
11789,666,526.7401988799766,660.89
11790,8779,9430.865619408589,9737.75
11791,1370,1607.104024110904,1484.57
11792,5484,6262.453882076642,5605.69
11793,648,-475.52694396975585,633.0066666666667
11794,5499,5641.667207839605,5320.49
11795,675,-199.05144136800845,607.5740000000001
11796,5717,6487.3263447117215,5392.42
11797,14154,12228.40191622932,12144.64
11798,899,1232.3038271291903,938.06
11799,716,932.1510206258545,877.31
11800,1941,2634.0581010688397,1952.53
11801,945,827.707521524907,1069.47
11802,6563,6594.209560351158,5562.94
11803,736,363.47941015667493,867.4
11804,2692,3316.3638597963586,2907.52
11805,1061,932.2594436785794,1027.0
11806,906,814.6154175064212,868.69
11807,2854,3736.237857002181,3074.98
11808,8392,8694.450267803795,8207.14
11809,5818,6973.644204278454,5817.51
11810,2405,2629.752492069375,2361.23
11811,5929,6145.982613571626,6522.28
11812,544,1038.9128424776327,604.62
11813,945,903.3260898499466,1000.06
11814,969,654.4700716109282,935.39
11815,11419,9680.715462923381,11471.75
11816,810,283.58513926336445,1017.44
11817,802,549.4477099861474,761.62
11818,1893,2727.488689757922,1956.38
11819,3575,3681.2012385987136,3908.69
11820,7428,8737.056328305516,7869.67
11821,789,1249.8937323010373,783.59
11822,1261,1437.7982803657546,1363.87
11823,605,325.4749678501248,612.07
11824,2712,3139.5805582435523,2781.16
11825,974,-713.7390831880302,1067.78
11826,2045,2561.405938509961,2037.72
11827,576,816.8436379260274,563.18
11828,868,1111.240758349979,850.76
11829,3092,3861.2468717661263,2833.29
11830,2102,2799.937343057093,2158.56
11831,756,195.745256712019,695.48
11832,5171,5577.910601068089,5243.89
11833,1173,367.2678165211619,1140.38
11834,4672,5185.1854345097945,4632.87
11835,1046,1558.3584473023266,1001.8633333333332
11836,1410,1776.2884203752242,1465.09
11837,4270,4467.51440803932,4099.0925
11838,544,557.9432177340468,703.5
11839,3001,3278.6168979919416,2908.54
11840,928,785.6230002285465,878.98
11841,1995,2625.462894091954,2229.36
11842,5556,6424.231326955029,5807.27
11843,1662,2348.77936863946,1697.47
11844,1595,1945.174489124971,1598.3
11845,491,-202.89636610489015,545.0
11846,1016,835.652922526961,931.32
11847,460,398.8683952652327,451.27
11848,1286,1222.4573700184983,1304.0
11849,5093,6246.377378027209,5135.94
11850,7155,6758.231787832251,7127.24
11851,3246,3534.227481298951,3199.53
11852,2635,3046.644192575235,2573.46
11853,1580,2197.923388087641,2146.08
11854,4316,3928.6122475487628,4265.37
11855,4240,4776.577524384775,3634.74
11856,1818,2680.1314641166105,2013.72
11857,8062,8380.637871848114,7733.79
11858,873,1642.128119051953,880.94
11859,7646,7596.492132611257,6335.12
11860,4404,6139.466885356493,5376.91
11861,821,1023.590154621179,861.78
11862,984,1178.2520930932938,1017.02
11863,807,768.3289530277452,883.09
11864,962,741.21364237027,831.815
11865,13134,13253.804696671437,14951.49
11866,4515,5281.063952322545,5122.41
11867,4274,5020.71628848201,4769.63
11868,1724,2321.4503015039045,1712.97
11869,1411,834.8763997379556,1664.07
11870,765,191.3893733422933,704.55
11871,551,112.36551906638806,659.78
11872,734,817.8891353140007,768.96
11873,1080,1358.57453951465,1019.64
11874,730,1171.0311408993734,780.41
11875,576,914.3924081409627,667.69
11876,5678,6048.261916266087,5237.964166666667
11877,593,-792.0354020148834,558.32
11878,7899,8927.253834108444,7431.35
11879,6279,7587.768567902546,6385.68
11880,4115,4521.6747667300915,5258.493333333334
11881,6169,6053.728400352639,6076.71
11882,2436,2056.544917324902,2368.7
11883,621,525.3324995567418,597.54
11884,1438,1704.9704373464574,1465.18
11885,5121,5914.995393735562,5187.525
11886,2548,3010.0545647447416,2665.73
11887,863,1180.4302668257405,896.91
11888,4187,4577.777622564692,4189.03
11889,2604,3036.0150750296007,2793.78
11890,2897,3600.708546494811,2303.77
11891,15384,15645.886307853909,15397.61
11892,6108,6067.465245712631,6168.7
11893,3265,3921.879519247932,3135.7659999999996
11894,650,550.4487894433514,683.77
11895,2471,1948.496709431939,2264.59
11896,1168,1960.3436452421229,1179.19
11897,8731,10033.389186429838,9658.85
11898,3047,3532.693505769181,3373.37
11899,5670,7227.998214409884,6449.11
11900,9796,7483.448090657365,8842.95
11901,1677,2126.3683240530777,1594.07
11902,1080,1406.2724203554103,896.97
11903,10711,10441.284757355843,10703.23
11904,3701,3730.245444936651,3002.24
11905,7659,8112.434598458673,7761.37
11906,1727,2255.110740822418,1668.94
11907,2386,2757.2341039314524,2567.15
11908,8595,9725.838531320373,8524.47
11909,802,428.26232631877065,768.23
11910,18515,14603.842460862676,11153.03
11911,2742,3735.106957709799,2921.67
11912,8590,8038.747170432911,8358.67
11913,1814,2055.1198865643673,1789.48
11914,2398,2924.9045066417552,2749.14
11915,4257,4774.793551412845,4225.59
11916,452,521.1891502541057,553.48
11917,4678,5625.934220734524,5172.73
11918,2157,2831.8889026457337,2489.64
11919,3154,2993.455853678394,3321.74
11920,894,1339.9621570627646,992.58
11921,4969,5735.615896604448,5461.32
11922,6525,7158.178457731692,7160.98
11923,946,1615.7824304843843,989.66
11924,2348,1946.5922920307066,2545.45
11925,1163,1845.410299818203,1134.98
11926,1135,1809.022600852731,1067.995
11927,3961,5573.872507888538,4694.1
11928,696,1251.7701920542422,700.5
11929,5199,5379.348766052755,5299.18
11930,596,460.269449588116,656.39
11931,886,1582.8632536491596,880.82
11932,552,191.6279588408879,559.41
11933,4600,4984.659197334977,4901.26
11934,984,1664.8461359719995,1017.55
11935,7236,7620.720140982685,6594.0
11936,1857,2503.079455581959,1802.51
11937,4480,5067.993814929577,4537.56
11938,3671,3938.8576173033734,3910.63
11939,589,-973.1735348405982,548.99
11940,10930,10935.528098812276,9925.59
11941,641,-58.91514721382964,525.59
11942,3073,3441.6035024894313,2794.41
11943,6905,6318.308329908395,6577.23
11944,2255,2340.2675133250236,2519.1
11945,3082,3667.025584457403,2603.92
11946,4244,5589.637686325883,4433.11
11947,666,753.2921959259847,708.87
11948,6340,6085.938662926979,5635.54
11949,6386,5822.397253798792,5543.17
11950,2795,3530.3970979096703,2716.9
11951,5819,6791.4842227230865,5594.29
11952,782,-488.35808801302665,1017.35
11953,594,-567.3712912799583,580.02
11954,2691,3225.293276317446,2923.06
11955,2141,1323.3244319618075,2108.59
11956,9831,9490.615500915712,8351.2
11957,706,813.3620445476272,781.99
11958,1815,2160.016137538767,1784.41
11959,3372,4355.798455236874,3730.79
11960,3083,3975.1627235255905,3680.848
11961,15394,14360.23687129839,13489.48
11962,14773,11161.63166744275,13298.57
11963,880,1275.9807042632933,741.38
11964,863,1457.2772760531075,841.79
11965,7788,6833.610351185283,8145.65
11966,5858,6645.316119083878,5696.49
11967,626,314.7691895675043,603.81
11968,5972,6120.67370235007,6276.65
11969,526,168.1112274441257,550.7
11970,10184,13431.052876648051,12964.74
11971,859,974.5170906487865,888.2
11972,506,-1420.504655609133,504.42
11973,3301,2898.4940655186624,3423.46
11974,911,804.4908968848213,850.24
11975,798,-402.8494591907747,719.95
11976,13462,14555.54463346215,14065.37
11977,6830,8350.734322568658,7133.82
11978,1071,1312.3881232302147,898.38
11979,1104,484.5063056683334,1129.6
11980,1266,816.1405116448368,1265.7
11981,3807,4934.726674484034,4088.09
11982,2665,2539.120494975833,2520.97
11983,1243,1860.0420757005627,1192.64
11984,675,348.7266645356003,822.58
11985,447,-1084.8367946295675,481.83
11986,945,656.1814798037612,901.46
11987,4949,4871.717670547522,4387.66
11988,1128,443.9594012916091,1225.95
11989,530,-2175.5353454646884,529.51
11990,3996,3508.0982009404233,3173.69
11991,500,389.2621819211108,630.55
11992,992,627.1684051194293,922.73
11993,2907,3640.7574059303647,2811.02
11994,3325,3618.672028922036,3485.905
11995,9724,6888.760697682503,9324.2
11996,3717,4893.034254591825,4365.04
11997,1554,2065.7425111917905,1688.98
11998,8032,7718.713410042326,7562.91
11999,664,1219.8729416844312,621.96
12000,3894,4602.989941007787,4275.1
12001,4053,3952.818835319267,3451.02
12002,573,-757.6645072686233,529.7
12003,1888,2196.9791874795537,1677.78
12004,725,1023.203816540552,749.51
12005,1977,2791.396106675733,1786.93
12006,2670,3050.3339495397177,2390.67
12007,1220,1126.2822537009292,1242.59
12008,15714,15543.891431133756,15860.67
12009,1865,2787.6604671324667,1923.11
12010,6458,8528.26923293744,7480.2733333333335
12011,14042,14880.7255324479,15972.61
12012,10781,9498.427686366244,8984.8
12013,1725,2369.414968545296,1907.27
12014,1076,1616.434895921317,1056.2
12015,1193,1326.28074599018,1321.63
12016,8517,9224.372021293213,8762.49
12017,730,707.7024623497682,764.43
12018,10204,7559.49065376693,10115.94
12019,5616,6166.1912273910475,5673.64
12020,585,553.8939102750792,620.8700000000001
12021,5206,5007.962303844844,4331.79
12022,2558,2533.455710270398,2525.07
12023,2096,2661.1218762801327,2187.72
12024,9460,9851.359486556506,9982.43
12025,756,633.1730182550455,733.262
12026,6883,6406.861440161357,7181.96
12027,5052,5705.020603843318,4648.14
12028,2180,1685.455940505316,2823.32
12029,3301,3843.532482667263,3308.45
12030,4839,5576.444952116792,4912.66
12031,7750,8512.263843825282,7082.28
12032,6411,6261.415379699936,5815.7
12033,4953,7499.564958468462,5885.0
12034,5599,5884.107290272102,5626.892
12035,1819,2530.2003791194184,1823.58
12036,5096,5748.878557607302,5449.1
12037,3045,3913.9079806435475,2984.02
12038,2996,3874.3688617464845,3010.63
12039,1940,1024.7532987958325,1948.34
12040,17805,14244.810837660889,13972.340642857142
12041,16426,14313.613313463951,15087.22
12042,981,1485.9185037445595,1011.58
12043,5569,6199.421122408026,5525.8
12044,898,-97.4914838768118,918.84
12045,827,636.4532986031913,1005.37
12046,4099,2727.678911415789,3954.8
12047,8483,7000.770844561928,8212.33
12048,954,1459.7072620069266,950.04
12049,2110,1401.8204778464542,2170.6
12050,7272,7036.283461524605,6831.18
12051,5488,5778.508327791701,5239.72
12052,2420,3489.9278859498695,3002.7233333333334
12053,1750,2438.993636997538,1719.74
12054,619,445.35904043351,638.52
12055,579,125.55286978515642,669.19
12056,2054,2772.8561517881703,2157.63
12057,393,-1703.8458227596784,476.58
12058,5553,5874.178897615324,5626.82
12059,882,338.0001014594377,921.75
12060,7056,8030.45773622116,6891.68
12061,6164,6173.040454935863,6084.31
12062,5455,6039.541760345083,5748.973333333332
12063,7472,7042.267049006039,7415.27
12064,2086,2327.3238929031877,1571.39
12065,828,787.8025818247061,725.21
12066,4456,4895.702656118219,4511.25
12067,8910,9082.83458600675,8845.58
12068,10111,7669.551007947647,9791.85
12069,1268,891.105491860319,1280.93
12070,929,1560.9356173018782,942.19
12071,988,1815.7870800059977,1028.59
12072,1282,1424.6568461532338,1558.67
12073,500,-50.988797372442605,474.7
12074,748,81.0347230556722,652.57
12075,730,757.5051607175246,799.2
12076,1437,1925.4024712196492,1306.26
12077,2246,3157.047286345001,2257.0
12078,2375,2647.934656018751,2375.53
12079,675,-239.22171828559294,664.94
12080,1257,2087.0911034788387,1239.77
12081,5207,5135.795389480418,3751.26
12082,7738,9155.140404666257,8526.27
12083,4488,5416.886861458673,4632.35
12084,4921,4669.942275201292,4369.7
12085,2716,3259.473712619797,2810.9
12086,3191,3725.726184861306,2986.28
12087,3363,3008.68486116021,3343.81
12088,1708,2488.3395826797087,1775.16
12089,452,-558.109542726319,482.59
12090,827,1045.094667859904,922.7
12091,1736,1898.2282001708936,1666.33
12092,4540,5130.086922092848,5485.87
12093,1002,909.1838263460113,906.38
12094,661,328.1338789642632,831.93
12095,1124,1263.1421639219361,962.52
12096,5257,6007.078877507787,4861.36
12097,3886,4521.060889448716,4168.6466666666665
12098,923,398.7577727599996,849.37
12099,654,-738.186666060582,765.49
12100,596,657.4571415610835,642.24
12101,2375,3318.619322449088,2713.24
12102,1192,503.7373682964685,1199.58
12103,5145,6006.513446479197,5651.5
12104,4162,4721.399828626395,4397.33
12105,1631,1417.1437539792478,1983.62
12106,1008,1252.7814741465718,937.22
12107,3398,3427.343137497976,3580.25
12108,805,1111.921829812337,917.07
12109,2982,2786.1185975641197,3147.43
12110,1040,783.9473633853736,936.87
12111,1319,1343.8263203861197,1300.48
12112,4652,5778.049282575235,4696.12
12113,805,1210.9722922624578,824.11
12114,4700,5097.904249868701,4557.53
12115,921,412.7557148115202,806.11
12116,7799,7926.695140026934,7068.52
12117,1061,1720.41316780342,928.69
12118,4307,4924.351061344592,4422.43
12119,964,-247.35459574762717,1036.72
12120,4403,6004.145971525523,5573.98
12121,3649,4346.6489241476265,3769.1
12122,752,1214.6640776611416,781.92
12123,453,179.99621260524327,480.59
12124,2414,2997.522886169153,2425.02
12125,7074,6985.622345274876,6874.26
12126,2469,3306.848529218794,2737.43
12127,9290,9943.72287049663,8520.29
12128,805,705.2421279758946,912.14
12129,561,425.7455477779549,565.95
12130,4796,5006.252355516967,4729.44
12131,2841,1777.2080658507703,4995.69
12132,917,1513.1778576883685,824.94
12133,17029,11314.911613420034,14559.413333333332
12134,1368,1490.1223625620373,1423.25
12135,2578,3451.803720572907,2717.17
12136,453,499.3204186530447,495.12
12137,12602,10905.88887619699,12742.29
12138,1151,1677.0100545086907,1124.86
12139,716,-132.7126484621922,827.97
12140,1238,239.0961297517174,1368.46
12141,859,17.309287273355494,902.14
12142,3697,5445.3169490060245,4987.22
12143,5361,5322.088101213574,4864.24
12144,4823,5271.314512696034,3930.57
12145,1295,2000.889607632148,1277.32
12146,907,921.3794410493742,844.42
12147,1124,1252.4285153620385,978.96
12148,1397,793.4571911022331,1255.2
12149,1939,148.04757138731838,3668.01
12150,1355,1583.9388615957978,1465.73
12151,2670,3706.2654214371587,2878.47
12152,850,1330.08689168019,909.97
12153,1827,2529.2526680773485,1836.55
12154,4795,4697.507155504791,4224.58
12155,898,-147.99756694498,858.05
12156,14476,14972.127197307605,15619.88
12157,9068,14548.881052566134,14165.42
12158,730,632.9316773062828,687.33
12159,1107,1790.3396271700385,1121.28
12160,760,1040.357620056027,659.45
12161,8011,6852.893913085761,8156.31
12162,663,-213.6466189426501,669.29
12163,4037,4560.754767082307,4113.64
12164,13669,13047.143305186639,14382.21
12165,1563,1074.8724300869335,1518.92
12166,5258,5594.408958955849,4924.78
12167,4743,4746.6014617341325,4675.3
12168,2283,3127.8567921251174,2116.75
12169,3299,3976.478642748112,3268.81
12170,1754,2380.2930077061314,1770.67
12171,1813,2171.1774876171585,1741.26
12172,596,227.51642599499428,710.68
12173,552,899.4163279946101,508.89
12174,4560,5020.734757760062,4408.88
12175,1026,1001.6583397980685,935.05
12176,2686,2681.184868977003,2537.84
12177,695,743.4390196180179,711.73
12178,658,582.7593206480342,672.22
12179,2109,2959.8222410081667,2267.23
12180,851,741.4247015505243,763.4866666666666
12181,2410,2040.8007311965464,2242.98
12182,13622,11991.051003557299,12451.11
12183,1610,1469.7085948210538,1473.22
12184,1089,1912.9121673298814,1251.96
12185,3192,3907.418255109108,3137.52
12186,2728,3151.7431944320856,2480.59
12187,798,-88.04190171861273,705.61
12188,12681,11781.217192265682,12142.87
12189,1377,621.8359416937301,1324.5013333333334
12190,1772,2997.639155686434,1991.74
12191,2331,2847.3164871830327,2285.23
12192,10839,9333.861257640949,11178.8
12193,459,-1123.6281338150884,553.36
12194,2885,4042.907112454634,3272.59
12195,552,209.35915061435753,542.84
12196,3750,4674.853821017429,3425.86
12197,918,1530.249106049473,919.56
12198,2222,2837.190853907183,2321.73
12199,1806,2010.1143140329632,1730.79
12200,3556,3706.206009353041,3622.29
12201,4592,3736.202286612521,3690.057333333333
12202,1012,1114.1047968534604,1302.57
12203,983,751.977729398137,916.35
12204,1994,921.2195939600488,1712.66
12205,1755,2307.993581859938,1691.22
12206,1576,2020.548492096953,1658.18
12207,1984,2686.381880473716,2004.46
12208,1763,1633.3318875579644,2043.22
12209,2730,3146.6889757077006,2506.45
12210,2422,1346.9566693629672,2665.29
12211,1304,2077.1644134467565,1207.44
12212,675,-77.75659588822145,649.7733333333333
12213,4063,4335.793716488624,4110.44
12214,2455,2301.112755457393,2484.96
12215,847,695.0295051734156,975.61
12216,8256,8313.571193971038,7994.62
12217,855,-251.78409047317837,714.0
12218,1836,2063.2051968760575,2019.62
12219,1078,2163.4030689562455,1138.1
12220,10076,8765.136875763423,9797.28
12221,899,1232.858017792135,947.8
12222,2937,4137.505497590556,3090.25
12223,5456,5874.6087682747975,5401.19
12224,913,1206.5792903859874,723.79
12225,640,463.40578255129185,634.11
12226,3067,3209.956845904209,3293.29
12227,1438,1531.3504280952548,1401.53
12228,1263,2065.9671495121397,1256.58
12229,1294,1209.3550059770178,1437.78
12230,1400,2107.116088969081,1184.41
12231,681,582.662106609393,706.59
12232,844,1388.7828746154828,873.63
12233,5769,6355.130043555383,5533.043333333334
12234,18077,15800.243601024094,16607.23
12235,1140,636.8634644362023,1181.61
12236,4144,4354.899069481668,4155.59
12237,2982,4229.065489923366,3467.47
12238,4230,3978.829284805043,3791.48
12239,2160,2513.4249367326142,2084.76
12240,3445,4071.70749507993,3775.15
12241,582,742.2276702011795,566.42
12242,545,322.97424788367334,549.33
12243,680,713.2076980759616,559.72
12244,1220,1164.5755307253166,1282.5
12245,738,825.6904758555238,776.6
12246,5182,5616.057676025583,5301.31
12247,972,894.2425568428325,847.16
12248,703,274.1597846995228,731.1
12249,642,966.8487709245946,736.48
12250,1613,1922.5660536577852,1780.49
12251,454,-356.76460619010413,507.3
12252,11713,10491.82841059249,11897.59
12253,7929,8439.468311424276,8021.67
12254,6344,10545.882731646601,13399.72
12255,465,-2237.9013084022354,441.7
12256,18474,14819.127799526543,14614.11
12257,17073,13169.091413945513,16500.82
12258,11127,10649.352840324816,11436.98
12259,733,636.1432257541151,808.4
12260,907,465.51186322676676,836.27
12261,504,-1530.9749393960783,491.75
12262,1207,1866.6731384719697,1174.65
12263,3832,4385.737924195928,4431.09
12264,1877,2288.6884496451867,1765.75
12265,4240,4906.108020783864,4261.52
12266,1767,17.842366903018956,1956.0
12267,12156,10669.78388620562,12841.71
12268,17617,15098.39342801349,15241.56
12269,772,782.6523158305436,799.29
12270,2717,2454.1688548438356,2202.62
12271,1417,1850.7987730259847,1531.87
12272,2735,3679.0360349415632,2809.34
12273,4984,5385.001372998904,5007.4
12274,3579,3907.4029092881074,3625.8
12275,13555,12112.192364494455,14118.26
12276,739,736.3254336034793,862.61
12277,6071,6544.238108203767,5382.37
12278,4127,3990.026493491176,4038.22
12279,1591,2086.9930544933977,1693.11
12280,3407,4443.517442636843,3525.94
12281,1218,569.1565004490831,896.65
12282,1077,1247.3407306337558,1027.82
12283,12423,13311.723448163482,13154.08
12284,2480,2777.0735035474663,2715.52
12285,743,168.54230474414953,704.83
12286,1200,1576.629180196057,1084.96
12287,1105,1419.0411792433952,889.25
12288,1397,1296.5233799402185,1496.975
12289,900,207.5802340490486,877.81
12290,1940,1543.15934470114,1992.12
12291,825,1132.0916697167095,746.76
12292,596,583.2996034152775,641.89
12293,6439,6642.832013447952,7032.62
12294,872,668.9269226781462,823.69
12295,536,217.36490860693993,603.97
12296,638,866.4319324964595,666.75
12297,1991,2400.939689389943,2296.42
12298,6236,7213.4678876118305,6155.09
12299,2396,2826.501620144383,1993.24
12300,14208,12853.541569399165,13723.87
12301,13500,11360.213089779083,13742.36
12302,6636,6735.696410062087,5436.86
12303,1656,1999.886339640847,1646.55
12304,2544,2887.6727485274696,2725.36
12305,16704,14857.543681308855,16109.06
12306,1692,2128.325987012549,1712.25
12307,4927,5785.260068082923,5043.63
12308,644,575.1936550285791,704.69
12309,4805,5672.0938372989485,5249.23
12310,5102,5833.822744862283,4773.86
12311,11250,11499.72615756305,11961.02
12312,2573,3146.7078833044357,2661.73
12313,669,-509.5716394861074,600.83
12314,2055,1238.1570496627028,2031.1
12315,891,1307.8473492625671,876.67
12316,8362,10308.95327600581,11083.29
12317,784,817.9228451557728,903.85
12318,2386,3207.134237603409,2844.22
12319,974,1712.3742562141024,978.81
12320,4525,4435.507144858901,4532.159166666666
12321,702,188.6459784821982,671.54
12322,2317,2891.2960658093525,2404.84
12323,1784,1626.4216839647916,1762.62
12324,4679,4934.278213169366,4853.05
12325,2602,2786.046323841355,2792.62
12326,12738,10308.936392192165,11826.92
12327,3149,3424.9392447158093,3345.89
12328,3824,3186.4603930649537,4888.59
12329,6146,6145.093868774684,6052.548000000001
12330,3561,4495.982381299036,3587.71
12331,614,-321.2990148072786,697.3
12332,1875,2000.6391575201787,1698.63
12333,434,-1187.5240519313975,541.53
12334,2557,3804.778534046845,3100.96
12335,826,-2285.1715656442902,1598.91
12336,675,-21.37995855743884,643.71
12337,1289,2074.7634688454896,1014.65
12338,8021,8420.47461500522,7687.03
12339,1053,1798.4059276988728,1086.2
12340,2671,3594.2178742665387,2868.59
12341,891,1505.0160966499152,881.71
12342,1200,1735.1947733897014,1100.13
12343,2608,2102.957240837615,2323.08
12344,17203,11503.27677277911,15664.0
12345,506,912.2912314953032,592.34
12346,655,1021.9934228005336,676.46
12347,3826,4046.280641453101,3852.19
12348,2954,3658.602566018148,2811.07
12349,754,915.7015096790815,814.07
12350,9586,9719.110922947373,9304.19
12351,647,-591.5655667871288,747.73
12352,10602,10223.078187070532,10640.42
12353,871,1026.8720365210174,793.41
12354,7848,8893.506579044162,8528.76
12355,600,229.2607861174456,661.48
12356,9932,7311.610427512315,10287.09
12357,3540,3882.0845951669407,3277.63
12358,4744,5129.966042230301,4158.04
12359,2102,2865.402027244878,2127.72
12360,8699,8211.202478229763,9366.94
12361,6344,6608.649234740806,4894.94
12362,900,149.60832933238225,761.41
12363,4271,5257.251864027868,4767.28
12364,4086,4881.594239682118,4037.18
12365,3062,3321.2776892770544,2957.08
12366,4283,3394.4653602123262,4161.67
12367,2258,2725.6596349707793,2194.57
12368,716,103.92052895235929,806.32
12369,1656,2085.8979052052346,1713.01
12370,2026,2065.923733185693,2279.28
12371,596,420.5901391712259,671.14
12372,673,338.0097999367399,722.29
12373,2398,2017.924887829963,2181.54
12374,10786,8595.210421980824,9573.11
12375,3460,4586.080447550473,3490.32
12376,1793,2378.905233659874,1890.58
12377,1071,1953.2908804373733,982.87
12378,4007,4020.8749383349623,3679.41
12379,13016,14141.502491774138,12669.78
12380,575,817.4124306931585,551.88
12381,8975,10520.697509527334,9380.58
12382,1220,673.7237748637845,1228.08
12383,9450,9159.364381616524,8921.29
12384,7354,7503.730558782372,7801.3
12385,5673,5469.7759951499265,5078.465
12386,855,-147.62997100641041,715.77
12387,2399,3005.341610664575,2422.44
12388,492,-619.7722138772315,578.89
12389,1073,150.50193368678765,1165.05
12390,16872,14709.959608577576,15647.98
12391,890,1430.1665504056891,886.39
12392,752,649.3341771185305,902.92
12393,4484,4657.46863531845,4356.26
12394,3382,1891.6612153639264,4286.21
12395,1359,712.7583117995846,1280.19
12396,561,359.5695009442252,606.83
12397,6777,6622.310289769374,6545.64
12398,4497,4653.581099470407,4220.45
12399,1220,1098.3874168930038,1278.52
12400,6149,7365.628065386394,6120.02
12401,648,-682.4626171521413,606.29
12402,605,467.51464382428003,599.54
12403,1753,1835.7231935494751,1680.6
12404,706,949.9488802375163,851.26
12405,982,1442.8166719254755,1002.37
12406,2066,2450.702207798417,1964.37
12407,631,-673.2174704954314,592.43
12408,18507,15240.8487129008,17454.87
12409,626,128.2115346513383,583.81
12410,4907,4955.9335408182515,4456.6
12411,645,588.239994995025,641.62
12412,2870,4094.6840283213924,3257.21
12413,1899,2447.9995464611666,1952.2
12414,4988,5942.000353640161,5029.49
12415,6702,6471.886327464136,7510.265
12416,4309,4852.529573851396,4396.049999999999
12417,672,604.6905282388407,748.21
12418,645,712.835017057897,629.84
12419,1598,1745.2313630616454,1613.36
12420,7553,8810.692331762344,7143.21
12421,4919,4113.042003080239,4063.21
12422,1097,447.0927707377,1139.82
12423,2882,3583.104434332775,3526.31
12424,1292,1999.6902610510451,1212.18
12425,1093,2117.076186729181,1201.41
12426,3759,4095.72535409102,3696.67
12427,1791,2756.181091000507,2025.65
12428,939,1092.9718901621245,903.86
12429,2142,1444.953880929579,2021.19
12430,3871,3646.1273526919827,6672.63
12431,15651,14246.381836992763,16199.64
12432,995,1265.024443409407,876.96
12433,1263,1859.4542602394122,1273.74
12434,11146,9671.65111456166,11302.52
12435,3669,4524.206792506844,4038.7
12436,4842,5783.651915683106,5229.86
12437,2371,2395.8112164347135,2545.25
12438,552,848.7795312400581,601.71
12439,1304,1368.3499316280036,1364.47
12440,1024,-502.9192103162213,1079.12
12441,1447,1666.118110161763,1417.1
12442,3251,3810.347929383126,3292.84
12443,1101,1850.927191868719,1111.26
12444,2598,3307.348217684319,2661.2
12445,2100,1985.883513980668,2088.09
12446,8040,7889.117139821339,7969.38
12447,972,902.8801974569733,897.6
12448,414,-1171.9506574100105,511.57
12449,8780,8921.162328041726,8896.92
12450,2171,1841.4223453308805,2163.73
12451,1114,1161.9697085228372,963.93
12452,1909,1442.9480581317898,2086.02
12453,2538,3438.3716520090557,2266.78
12454,1162,1733.7795993642471,865.4
12455,828,619.5622385171864,719.063
12456,904,283.57918610389424,821.93
12457,8686,9206.94410638249,8925.05
12458,3774,3732.5150096818315,3852.94
12459,540,31.936341447937593,559.49
12460,12079,11696.033700978667,11538.62
12461,1605,1584.2838193339476,1475.89
12462,1963,2386.2950594807935,1780.96
12463,14299,15421.747603761569,14136.4475
12464,3109,4001.8408291428264,3345.65
12465,453,-780.0275686915957,502.86
12466,789,1029.5202416105167,771.36
12467,2762,3433.441054108639,2887.98
12468,1415,1622.6010969854246,1320.83
12469,914,1683.0838599306899,956.2016666666667
12470,3620,4185.302866165759,3538.67
12471,4120,4439.1223094471425,4138.42
12472,586,830.0168551253637,626.72
12473,567,-515.4091484344463,586.19
12474,756,137.55486325755828,674.9
12475,984,603.0350409568291,1077.68
12476,720,283.7322676346339,678.06
12477,2692,2913.047879128067,2979.01
12478,2922,2919.8444694619293,2723.53
12479,4075,4340.367150313105,4186.174
12480,1945,1143.5565573049253,1871.01
12481,7677,9246.10654849145,9046.63
12482,602,510.4054416313602,642.54
12483,3848,3969.738917731108,3666.05
12484,10823,8659.429023770925,10778.27
12485,448,-1459.9541374780692,462.75
12486,17934,15380.4101600224,16847.73
12487,9972,10617.514198119428,10016.03
12488,8016,6711.34595422676,7739.49
12489,760,1118.5494300428118,795.58
12490,2276,2760.364254014262,2389.1
12491,4001,4543.338288349069,4473.74
12492,607,1025.1941387456745,707.54
12493,7006,8939.456433444562,8886.15
12494,914,1674.4895066184044,925.07
12495,933,1072.6626352026415,919.08
12496,464,-739.0459672133893,500.94
12497,1693,1490.527239841494,1474.37
12498,5601,6557.401084642226,5391.05
12499,541,841.6762492370794,578.85
12500,886,1559.7995418164878,916.77
12501,14348,16867.775662179498,17039.0
12502,461,-689.3283553191086,606.19
12503,2923,4059.9430735880037,3721.37
12504,789,1131.7062437414406,802.64
12505,1632,2146.87113524549,2540.69
12506,4308,4730.0553927997535,4522.96
12507,11199,11350.431494872184,11207.39
12508,9494,11429.17988348563,9874.37
12509,4381,4871.1447782247105,4357.9
12510,2654,3166.955611227565,2710.91
12511,4268,5110.678728436715,4092.47
12512,581,485.03301055419433,622.3
12513,7090,8326.58203073534,6608.48
12514,522,310.06994145433555,509.94
12515,5795,6693.602831324351,5669.49
12516,14201,11940.309466016148,12477.7
12517,5800,7041.99425070709,6060.09
12518,1169,1916.4231011324782,1133.98
12519,6153,6821.894033807273,6096.56
12520,2355,2123.349512985609,2370.51
12521,2259,2069.8985199296103,2385.42
12522,7292,6813.60888382486,6633.82
12523,839,1236.3042746526535,846.8
12524,2765,3639.760270056301,3078.74
12525,1014,1600.3203873921375,1014.85
12526,1180,1528.1481745861638,1003.09
12527,564,815.2076019047931,575.44
12528,1993,1737.397893013781,2091.2
12529,5946,5959.822818592973,5948.0
12530,4517,3835.253509659997,4079.97
12531,840,1489.1287821622022,848.35
12532,589,77.84228867210277,609.35
12533,886,1565.2521822491967,918.8
12534,1906,2309.521645772926,2250.11
12535,1897,2448.015850267683,2052.35
12536,3579,4134.064682614843,3696.39
12537,828,1057.8775768985333,742.33
12538,1798,2671.2869117194264,1877.66
12539,485,712.6528965032317,518.63
12540,918,1478.7554656366406,920.73
12541,3756,4110.3479272085415,3525.15
12542,1441,1718.0032529047216,1441.45
12543,7080,7597.862718516981,7468.17
12544,14071,10915.179093664896,13739.12
12545,6828,7237.268478755373,6470.96
12546,3827,3682.625156917064,3204.16
12547,772,1098.5543316357616,805.2
12548,3113,3775.5196807326497,3080.44
12549,6159,6136.07843223728,6439.1525
12550,805,935.2850624477587,809.32
12551,10053,8153.6941034382,10171.94
12552,759,-869.2047909468529,862.9
12553,1069,-1781.8652203547726,2302.18
12554,7560,9256.623594412365,8551.93
12555,537,194.45606333183378,467.85
12556,4407,5284.333201842119,4589.18
12557,695,921.5165561447993,709.55
12558,14032,7798.182113043415,11617.55
12559,612,-542.8496258021687,620.29
12560,573,578.5393619031238,610.9
12561,3080,1235.812429017944,3870.28
12562,473,-374.0481144828764,501.97
12563,2873,2526.9156883075407,3111.47
12564,2167,2955.010798696136,2182.11
12565,4662,5180.149602416765,4882.09
12566,2895,4129.2320084924595,3325.23
12567,1353,1522.1811453533628,1418.58
12568,2057,3269.5625697174105,2531.16
12569,1775,2135.904406112068,1592.23
12570,12713,13218.387733677382,13266.71
12571,6868,6333.114106421277,6445.97
12572,4892,5606.090678075854,4911.49
12573,3010,3576.3373955229326,3049.5
12574,770,709.974061646421,912.64
12575,7741,7677.644709521419,7571.16
12576,6619,7185.066284791103,6630.91
12577,1971,2120.96080464352,1817.54
12578,6577,7593.858961238811,6804.87
12579,12547,10609.260573397325,11442.27
12580,5761,7881.553041657585,6487.57
12581,3369,4350.371095659801,3365.0
12582,9996,8850.935303876406,9706.1
12583,16337,13671.405667180346,14644.212
12584,1018,1693.6475657146202,960.21
12585,2867,3745.659011565298,3280.29
12586,13587,13628.576338828747,12783.46
12587,1377,1512.4047302724275,1473.22
12588,1212,2149.716618279881,1226.76
12589,4939,5010.844112821399,4776.43
12590,4850,4883.985336970368,5312.8
12591,1704,2684.0766351974244,1971.34
12592,1037,1962.377871254117,1232.29
12593,1190,1500.8383722709505,1346.4
12594,4363,5001.306314926382,4288.78
12595,2220,-234.01935002169012,3834.46
12596,2913,3706.026715630329,2825.76
12597,4260,4822.167626523209,4361.62
12598,3787,3774.638139533001,3778.45
12599,11560,11385.361100635924,10564.56
12600,862,1283.0347522750071,844.78
12601,3298,4296.147916332171,3057.19
12602,610,771.9437251128475,631.97
12603,1678,1991.2791463958447,1708.66
12604,796,1432.3610061249483,725.63
12605,1904,1382.24031623178,2040.34
12606,7068,6438.406828959294,6860.28
12607,3048,3635.6834459427446,3329.76
12608,2197,2559.373023287944,1902.86
12609,499,290.1827309676828,456.77
12610,7037,7422.708565211745,6760.5
12611,3805,4086.9031844823685,4059.7740000000003
12612,5384,6311.19056888871,5126.62
12613,10453,7135.257701404189,9053.37
12614,6366,5573.115996632625,5097.19
12615,10353,8314.977387539664,8350.15
12616,576,-812.0679674682924,581.84
12617,722,1087.3385354763127,830.48
12618,907,846.7638897488118,815.89
12619,2234,2552.913577753978,2277.42
12620,3444,4496.410753507165,3571.77
12621,1207,1609.116486794489,1067.33
12622,1224,1305.5049852520656,1231.9253333333334
12623,605,497.91034823886866,703.47
12624,756,843.2906541745147,754.03
12625,1253,712.5273073292256,1329.88
12626,878,404.49281028339556,839.99
12627,1656,2137.2383566397893,1655.97
12628,3656,3779.7600658272313,3869.95
12629,4401,4968.693165137234,4235.46
12630,2148,2687.361244058353,2284.45
12631,10685,10197.05767777892,10995.38
12632,898,221.94371838250845,826.53
12633,4460,5093.454339155703,4674.16
12634,4804,5144.944160446702,5053.59
12635,5019,4446.002083982198,4611.23
12636,1019,380.49716750909056,1023.67
12637,4824,4227.491776950009,5013.15
12638,1210,816.3375584119108,1301.47
12639,2846,941.123835009992,3944.71
12640,1619,1647.5922250219496,1397.1083333333331
12641,4853,5618.699666996586,5343.66
12642,743,365.5944356837663,671.71
12643,15151,13035.743047489375,15274.42
12644,1659,2127.2453097417556,1634.23
12645,4155,5369.226680091187,4649.45
12646,936,1056.8417574243244,864.81
12647,625,550.6944323730349,632.08
12648,789,688.9406192956021,785.24
12649,6504,6102.837323630229,6338.501666666667
12650,596,513.6323649665874,632.14
12651,475,-115.10912230227359,525.21
12652,3530,3770.0439505060285,4051.13
12653,4036,4524.7115823995755,4246.04
12654,408,-1452.5103329630274,454.78
12655,3592,2610.6995596613715,3811.89
12656,2977,3915.2114958102516,3277.51
12657,2045,2809.793966915406,2150.02
12658,720,443.8432307382827,683.43
12659,2789,3654.950226467527,3029.49
12660,772,796.2180191548114,851.92
12661,3404,4024.3377281796184,3263.442
12662,698,4.949586798115888,671.26
12663,7168,6422.633672436211,6500.62
12664,5110,5519.242625885654,4821.91
12665,972,808.9869400728439,785.8
12666,2490,3498.936000538677,2777.82
12667,6608,6070.945972351949,6284.74
12668,3818,3462.2901741525798,3702.22
12669,18066,14548.728205407295,16223.73
12670,422,-1314.9944009323863,466.78
12671,1046,1339.6686992879736,960.26
12672,2361,3148.7232017196957,2325.66
12673,14889,10884.074907838327,14014.53
12674,8232,7966.209066273619,8480.39
12675,967,1706.286604073569,1102.4
12676,3146,3230.2376311144344,3404.12
12677,1806,2246.876063067873,1915.37
12678,1271,1595.6158806367957,1380.48
12679,1154,1852.931803975619,1248.98
12680,756,603.5965548424338,795.92
12681,1902,2482.2439138860586,1795.81
12682,9030,8301.166516805393,8478.38
12683,6181,7946.890983204073,6610.59
12684,5352,5624.998294687839,4957.41
12685,642,946.378860582256,604.99
12686,844,408.00390688774496,812.73
12687,11209,7746.709584855495,10738.71
12688,5376,6115.995115767413,5195.01
12689,9131,7211.572798422369,9122.65
12690,2829,3505.743052107765,3037.37
12691,828,673.9399367701735,797.61
12692,436,-1177.6573118216793,476.03
12693,4688,5588.171655112844,4711.76
12694,9133,8410.751254626339,8970.06
12695,1919,2383.772724637069,1774.99
12696,9370,8570.505655681969,9238.22
12697,453,-59.76096734145085,536.7
12698,1384,1475.776865718985,1765.0
12699,1033,1048.2893578609537,943.84
12700,492,-590.2295150298742,551.8
12701,775,695.8410403515363,843.91
12702,1672,635.8269640145022,1831.18
12703,1056,1709.8737357307828,1094.68
12704,854,680.9044953455623,801.9175
12705,851,1105.4017674424013,799.85
12706,4193,4111.5113110935445,4047.37
12707,17379,14585.803525443496,15838.08
12708,1039,1529.2262823135752,1092.65
12709,666,-223.33901688489823,692.53
12710,988,1935.6213953751053,1110.37
12711,1781,2023.0657514546056,1749.42
12712,7513,7631.044128490746,7028.17
12713,3282,3893.0804135421204,3477.2525
12714,789,962.6915221922845,891.1
12715,551,337.75890643087723,654.53
12716,8253,7557.83846388261,8065.51
12717,11826,10784.463076632279,10997.13
12718,2359,2339.3831044707304,2316.16
12719,16392,14442.543941262213,14968.16
12720,1624,1242.0577992779217,1682.57
12721,4824,4970.430046126743,4863.7
12722,599,-842.6701255648841,657.27
12723,17265,14454.112629244124,15833.086666666664
12724,4547,5010.877022899325,4471.0
12725,16776,14394.225740903576,14706.38
12726,1181,451.51554383650273,1207.59
12727,1569,1588.6705044821456,1392.36
12728,775,1188.2278773465891,861.27
12729,1050,1377.5235808851912,1031.97
12730,15258,13933.708515507462,14578.64
12731,1808,2867.973223951932,1911.56
12732,3141,1956.6462606180041,4280.642
12733,4843,4758.004757781879,4509.56
12734,4089,4012.5287481689734,3843.12
12735,969,682.8380788726417,929.84
12736,3856,3732.629031816774,4121.61
12737,4808,5435.493232584387,4786.25
12738,5370,5516.653743745452,4967.15
12739,918,1548.768930928235,913.08
12740,1845,2129.067271086107,1750.52
12741,9384,9772.203604173985,9456.85
12742,1214,810.5477045748926,1265.47
12743,5956,7323.348800207443,5862.57
12744,3249,3281.3417084057874,2827.98
12745,1002,921.0958864999129,960.43
12746,12680,13449.48182987152,15428.41
12747,5016,6412.332536260727,4976.99
12748,1689,2225.3471947412672,1700.52
12749,14042,16458.13559975596,14444.87
12750,1665,2062.6147075393146,1673.37
12751,1622,2050.9020733203943,1769.42
12752,394,-1491.7741047362897,415.19
12753,1138,2025.3311380637715,1081.68
12754,2066,2669.696305647745,1945.84
12755,4413,4473.820247339472,4528.55
12756,15444,11984.485366503905,13333.49
12757,6666,6370.709185557591,6210.11
12758,4242,3985.0206474405995,3958.306666666667
12759,5136,5933.042421685188,4770.71
12760,769,999.7234763507677,690.39
12761,12829,14264.390085060668,15234.136666666665
12762,3668,4756.523805671568,4313.53
12763,4120,5446.437953267561,4966.36
12764,942,883.6414118132334,853.92
12765,16533,17877.3445187146,17105.76
12766,1056,1957.2933287197916,1114.17
12767,1111,1786.022535026188,1155.98
12768,1080,1206.771834317935,926.5
12769,2717,3377.179850038706,2667.325
12770,12394,12093.16224735809,11741.73
12771,4089,4390.135082793915,4413.18
12772,4752,5248.630029770539,4973.22
12773,1654,2032.73916344382,1616.43
12774,1554,2025.1674156632498,1641.76
12775,957,1659.1631141780535,924.808
12776,861,1578.1795589518006,937.61
12777,5305,6094.16042981614,5379.99
12778,901,1659.5337593946115,930.06
12779,1546,1828.7786658957348,1642.98
12780,1995,1167.699359570176,2103.4
12781,13872,12026.66517529693,12479.3
12782,863,1364.19199290925,905.27
12783,1843,1600.0494918777013,2034.14
12784,646,-298.18563947298117,481.68
12785,603,-152.55125479716298,639.17
12786,573,488.67285086900847,641.56
12787,959,1278.9539819527881,910.66
12788,2065,2782.234088032002,2009.4
12789,3160,3784.828583906895,2965.22
12790,3484,3653.768978330474,3538.57
12791,4324,4893.154716858879,4446.843333333333
12792,3663,4313.301343607851,3452.76
12793,1619,1642.364004239872,1551.36
12794,810,1035.3115761799136,832.95
12795,4099,4786.128169118541,4267.32
12796,507,-342.3155835577336,541.0
12797,6025,6727.6171288636515,6446.14
12798,2329,2182.3009920896075,2200.79
12799,2724,3465.23393608503,2575.23
12800,1240,1038.5779910703513,965.47
12801,1872,2233.93895093386,1910.22
12802,4470,3765.906705777401,4302.5
12803,4865,6077.878775314703,5019.32
12804,1263,1891.6955705647933,1191.9
12805,4547,4874.440095218699,3665.34
12806,4005,4664.666640455413,3597.34
12807,14027,13020.030693883777,14011.06
12808,477,-672.1450143199727,616.07
12809,3770,3584.97157885216,3714.23
12810,3161,3806.6656676440894,3289.87
12811,649,750.8782989699985,749.69
12812,3662,3681.569448196107,3729.6
12813,620,1077.5758247633116,632.16
12814,1076,1791.2452710463936,1044.66
12815,6521,8926.010501789448,11485.25
12816,17193,15821.24145075989,16457.25
12817,5738,5850.63065879502,5494.0
12818,994,1625.5161549534723,1002.71
12819,911,1216.5060644613977,870.53
12820,432,-908.2022036778881,454.53
12821,569,471.9766526162275,693.99
12822,4138,4774.942344971683,4124.143333333333
12823,1580,2233.472492810871,1683.24
12824,721,1233.5982442867125,597.33
12825,15126,13950.058080880239,15686.92
12826,473,-352.9495756426386,498.77
12827,2347,3306.6166261688286,2627.51
12828,5506,6122.521537167719,5170.333333333333
12829,10640,8437.365732960483,8646.98
12830,7416,7774.291952727797,7614.39
12831,1833,2143.608329322563,1707.18
12832,2139,1943.67707781542,2183.28
12833,463,-1031.4935201940743,478.56
12834,1141,5.759056680443791,1208.18
12835,413,564.3841153481171,490.33
12836,4098,4292.11788996325,4251.716666666667
12837,2130,1421.330256476822,2292.52
12838,970,615.9708048824195,856.15
12839,4072,4921.193237490104,4503.26
12840,1749,2129.972018940223,1785.19
12841,1080,1640.9170774183194,1174.28
12842,2779,3379.880521091543,2915.17
12843,769,936.5389342378562,651.39
12844,1053,877.0160730224134,1206.42
12845,791,964.9861470336573,807.46
12846,767,810.9765429810477,829.5
12847,609,579.5131038319528,678.79
12848,658,540.1690046481153,683.76
12849,1097,287.05186997259216,1144.78
12850,1851,2635.931564636399,1877.93
12851,2949,3413.7954587370646,2939.31
12852,523,-350.53515158923074,518.74
12853,5340,4716.962622596108,4425.93
12854,438,341.4976470347319,454.01
12855,1027,1791.7343065620057,1059.0433333333335
12856,17125,12844.712781249715,15046.79
12857,3894,4733.062281396027,4049.99
12858,12495,11147.355288717801,11715.43
12859,3464,4135.934796897089,3752.74
12860,1781,2091.6386529274587,1783.66
12861,16793,14429.345398337782,15551.35
12862,4372,5102.672993334795,4400.75
12863,1746,1955.1574270892188,1667.27
12864,671,464.91821270136097,804.53
12865,1038,1185.3000240440551,882.86
12866,1069,1074.340245623067,1031.04
12867,6333,7275.321347026211,6035.07
12868,4637,5108.456753732084,4378.13
12869,2862,2908.247408553323,2979.05
12870,992,765.1521783874946,951.28
12871,1013,1480.0948141458498,1006.64
12872,964,1586.508653372185,1070.47
12873,5775,5791.666284376925,5530.32
12874,1358,2220.6337237847138,1348.09
12875,663,642.2623492044313,692.01
12876,3536,2274.6528661149955,3017.42
12877,4936,5612.693970891081,5136.776
12878,7056,6596.012713967515,6901.7
12879,928,790.2655919609724,860.15
12880,3125,3369.4667597204443,3493.51
12881,2617,1393.8115580349731,1945.6
12882,429,567.5943230601142,512.79
12883,7296,6852.227989143836,7365.01
12884,5035,5591.558200515966,5062.05
12885,2276,2669.251814128956,2227.19
12886,698,173.5226212146281,682.21
12887,1114,1178.8117141109997,976.05
12888,838,1095.3621383562022,864.37
12889,4333,4535.8059587914995,4217.63
12890,17434,14338.076618264475,16636.22
12891,17803,12681.932621665985,14767.02
12892,5243,6670.016076383949,5022.62
12893,17713,13859.525477434961,15747.876666666665
12894,828,748.0643205891574,769.6
12895,12915,13057.772341828013,12402.89
12896,855,-549.1287653803474,1008.18
12897,3394,1971.0795129589947,5216.56
12898,6730,6822.329606120676,6958.93
12899,4327,4375.85517977515,4281.94
12900,1935,2239.4032882779397,1878.99
12901,5203,9940.193662253532,12412.2825
12902,2893,3941.802848902585,3040.11
12903,11109,9783.040895885319,11307.19
12904,1546,1357.4818961069032,1476.48
12905,5992,5089.2540084916745,4894.69
12906,1942,2674.323069274273,1924.52
12907,868,951.3406311735052,907.06
12908,1755,2595.2100313016645,1805.33
12909,4054,4410.821961071268,4022.32
12910,2923,3364.7123932547443,2856.76
12911,1040,1100.0495189438743,984.12
12912,5031,5472.387915947003,5108.53
12913,12030,11152.813584818763,11079.58
12914,5257,5021.319796718706,4507.0
12915,3679,3838.2473026428274,3872.41
12916,18480,15299.984698037139,16778.4
12917,3257,4171.363526503736,3403.19
12918,1053,1446.3369922626634,956.61
12919,779,1444.6089636284964,837.11
12920,5461,7318.574086788521,6247.01
12921,3516,3704.794166663176,3323.03
12922,1778,2433.094733157164,1856.47
12923,7577,8151.371775056009,7988.8
12924,1013,893.9211362212686,822.58
12925,2069,2373.9503125172787,1965.87
12926,2238,2645.3066179344246,1930.84
12927,710,296.12687276826045,792.07
12928,2376,2596.6619052334077,3089.7
12929,1020,1534.546166078158,1015.26
12930,1029,1827.7398944791416,1046.36
12931,1281,1320.3508115482819,1361.94
12932,420,-1591.2199469043462,459.16
12933,8549,8413.988405021115,8116.08
12934,987,1774.7613763468985,1089.68
12935,2762,2990.8468727044933,2420.16
12936,698,1030.698306894833,734.54
12937,730,580.0104289780802,815.74
12938,9527,9693.40321139052,9576.79
12939,4319,4377.208495930299,4222.91
12940,3538,4266.876121401967,3721.64
12941,1718,1890.1936460826896,1622.74
12942,734,819.9097257830972,724.53
12943,12168,11858.924411464795,11766.83
12944,373,236.890283335405,420.54
12945,2761,3993.0621577218744,3478.75
12946,4688,4902.586818242162,4665.96
12947,5795,5858.687738708134,4699.04
12948,5664,7940.228225248324,6576.5
12949,3777,4328.258280013066,3219.13
12950,368,-1659.5004563792618,469.85
12951,5276,6223.841872073561,5545.72
12952,5056,6409.516913127203,5652.47
12953,463,-529.4445264955848,534.46
12954,14620,14770.459338164083,16220.02
12955,3416,3431.0098569070115,3995.6728571428566
12956,1965,1128.7380936428854,2052.52
12957,16544,14535.517462884696,16330.795
12958,12151,10545.17255474074,12477.61
12959,4965,4899.599066248871,4524.71
12960,2591,3398.0908001846456,2782.69
12961,854,715.3654311416103,838.235
12962,4495,4737.539133785738,3740.66
12963,17892,14423.852371311472,16596.53
12964,9756,8385.68066037317,8124.93
12965,1295,1984.911956959509,1101.09
12966,1928,2553.7015871762105,1899.63
12967,8396,9100.590730496631,8811.13
12968,3507,4734.831385485374,4369.85
12969,675,-111.92231917450954,623.39
12970,791,250.1354989110764,702.69
12971,1786,2314.4638760559674,1808.23
12972,16506,13991.748231457592,14357.66
12973,1243,381.11764682392914,1155.44
12974,17051,16359.950317967481,16377.05
12975,938,785.5638285569958,802.38
12976,842,1168.059331871258,930.16
12977,6183,6581.84640316358,6149.53
12978,6047,6022.954037503733,5924.92
12979,14414,9027.504871778681,11449.16
12980,5198,6031.3559665461735,4945.59
12981,4452,4679.5700112459035,4470.07
12982,9242,8740.236073007742,7612.74
12983,936,726.0683878303116,763.09
12984,5833,5944.3848517652905,5862.14
12985,3293,4402.960470320432,3330.67
12986,589,32.921338625741555,553.09
12987,1628,1599.8184495527503,1645.3
12988,453,464.4929916701367,488.75
12989,1783,2016.183757774292,1933.33
12990,2748,3666.537884817312,2970.43
12991,868,1244.8035696682778,1000.32
12992,2171,3285.166651154724,2582.91
12993,8363,9483.826327133174,8976.89
12994,7567,6658.16155568449,6329.266666666667
12995,5851,5689.875837322172,5236.13
12996,8954,7459.950816811057,9443.57
12997,8020,8301.064787650168,8665.31
12998,730,782.6974532179911,746.85
12999,5534,5823.323758490686,5760.24
13000,1425,1593.2102042985507,1358.0
13001,847,1015.8572184593759,836.74
13002,5657,6142.226645962262,5758.88
13003,3497,3353.195022297126,2847.68
13004,2016,1725.7772748627208,2119.08
13005,5584,6526.658288615373,5875.85
13006,4829,6799.114896283337,6253.47
13007,7625,8356.066686931765,8231.8
13008,3734,3783.4117457147704,3783.88
13009,2945,3431.2161632462653,2680.57
13010,4114,4319.569037693811,3896.73
13011,4989,5652.247504307568,5035.74
13012,17204,12985.296620857915,16249.33
13013,2119,2690.4612450033696,1943.67
13014,4785,6199.917684560569,5355.87
13015,605,210.57619931899626,690.48
13016,5296,6438.430919485191,5649.09
13017,698,312.8240149823123,711.73
13018,961,1420.0058384521963,1032.33
13019,702,187.53509411675668,721.37
13020,3470,3932.6241075056328,3227.36
13021,945,1042.1652841381356,919.69
13022,2346,3052.505604298242,2471.69
13023,518,211.37783622792176,498.57
13024,1389,1511.7787502281853,1563.32
13025,5639,5972.086930358562,5372.68
13026,1343,1103.1809975607302,1312.87
13027,1015,927.0593822492829,877.58
13028,14127,12771.088156332235,13269.45
13029,491,-1551.6801027666888,450.83
13030,1676,2502.15018174091,1883.89
13031,3748,4642.685083634642,4251.57
13032,2655,2397.414923071905,2467.07
13033,4002,3415.8900434241823,3837.48
13034,530,555.9133627937331,497.93
13035,5602,6407.888951061203,5710.33
13036,2553,3468.5098685875714,2643.23
13037,911,623.0634716146997,842.3
13038,571,241.60041780730262,550.84
13039,15091,11980.676697133593,13241.1
13040,3417,4949.138728873049,4631.25
13041,914,1676.1096040189727,997.16
13042,7302,7867.787794390452,7141.3133333333335
13043,1993,2411.0265042302462,1872.83
13044,6220,6252.994522699842,6280.99
13045,930,1554.1308124549892,904.35
13046,942,867.9955134057045,829.82
13047,880,768.4200840954882,844.25
13048,5139,6703.046669090351,5644.216666666666
13049,855,-190.06453930661064,776.09
13050,9007,7984.233880442844,8091.16
13051,11633,9468.102848801105,11405.08
13052,11711,11112.467248186975,12891.4
13053,2501,2038.6292819835135,2222.66
13054,523,-177.47009519485255,544.96
13055,1892,2458.434960210713,1796.86
13056,552,230.9992727777044,547.48
13057,1705,1618.5197282941858,1428.16
13058,14319,14349.39489038227,16165.82
13059,11007,10278.943785537125,10177.23
13060,729,218.50477367695203,626.26
13061,1880,1792.3261883227997,1869.98
13062,7633,7330.732753046181,6932.8
13063,833,685.5495461808687,885.92
13064,12099,15740.775676835847,15917.0
13065,7603,7761.341908484473,7642.16
13066,2929,3287.6593018670796,2881.36
13067,2673,3108.8146167058453,2778.22
13068,872,595.1500904219411,830.8
13069,907,613.8642094628622,786.7
13070,4530,5425.029941946208,4294.12
13071,746,1158.530619238688,886.33
13072,506,-1446.2383607310812,501.07
13073,2495,3058.139790522327,2420.09
13074,438,-639.6135935408893,475.26
13075,9231,6911.197987139089,8597.93
13076,7148,8139.067352150409,7294.14
13077,589,332.2624998210895,626.87
13078,4421,5104.63120131558,4654.32
13079,15851,15009.546890081123,15818.6
13080,18325,18399.0361707052,16706.21
13081,847,1105.7667624872756,992.51
13082,6733,6295.843474236793,7519.13
13083,914,1660.6334662101017,1007.0353333333333
13084,4763,4931.479441919713,4747.81
13085,16340,13224.35268286152,14614.48
13086,2574,3215.39666206075,2869.025
13087,4268,4958.904990344645,4018.75
13088,1096,1817.4321785904604,1113.89
13089,11638,16179.920305743164,15269.5
13090,9057,9825.47158662744,9526.62
13091,5929,6100.307124969599,6190.11
13092,1016,727.9436720798335,991.94
13093,2668,3121.473923928448,3151.11
13094,10935,9552.925211968508,9288.54
13095,4496,4632.701885399828,4482.49
13096,3226,4152.877472398483,3020.46
13097,4681,4438.691258769322,4228.95
13098,1828,2532.298297810286,1939.94
13099,1170,479.3593842269602,1299.07
13100,3990,5262.00070207404,4696.13
13101,5102,5546.515185758377,5072.17
13102,1155,1925.5046193633048,1192.92
13103,882,468.61151722526483,893.69
13104,4116,4575.401959734554,4508.16
13105,867,1147.2037937867417,939.95
13106,3376,3179.5456923903953,2603.55
13107,561,298.77746566786936,587.47
13108,8629,8535.01765998339,9662.89
13109,552,950.2563778268182,508.44
13110,693,-19.895826782775657,709.97
13111,2883,2653.330746558571,3098.38
13112,11939,10859.3967169864,13058.97
13113,1451,2013.2218097395498,1661.08
13114,4455,7034.691740621269,5929.33
13115,5007,4883.418025565973,3860.1
13116,5164,5974.045623928665,4511.41
13117,2652,3467.0460731018284,3067.43
13118,1947,2553.241701352862,1674.56
13119,789,1130.606314068993,804.6
13120,1656,2107.4201889197875,1708.12
13121,486,187.78398242628782,603.22
13122,486,-295.93796186983764,494.81
13123,413,-843.8160748995688,551.57
13124,2184,2765.62524689051,2524.19
13125,1743,2243.5156322018083,1763.24
13126,1243,1868.039428213075,1149.78
13127,784,-832.8009754036102,768.0866666666666
13128,1872,2392.5126441966195,1869.6
13129,932,789.355757079009,887.11
13130,907,1036.447847488435,849.36
13131,1151,1879.2183534190099,1087.86
13132,8115,8916.740394249933,8028.34
13133,5986,6322.443059943487,5712.72
13134,1050,1469.9166383853026,1045.59
13135,816,1196.3647693904272,926.47
13136,4853,6374.965918747469,6262.5
13137,968,952.2200347389062,977.63
13138,558,-674.9307532261328,537.67
13139,10913,15713.35201424013,15570.83
13140,838,745.9389623684478,899.55
13141,1432,1485.2036396022545,1381.615
13142,2294,2305.202838148177,2260.5533333333333
13143,1637,2042.0407331884435,1720.74
13144,6620,6859.77727803488,6100.61
13145,6263,6138.837969345093,6377.7
13146,576,-602.3325855459188,577.83
13147,7480,8332.261492887767,7732.8
13148,1389,2309.182451572718,1278.68
13149,11508,10363.220133790008,11168.65
13150,2840,3641.703794198829,3047.87
13151,613,-3442.872776740928,918.54
13152,12121,15003.76612595649,13645.46
13153,882,295.30853727833664,819.24
13154,5657,5638.94719239097,5128.7
13155,2459,3636.728586342011,2759.25
13156,809,590.771004923517,862.43
13157,3713,4584.313528561883,4244.47
13158,1059,587.5044863826433,1195.66
13159,5638,5516.551394964461,5391.73
13160,3615,3494.3031252679993,3009.92
13161,1785,1816.627370875895,1548.85
13162,5690,6821.552725526067,5923.06
13163,10428,10739.194652628015,10156.57
13164,702,465.7050062149565,825.21
13165,1013,1094.1231165279282,901.25
13166,9516,10148.938572679286,8855.21
13167,1075,356.8483621944961,1103.3
13168,906,809.3544093792325,829.66
13169,3710,4764.874054072703,3534.49
13170,612,-360.14185061922217,633.72
13171,589,361.4405557830869,619.9
13172,3640,4368.664669114174,3953.62
13173,1857,2487.6466050749427,1862.73
13174,1186,486.914653614449,1237.04
13175,12048,13070.67358822009,12518.6875
13176,2122,2181.617536759184,2432.87
13177,919,-109.29688003084038,791.99
13178,2022,693.1999063038397,2273.55
13179,3989,4521.736111989541,4353.62
13180,1948,2825.5000861828007,1666.14
13181,4586,4928.32268671571,4773.07
13182,461,94.44336400927568,419.66
13183,5189,6201.552737546917,5385.78
13184,10888,8796.601213415735,11160.585
13185,1667,2189.363877859183,1721.93
13186,516,155.18488410025566,603.75
13187,4416,6015.62254255902,5689.52
13188,5783,7151.757180065,6176.29
13189,765,381.04305412932536,712.2
13190,988,1405.4800131989305,918.47
13191,590,-657.2526604734376,640.224
13192,4201,4567.936508726245,4592.27
13193,1715,2458.0318298851116,1753.19
13194,1176,1445.656311417889,1068.63
13195,3759,4128.901526546311,3594.79
13196,5802,6648.144496141302,5803.74
13197,2780,3894.5637705639238,3031.87
13198,4672,4836.388615352227,4404.44
13199,6192,7097.353065781704,5932.8
13200,3096,3748.3699033578414,3895.82
13201,7056,6571.057767421894,7677.28
13202,2536,3489.7850962032685,2753.08
13203,692,1017.6253568785933,829.17
13204,2177,1824.286119812627,2062.29
13205,13597,8861.386540216366,11951.22
13206,5319,5295.963135595372,5153.7
13207,6672,6446.495119681554,6856.86
13208,18509,14938.355689977177,16869.59
13209,4354,4227.043795689457,4454.641333333334
13210,840,-43.53984971229602,848.05
13211,2774,3342.175904823553,2597.56
13212,2189,3068.828339197791,2291.23
13213,684,126.67366119927829,745.19
13214,2147,2876.244233015174,2168.23
13215,1013,-2204.2792985881406,668.27
13216,1037,66.79048711279484,1161.3
13217,4078,4154.053163573406,4257.59
13218,9193,9480.365545612885,8872.33
13219,1295,2068.804243823888,1351.6375
13220,594,-615.9777027425598,601.69
13221,4498,4852.741294070769,4915.78
13222,2974,3656.018999192554,2579.32
13223,1660,1826.503475805618,1540.77
13224,4712,5268.426083439454,4811.68
13225,5027,5474.350811923816,5238.69
13226,2833,3563.049665882217,2684.04
13227,1844,2357.1597608114207,1945.04
13228,1232,424.50125463153836,1162.79
13229,2683,1734.1094078862998,2937.41
13230,1044,1610.6822164973573,1064.28
13231,827,282.2812664640551,690.39
13232,8850,7559.584837691005,9250.4
13233,574,-412.23151159551253,587.77
13234,10093,10316.594240380797,10072.68
13235,4661,5396.799567966722,4655.81
13236,11848,10038.969741002065,12163.56
13237,900,729.9245600265294,835.45
13238,947,1635.1649710493293,1033.76
13239,4101,3653.627830708474,4357.68
13240,776,625.9710200827085,707.37
13241,685,428.67200350027724,725.07
13242,875,1400.7880199239826,928.47
13243,7635,7045.470704359653,7357.19
13244,5259,5799.930304967413,5422.273333333333
13245,659,-1011.5973116496489,703.755
13246,3965,3839.483077138183,3549.71
13247,5119,5551.772626024452,5100.61
13248,2505,2924.270470326415,2430.0
13249,485,345.0886865172797,499.13
13250,533,-56.16937429769678,591.35
13251,2956,3749.7612737359395,2933.4
13252,2192,2230.532059438036,1935.87
13253,600,605.6382420729242,551.89
13254,1031,154.67735127967626,1166.145
13255,3172,3912.037729730276,2977.93
13256,10618,10663.341123059268,9951.37
13257,2347,2528.5131780259217,2459.55
13258,621,903.8645449887881,706.15
13259,8036,8494.205261171839,9178.46
13260,4788,5540.484519310963,5310.89
13261,7885,6757.90462958445,8058.4075
13262,5005,5983.119202990289,4848.77
13263,7503,7849.823336014918,7087.7733333333335
13264,1746,1908.780244001764,1681.89
13265,2202,3133.600712959118,2427.14
13266,579,210.5777540852746,643.19
13267,1684,2024.5759214747368,1817.94
13268,854,834.7527693162192,822.94
13269,1656,1990.170184949251,1637.83
13270,6499,6148.578444824495,6427.53
13271,3037,3180.8225537907942,2698.74
13272,1316,1262.7493308479097,1351.4
13273,3270,3463.343177461509,2909.56
13274,2968,3951.09426001019,3921.73
13275,1351,1307.9793012288142,1566.71
13276,2693,3236.511638909335,2742.54
13277,1261,1133.5641066052826,1294.78
13278,8663,11005.017041399413,10012.64
13279,450,-813.4060015175819,458.08
13280,10844,8937.347812261374,10260.46
13281,671,953.1409310587678,786.6
13282,10519,9540.820721019063,10042.44
13283,2920,3980.968291803127,3096.02
13284,17452,18013.475501268455,15631.24
13285,1084,1836.7423647995638,1097.51
13286,5932,7151.426014596495,5710.5
13287,1615,1802.0545403977412,1520.2
13288,3965,3480.067652406765,5643.07
13289,5398,5527.131118804731,4874.235
13290,4211,4769.072485052153,4226.43
13291,4901,4515.597634040805,4281.48
13292,6661,7226.217982962282,6780.3
13293,720,-33.33689640193552,687.17
13294,6046,6968.24531373533,6479.23
13295,3445,3431.806227099687,3436.82
13296,1722,2114.74580596767,1697.96
13297,3248,4323.872296266851,3048.25
13298,9967,7670.671064130779,8634.14
13299,7644,11381.936754890656,11525.63
13300,4771,6150.546722703438,5449.214
13301,716,279.2345524080629,813.76
13302,3318,3608.464528979811,3439.07
13303,10314,7468.479177389078,10153.18
13304,1875,2775.3295475930345,2174.42
13305,3173,3122.1274469565938,2751.49
13306,740,-919.7932679803071,995.7
13307,754,156.60544301253594,884.5
13308,3219,3919.474192290244,3028.51
13309,3107,3359.743306042066,3535.81
13310,2817,3010.106704233957,2762.39
13311,4277,4665.114453516732,4136.3
13312,9572,10309.792725716152,10479.18
13313,2185,2397.8853648711543,2308.63
13314,5918,5947.173966336008,5855.63
13315,3924,4521.200724401024,3762.29
13316,1689,2123.55781094922,1715.2
13317,2623,3236.6357776730556,2604.09
13318,7213,7237.105123625475,6031.33
13319,3502,3367.345122565386,2805.45
13320,11503,8992.769155711645,11053.67
13321,572,-541.4093539345777,605.9
13322,4414,4625.337565813758,4432.705
13323,1549,2080.7564601074637,1615.62
13324,1138,779.8850193178869,1230.06
13325,3167,3100.2362236139024,2968.78
13326,2792,3709.6546040292988,2888.86
13327,1174,563.0493063569079,1200.2
13328,1608,2449.914532272035,1741.62
13329,4912,5650.695599990215,5253.37
13330,4155,4327.509285527627,3937.736666666666
13331,5088,6375.622798182832,5608.14
13332,6816,6403.052665697725,6561.71
13333,1033,1059.0462937227048,835.36
13334,638,-359.3974433055664,703.23
13335,596,-862.6412799900463,660.44
13336,1822,2361.5868424110645,1765.2216666666668
13337,6303,5324.092956986599,8681.59
13338,4077,5553.8124440654,4894.46
13339,2230,2915.264945531921,2289.56
13340,12394,11291.859407386364,11668.67
13341,593,-346.7705303373514,573.5
13342,2084,2465.697989596212,1969.46
13343,803,1274.0589208946076,829.86
13344,10769,10594.851894364936,11213.25
13345,1268,1285.3282876443463,1343.65
13346,7085,7704.96003727181,7775.72
13347,14542,11142.150012840091,13981.46
13348,5292,5243.960751708296,4864.93
13349,3945,4586.3447489936225,4331.82
13350,777,1141.1478014489167,796.13
13351,3238,4095.291818948579,3472.15
13352,3371,3665.8904589337667,3249.29
13353,10107,11027.052605016685,10476.29
13354,1980,3034.1165762182613,2531.03
13355,4373,4795.709404499441,4258.65
13356,799,1128.073233704797,650.87
13357,6719,6516.993812196762,7177.77
13358,3464,2576.5046287310633,3222.4
13359,12140,13089.32385308443,12459.468
13360,653,807.4293804226872,675.49
13361,3297,3871.6155676317876,3414.55
13362,1120,1805.3072933930034,1124.88
13363,5975,7183.488012291951,7517.59
13364,1576,2225.556055504275,1762.41
13365,498,665.922650854402,533.43
13366,799,1039.9941355708038,702.14
13367,3247,3083.4686171766716,2455.32
13368,2931,3601.0857550659534,2873.92
13369,1607,1996.8986487477805,1595.03
13370,4626,4774.627075836247,4204.9366666666665
13371,7115,7024.691171326136,7430.2
13372,683,-210.50810985877524,729.34
13373,7168,6838.364132127951,6962.5
13374,707,1127.2014735494008,743.39
13375,12378,11365.45018757394,12128.15
13376,5051,4251.368145187476,4078.13
13377,5599,5654.08148644624,5320.03
13378,4709,4998.075421653444,4929.45
13379,919,-151.6760308543794,862.6
13380,752,1112.3177800762683,875.83
13381,12905,8980.940616675827,10670.855
13382,5285,6256.183735478956,5704.71
13383,2736,3343.549858065112,2768.99
13384,471,-241.49233378739336,541.6
13385,4801,4787.378770015841,4578.08
13386,1181,1660.848345821441,995.92
13387,544,-124.30098956269285,590.29
13388,571,228.6531308777994,559.7
13389,644,561.5292469257956,684.34
13390,872,635.8951309459744,858.79
13391,12458,14855.347117964482,13133.8175
13392,14935,15024.731233821089,16870.12
13393,1338,1261.6889193443021,1414.72
13394,2803,3909.2486944667808,3081.2
13395,6487,7392.934936133157,7005.04
13396,14638,14741.15541147535,15395.66
13397,6564,7341.530117420517,6147.21
13398,802,521.591905815967,799.11
13399,13615,15506.138873880534,16342.47
13400,1683,1788.3149708239225,1647.42
13401,6213,6495.549899095597,6352.224
13402,9833,9251.727527315226,9268.24
13403,2664,3091.312504185768,2568.28
13404,1006,46.46878503716698,1155.64
13405,3660,3821.622216272125,3459.5
13406,7955,6973.605288002931,7621.93
13407,1808,66.87575237152942,2470.64
13408,1187,2056.2071020112858,1183.79
13409,1374,1672.619393287377,1513.25
13410,15255,14149.924970481881,15245.76
13411,972,-509.5255704180054,995.655
13412,6194,9960.992185725681,9328.46
13413,5447,5805.96456810426,5463.86
13414,447,-1256.436914177928,537.08
13415,773,710.78810864358,889.72
13416,526,878.4455273245517,557.89
13417,1014,1636.1330531184194,1130.5
13418,642,1276.041832017704,615.03
13419,4624,3484.0219843166424,4166.95
13420,4488,5310.609888256562,4405.0
13421,1297,1497.57187113488,1491.25
13422,9294,6695.323866232752,8064.4225
13423,8712,9399.286952074215,8989.725
13424,4295,4764.347026977707,3880.55
13425,1819,2219.012275059051,1723.41
13426,4872,5334.336167571825,4781.43
13427,544,209.85560142815575,587.75
13428,4620,5056.966485128388,8376.95
13429,5549,5730.851297142834,5321.42
13430,5285,5825.874546056565,5202.45
13431,9236,8549.93063528791,9788.17
13432,5606,6684.254244789127,5731.25
13433,11435,10180.517916592642,11151.09
13434,979,1320.8842174778983,883.02
13435,1171,1883.942474477944,913.97
13436,7168,6259.01515420397,5554.74
13437,912,1128.5164200628078,915.19
13438,4004,4558.211198886618,4176.48
13439,640,-14.683130318604526,535.9233333333334
13440,5521,7085.32827195158,5904.81
13441,7358,8347.200923484736,7371.49
13442,12615,14198.856202442863,13690.08
13443,3676,4194.995194474291,4055.41
13444,848,1500.8962940769761,921.8
13445,8064,8125.20695945891,8574.78
13446,4788,5589.37012482381,4830.8425
13447,6096,5768.47685779317,10023.82
13448,8074,8578.255174859503,8174.236
13449,1080,1703.5432015389997,953.77
13450,954,1494.3379584016348,916.4
13451,1957,2394.293338663926,1849.61
13452,789,1271.7738723544403,840.7
13453,1678,1810.7349212017184,1624.9
13454,16896,14907.963229794494,16024.26
13455,4630,5296.445843770052,4360.48
13456,5071,5389.747774684683,5005.613333333333
13457,3647,4547.135429179053,3508.66
13458,1429,1527.507837378174,1473.25
13459,13687,13760.104814984039,13495.413333333336
13460,5455,5588.963509348451,5042.695
13461,854,545.3248950560292,823.86
13462,7123,7178.114382563003,6544.88
13463,2873,2602.837418543852,3055.74
13464,5606,5864.781844036419,5740.51
13465,9225,10622.55671115077,8741.22
13466,2934,2394.19841572741,2434.84
13467,6543,8742.790882715231,9505.91
13468,4637,5690.548891554379,5049.46
13469,1157,417.251595468269,1102.53
13470,7640,8846.13735452072,8144.67
13471,432,-1087.7679181129752,449.02
13472,648,-364.8522311794404,665.25
13473,8911,9186.82898832137,8879.0
13474,2735,3353.6047928352837,2590.33
13475,6517,7084.95165251223,6175.24
13476,4958,5625.646462547274,5176.91
13477,4980,6155.17915829265,8405.61
13478,3109,4217.960691551382,3438.135
13479,367,-55.18430776290279,389.94
13480,12798,12962.620508392289,12528.97
13481,3357,4151.468677907047,3015.19
13482,14334,10885.397180657274,13993.44
13483,3141,1239.434840134762,3509.62
13484,702,688.8185827101897,744.2094999999999
